--
-- PostgreSQL database dump
--

-- Dumped from database version 10.10 (Ubuntu 10.10-0ubuntu0.18.04.1)
-- Dumped by pg_dump version 10.10 (Ubuntu 10.10-0ubuntu0.18.04.1)

SET statement_timeout = 0;
SET lock_timeout = 0;
SET idle_in_transaction_session_timeout = 0;
SET client_encoding = 'UTF8';
SET standard_conforming_strings = on;
SELECT pg_catalog.set_config('search_path', '', false);
SET check_function_bodies = false;
SET xmloption = content;
SET client_min_messages = warning;
SET row_security = off;

--
-- Name: plpgsql; Type: EXTENSION; Schema: -; Owner: 
--

CREATE EXTENSION IF NOT EXISTS plpgsql WITH SCHEMA pg_catalog;


--
-- Name: EXTENSION plpgsql; Type: COMMENT; Schema: -; Owner: 
--

COMMENT ON EXTENSION plpgsql IS 'PL/pgSQL procedural language';


SET default_tablespace = '';

SET default_with_oids = false;

--
-- Name: contest; Type: TABLE; Schema: public; Owner: nandeesh
--

CREATE TABLE public.contest (
    code character varying(20) NOT NULL,
    done integer DEFAULT 0 NOT NULL
);


ALTER TABLE public.contest OWNER TO nandeesh;

--
-- Name: contest_old; Type: TABLE; Schema: public; Owner: nandeesh
--

CREATE TABLE public.contest_old (
    code character varying(20),
    done integer
);


ALTER TABLE public.contest_old OWNER TO nandeesh;

--
-- Name: problem; Type: TABLE; Schema: public; Owner: nandeesh
--

CREATE TABLE public.problem (
    code character varying(30) NOT NULL,
    contest character varying(20) DEFAULT 'x'::character varying NOT NULL,
    done integer DEFAULT 0 NOT NULL
);


ALTER TABLE public.problem OWNER TO nandeesh;

--
-- Name: problem_old; Type: TABLE; Schema: public; Owner: nandeesh
--

CREATE TABLE public.problem_old (
    code character varying(30),
    contest character varying(20)
);


ALTER TABLE public.problem_old OWNER TO nandeesh;

--
-- Data for Name: contest; Type: TABLE DATA; Schema: public; Owner: nandeesh
--

COPY public.contest (code, done) FROM stdin;
ACJQ2017	0
ACM15AMR	0
ALKH11	0
ALKH2012	0
ALPH2016	0
APRIL19B	0
APRIL20A	0
AARA2018	0
AUG18A	0
AUG19	0
BLIT2020	0
BTCD2013	0
BTCJ2015	0
BYTS2013	0
CCCO2017	0
CDEZILLA	0
CDHU2015	0
CDOL2013	0
CDSM2014	0
BYTR2017	0
CCWR2016	0
CDGO2016	0
MARCH20B	0
MAY11	0
MAY12	0
MAY13	0
MAY14	0
MAY15	0
MAY17	0
MAY18	0
MAY18A	0
MAY18B	0
MAY19	0
MAY19A	0
MAY19B	0
CDJA2016	0
CDMR2014	0
CDSP2016	0
CDTN2016	0
CDVA17	0
CDVT2016	0
CFSA2020	0
CHN16MOS	0
COLE2020	0
COLG2017	0
COMA2017	0
COOK117B	0
COOK119B	0
COOK121A	0
COOK45	0
COOK70	0
COOK71	0
COOK72	0
COOK73	0
COOK74	0
COOK75	0
COOK76	0
COOK77	0
COOK78	0
COOK79	0
COOK80	0
COOK81	0
COSE2017	0
COSU2017	0
COWS2016	0
COZI2017	0
CRES2017	0
CYPH2016	0
DEAD2017	0
DEC16	0
DECA2017	0
COOK62	0
COOK63	0
COOK64	0
COOK65	0
COOK69	0
CORE2020	0
CORS2020	0
CORU2015	0
COSE2015	0
COSH2015	0
COSQ2020	0
COTS2020	0
COWA2016	0
COWO1601	0
CUBE2020	0
CWAR2015	0
DCC2020	0
DEC12	0
DEC15	0
DECA2016	0
DECO2020	0
DIBZ2016	0
DMNT2016	0
DSPF2013	0
ENFE2020	0
EXBT2013	0
FEB13	0
FEB16	0
GGWC2015	0
GHC32020	0
HECS2020	0
HOCO2015	0
ICM2020	0
IGCD2015	0
INSQ2015	0
INTO2015	0
INTW2020	0
IPC15P1A	0
IPC15P1B	0
IPC15P1C	0
IPC15P2A	0
IPC15P2B	0
IPC15P2C	0
JAN13	0
JULY15	0
JUNE15	0
KJCC2015	0
KJCS16	0
KOAT2015	0
KOKT2015	0
KOL15MOS	0
KOL15ROL	0
KQ222020	0
ALMA2015	0
AMR14ROL	0
AMR14ROS	0
APRIL16	0
ARHN1502	0
ASNE2016	0
AUG20A	0
AUG20B	0
BING2020	0
BION2015	0
BITC2016	0
BUDE2016	0
BYCO2016	0
CBCP2020	0
CDAV2014	0
CDCR2015	0
CDCRF15R	0
ACMAMR14	0
ACMIND16	0
ACMKAN14	0
ACMKGP13	0
ACMKGP14	0
AGOF2017	0
AICL2014	0
LEED2020	0
LGCD2013	0
LICO2020	0
LMDPLA10	0
LMDPLA11	0
LOCAPR16	0
LOCAPR18	0
LOCAUG16	0
LOCAUG17	0
LOCFEB16	0
LOCJUL16	0
LOCJUL17	0
LOCJUL18	0
LOCJUN17	0
LOCJUN18	0
LOCMAR16	0
PLCO2018	0
PLIN2020	0
PLIT2020	0
POLP2019	0
PRCN2013	0
PRCNJR15	0
PRCNSR14	0
PRDM2012	0
PRDN2015	0
PRFT2012	0
PRMT2014	0
PROC2017	0
PROC2018	0
LOCMAY17	0
CDFXOQ16	0
CDGF2016	0
CDMS2014	0
CDMU2015	0
CDST2016	0
CDSU2015	0
CDTR2015	0
CDVA2015	0
CDWA2016	0
CDWR1501	0
CDWR2016	0
CDZP2014	0
CENS2020	0
CFUS2020	0
CJQK2020	0
CLDB2016	0
COBL2016	0
COCL2016	0
COCR2016	0
COCU2016	0
CODC2015	0
COFI2016	0
COFW2020	0
COFY2020	0
COMA2016	0
COMA2020	0
COMN2016	0
MAY20	0
MAY20A	0
MAY20B	0
MCOD2020	0
MDSW2015	0
MITC2018	0
MMFO2018	0
MOPC2018	0
MOSCWJ19	0
MTHX2015	0
MTRX2014	0
MYL2020	0
NACA2019	0
NCC2014	0
NCC2015	0
NCC2016	0
NCC2018	0
COMT2020	0
COMX2020	0
CONI2015	0
COOK114	0
COOK114A	0
COOK114B	0
COOK120	0
COOK120B	0
COOK121	0
COOK121B	0
COOK122	0
COOK122A	0
RUBIXDEN	0
RVRS2020	0
SAPC2019	0
SATA2019	0
SCAT2020	0
SCC42020	0
SCGO2020	0
SD15ELOP	0
SD15FLMR	0
SDCO2020	0
SEP12	0
SEPT11	0
SEPT13	0
SEPT14	0
SEPT15	0
SEPT17	0
SEPT18	0
SEPT18A	0
SEPT18B	0
SEPT19	0
SEPT19A	0
SEPT19B	0
SEPT20	0
SEPT20B	0
SGHC2018	0
SGHC2019	0
SHPC2019	0
SHSTRA14	0
SICJ2017	0
SIMPLX15	0
SITC2020	0
SMCS2015	0
SMHT2014	0
SMTC2020	0
SNCK151A	0
SNCK151B	0
SNCK151C	0
SNCK15EL	0
SNCK15FL	0
SNCK1A19	0
SNCK1B19	0
SNCKEL17	0
SNCKEL19	0
SNCKFL17	0
SNCKPA17	0
SNCKPB16	0
SNCKPB17	0
SNCKPE19	0
SNCKQL17	0
SNCKQL19	0
SNEL17RP	0
SNFL17MR	0
SOPC1602	0
SOPC2011	0
WNTR2020	0
WPC1401	0
WPC1501	0
XCEP2014	0
XCPT2015	0
XECUTE	0
ZCOSC19	0
ZERO1	0
ZING2020	0
ZLC2018	0
COFJ2020	0
COFO2019	0
COH12020	0
COHA2019	0
COMB2018	0
COME2019	0
CONE2018	0
COOK101A	0
COOK101B	0
COOK102	0
COOK102A	0
COOK102B	0
COOK105	0
COOK105A	0
COOK105B	0
COOK106	0
COOK106A	0
COOK107A	0
COOK107B	0
COOK108A	0
COOK108B	0
COOK109	0
COOK109A	0
COOK109B	0
COOK110	0
COOK110A	0
COOK110B	0
COOK111A	0
COOK111B	0
COOK117	0
COOK118	0
COOK118A	0
COOK118B	0
COOK119	0
COOK119A	0
COON2019	0
PROCON15	0
PROJ2017	0
PROM2013	0
PRST2013	0
PRVG2014	0
PRVG2015	0
PRWR2018	0
PRYS2015	0
PSCD2015	0
COOK111	0
COOK120A	0
COOK19	0
COOK30	0
COOK38	0
COOK44	0
COOK55	0
COOK56	0
COPT2020	0
COTH2020	0
COW42020	0
COX2019	0
COZI2019	0
CROS2020	0
CWCR2019	0
CYAU2019	0
DARG2019	0
DEC18	0
DEC18A	0
DEMA2019	0
DRI22019	0
ENAU2019	0
CCWC2018	0
CDX2018	0
CEM2018	0
CFUN2020	0
CFW32020	0
CGRL2020	0
CGSC2018	0
CHLG2020	0
CHN15MRP	0
CIU2018	0
CMEL2018	0
COAT2018	0
COCE2018	0
CODO2018	0
COF2020	0
COG2018	0
COHR2018	0
COIE2018	0
COLF2018	0
COME2018	0
CONI2018	0
COOK100	0
COOK100A	0
COOK123	0
COOK123A	0
COOK123B	0
COOK92	0
COOK92A	0
COOK92B	0
COOK95	0
COOK95A	0
COOK96	0
COOK96A	0
COOK97	0
COOK97A	0
COOK97B	0
COOK98	0
COOK98A	0
COOK98B	0
COOK99	0
SIC2016	0
SMPX2016	0
SNCKEL16	0
SNCKPA16	0
SNCKQL16	0
DEME2018	0
DTMA2015	0
ECPG2020	0
EQBR2014	0
FEB11	0
SNFL16MR	0
SNPB16RP	0
SOPC2016	0
SSC2016	0
TROK2014	0
TSTIND16	0
UEMK2016	0
ALKH2016	0
ALRA2020	0
AMR15MOS	0
AMR15ROL	0
AMSC2015	0
APTT2015	0
AUG15	0
AUST2016	0
NEWB2020	0
SOPC2012	0
SOPC2015	0
SOPC2017	0
SOPC2018	0
SPCM2019	0
SPIT1503	0
COOK122B	0
COOK51	0
COOK52	0
COOK53	0
COOK54	0
COOK67	0
COOK68	0
COPR2016	0
COQU2014	0
COSS2020	0
COVO2020	0
COWH2016	0
COWR2020	0
COYA2016	0
CRNM2015	0
CSZLPR15	0
DCOD2015	0
DEAD2016	0
DEC14	0
DECI2016	0
DEM2020	0
DINP1501	0
DOEX2015	0
ENAU2020	0
ENJA2020	0
EVOT2020	0
EXCU2015	0
FEB15	0
FEB20	0
FEB20A	0
FEB20B	0
FFC32020	0
FLFI2016	0
FOLG2020	0
GRCO2015	0
HFCQ2016	0
HK362020	0
HOCO2020	0
ICL2015	0
ICPC14PR	0
INLO2016	0
INPR1501	0
INPR1502	0
INPR1503	0
ALKH2019	0
ABCC2020	0
ABCS2015	0
ABCS2016	0
AIOL2019	0
ALCM2019	0
BIGO2016	0
BYTE2016	0
CACD2020	0
CBEN2020	0
CCWC2015	0
CDBU2015	0
CDON2015	0
CDQU1601	0
CDVA16	0
CDWV2012	0
CDX2015	0
COOK99A	0
COOK99B	0
COOK66	0
COOK96B	0
ACD2019	0
CDWR2014	0
COW2018	0
COWC2018	0
COX22020	0
CRES2016	0
CSPR2020	0
CYAU2018	0
CYOC2018	0
CYSE2018	0
CZEN2020	0
DECI2020	0
DODE2018	0
ELE32018	0
ENAU2018	0
ENCO2018	0
ENCO2020	0
ENOC2018	0
ENSE2018	0
EXPP2018	0
FOOY2018	0
GACE2020	0
GEHA2018	0
GSMAR18	0
IC32016	0
ICOD2016	0
ICOP1901	0
ICOP1902	0
ICOP1903	0
IEMATICS	0
IEMCO6	0
INCC2018	0
INFY20	0
INFY20B	0
INQU2018	0
INSO2018	0
INSO2020	0
INTY2018	0
IOITC181	0
IOITC182	0
ISCC2018	0
ISTS2018	0
JOBE2018	0
JULY18A	0
JULY18B	0
KJCS2018	0
KJSC2018	0
KM122018	0
KOKO2018	0
KOPC2016	0
KQM52018	0
KQM92018	0
AM19MOS	0
AMR17ROL	0
APRIL15	0
APRIL20	0
APRIL20B	0
OCT16	0
PCR12020	0
PRCD1701	0
PROC1601	0
PROC2016	0
PROC2020	0
PWCE2017	0
QCDJ2016	0
LOCMAY18	0
LOCSEP17	0
LOGI2020	0
LSSC19TS	0
ALRA2019	0
AMR18ROL	0
APRIL19	0
APRIL19A	0
AUG19A	0
AUG19B	0
AVEN2019	0
B4EM2019	0
BIT22019	0
BIT32020	0
BUGC2020	0
CCWI2019	0
CDUT2019	0
CEEL2019	0
COCA2020	0
COCS2019	0
CODX2019	0
SPT2015	0
SRCO2020	0
SRMC2016	0
SSCC2020	0
STLEMATE	0
STR2020	0
STRT2020	0
SYNAPSE	0
TAWY2020	0
TCFL2020	0
TCFS15P	0
TCFS15S	0
TCFST13	0
TCHR1	0
TCM2019	0
TCQ2018	0
TCQ22018	0
TCSG2013	0
TCSN2012	0
TCSP2013	0
TCTR2012	0
TECA2019	0
TECHART	0
QTST2020	0
SEPT16	0
SEPT20A	0
AUG14	0
AVEN2018	0
BBYB2015	0
BCRR2018	0
BGS12020	0
BIGO2015	0
BLUP2018	0
BRCD2015	0
BTCH2020	0
BYCD2015	0
ABCS2017	0
ACMAMR12	0
ACMAMR15	0
ACMCHN15	0
ACMKAN12	0
ACMKG14R	0
ACMKGP12	0
ACMKOL15	0
ACMN2015	0
AGPR2020	0
AIPC2015	0
CFSN2015	0
CHN15ROL	0
COBA2016	0
CODE2015	0
CODEWARS	0
CODW2012	0
COFU2015	0
COG2020	0
COJA2016	0
COLE2016	0
COM12020	0
COMS1501	0
COOK115	0
COOK115A	0
COOK115B	0
COOK116	0
COOK116A	0
COOK116B	0
COOK27	0
COOK28	0
COOK29	0
COOK31	0
COOK34	0
COOK58	0
COOK59	0
COOK60	0
COOK61	0
LTIME34	0
LTIME48	0
LTIME49	0
LTIME50	0
LTIME51	0
LTIME52	0
LTIME53	0
LTIME54	0
LTIME55	0
LTIME56	0
LTIME57	0
LTIME58	0
LTIME58A	0
LTIME58B	0
LTIME59	0
LTIME59A	0
LTIME59B	0
LTIME60	0
KQM12020	0
ENCD2020	0
ENJU2020	0
ENOC2019	0
EOLC2019	0
EXPP2019	0
FFC12019	0
FFC22019	0
HALO2020	0
HCS12019	0
ICHN2019	0
ICOP1904	0
IEMCHEMY	0
INFY2019	0
INQU2019	0
INTL2019	0
FOPR2018	0
GOC2018	0
GOV32018	0
GWR18ROL	0
HEST2020	0
ICOP1801	0
IIITDS20	0
INCD2013	0
NCC2020	0
NCDFEB14	0
NCDRN13	0
NEPR2015	0
INFY20A	0
INVS2013	0
IOPC2011	0
IOPC2012	0
IOPC2013	0
IOPC2014	0
IOPC2016	0
IPC15P3A	0
IPC15P3B	0
IPC15P3C	0
ISPC2019	0
ITRA2016	0
ITRX2016	0
JAN11	0
JAN12	0
JAN14	0
JAN16	0
JAN19A	0
JAN20B	0
ISPC2018	0
JAN19	0
JAN19B	0
JCWR2019	0
JULY19	0
JULY19A	0
JULY19B	0
LTIME01	0
EXCO1701	0
FEB17	0
LTIME60A	0
LTIME60B	0
LTIME61	0
LTIME61A	0
TESS2018	0
TETO2017	0
TEWE2020	0
TGPA11	0
TJCN2019	0
TMHA2020	0
TRNT2014	0
TSCO2017	0
TSTAM15	0
TSTAMR14	0
TSTAMR15	0
TSTKAN14	0
TSTKGP14	0
TTO2019	0
TUXO2014	0
UAGE2019	0
UCOD2020	0
UCS2018	0
UEM2018	0
UEM22019	0
UEMC2017	0
UEMCO19	0
UPGD2020	0
UVCNCD13	0
UWCOI20	0
WBY1601	0
WBY2016	0
COMN2015	0
COOK08	0
COOK100B	0
COOK101	0
COOK106B	0
COOK108	0
LTIME80	0
LTIME80A	0
LTIME80B	0
LTIME81	0
LTIME81A	0
LTIME81B	0
LTIME82	0
LTIME82A	0
LTIME82B	0
LTIME83	0
LTIME83A	0
LTIME83B	0
LTIME84	0
LTIME84B	0
LTIME85	0
LTIME85A	0
LTIME85B	0
LTIME86	0
LTIME86A	0
LTIME86B	0
LTIME87	0
BYTC2018	0
CAC2018	0
CBEN2018	0
CCBE2015	0
CCOD2020	0
CCU2018	0
CDBR2015	0
CDER2015	0
CDGO2015	0
CDME2015	0
GMCO2016	0
GOGL2016	0
GSTS1601	0
GSTS2016	0
ICL2016	0
ICL2017	0
IEMCO16	0
IEMCO17	0
IFCAMR16	0
INF16MOS	0
INSQ2016	0
IOPC2017	0
IPC15AMR	0
IPC15BMR	0
IPC15CMR	0
IPC15FLA	0
IPC15FLB	0
IPC15FLC	0
JAN17	0
JULY16	0
JUNE16	0
JUNE20	0
KGP13ACM	0
KGP16MOS	0
KJSC17	0
KOL16MOS	0
KQPM2017	0
LOCAPR17	0
LOCJUN16	0
LOCMAY16	0
LTC2017	0
LTIME13	0
LTIME35	0
LTIME36	0
LTIME37	0
LTIME38	0
LTIME39	0
LTIME40	0
LTIME41	0
LTIME42	0
LTIME43	0
LTIME44	0
LTIME45	0
LTIME46	0
LTIME47	0
LTIME84A	0
LTIME88A	0
MARCH17	0
MAY16	0
NCC2017	0
NCL2017	0
NOV16	0
NPLQ1601	0
NPLQ1602	0
JULY20A	0
CDMN2015	0
CDOT2015	0
CDPH2015	0
CDQT2015	0
CDSH2015	0
CDSK2015	0
CDST2014	0
CDTR1502	0
CDTR2014	0
CEFT2020	0
CHPTRS01	0
CLASH14	0
CLCO2015	0
CMA22018	0
COBT2019	0
COCO2018	0
COCR2015	0
COCU2018	0
CODR2018	0
COLE2018	0
COM2018	0
COMA2015	0
COOK113	0
COOK113A	0
COOK113B	0
COOK117A	0
COOK48	0
COOK49	0
COOK50	0
COOK57	0
COOK91	0
COOK93	0
COOK93A	0
COOK93B	0
COOK94	0
COOK94A	0
COOK94B	0
COOK95B	0
CORP2018	0
COTG2015	0
COUT2018	0
COVDHACK	0
COX2018	0
CXII2018	0
CY302020	0
DAVC2018	0
DBYZ15	0
DCL1501	0
DEAD2018	0
DMNT2015	0
DTCT2015	0
DWWU2019	0
ENCI2018	0
EXCT2015	0
EXTE2015	0
FBFRW15	0
FSCC2018	0
FULU2020	0
GOC2015	0
GOCD2015	0
GOOG2015	0
GSF2018	0
GW19MOS	0
HACF2018	0
HUMP15R	0
ICL2018	0
IEM82020	0
IEMCO5	0
IGNU2015	0
INLO2015	0
JUNE19	0
JUNE19A	0
JUNE19B	0
JUNE20A	0
KGP18ROL	0
KJCS2019	0
KJSC2019	0
KM252020	0
KOKO2019	0
KOL18ROL	0
KPM22019	0
KPM32019	0
KQ132018	0
ALKH2018	0
ALQU2018	0
APO12020	0
APRIL18	0
APRIL18A	0
APRIL18B	0
AUG18	0
AUG18B	0
BIBA2018	0
BLAS2020	0
BUGE2018	0
BUGF2018	0
CAH1801	0
CCLC2018	0
KQM2020	0
KQM62018	0
KQM6518	0
KQM82018	0
KQMG2019	0
KQPM2015	0
KQPM2016	0
KRKS2015	0
KRPM2019	0
KTBC2015	0
KZEN2020	0
LDT42020	0
CORD2019	0
COSE2019	0
COST2015	0
COWA1601	0
CRNM2013	0
CSEP2020	0
DCOD2017	0
DEC13	0
DEC18B	0
PSYC2015	0
PWCR2019	0
QBIT15	0
QFUN2020	0
QM162019	0
QM172019	0
QM182019	0
QM192020	0
QM202020	0
QM212020	0
QM242020	0
QTCC2020	0
QUCO2014	0
QUCO2018	0
RC122020	0
RCSN2015	0
REC2016	0
REC92019	0
RECJ1601	0
REER2020	0
RGEAR	0
RUBIX11	0
ALGR2017	0
ALKH2017	0
AMR16MOS	0
APRIL17	0
AUG16	0
AUG20	0
BBPSHACK	0
BITF2016	0
BYCO2017	0
INSM2014	0
IOPC2015	0
JAN20	0
JAN20A	0
JLUG2020	0
JULY14	0
JUNE18	0
ALMA2019	0
ANDR2012	0
APRIL12	0
AUG12	0
AUG17	0
BCF12019	0
BCR12019	0
BION2019	0
BITF2017	0
BITM2017	0
BOB22019	0
BTCD2012	0
BUGE2017	0
CCRU2019	0
CDOL2012	0
CEIN2019	0
CHN17ROL	0
CLCW2017	0
CNES2017	0
CNMP2019	0
COD2017	0
CODG2017	0
CODH2018	0
CODS2018	0
CODW2018	0
COEN2019	0
COGA2017	0
COGE2017	0
COIS2017	0
COOK104	0
COOK104A	0
COOK104B	0
COOK107	0
COOK112	0
COOK112A	0
COOK112B	0
COOK20	0
COOK21	0
COOK22	0
COOK23	0
COOK24	0
COOK25	0
COOK26	0
COOK82	0
COOK83	0
COOK84	0
COOK85	0
COOK86	0
COOK87	0
COOK88	0
COOK89	0
COOK90	0
COOW2019	0
CORU2019	0
COYH2017	0
CPN12019	0
CTLH2018	0
CW2018	0
CWF2018	0
CYNO2019	0
CZIL2017	0
DCOD19A	0
DCOD19B	0
DCOD2019	0
DEC17	0
DEC19	0
DEC19A	0
DEC19B	0
DEER2019	0
DEFI2019	0
ENMA2019	0
EPNY2012	0
FEB18	0
FOYO2019	0
GHC22019	0
GKAH1701	0
GKAH1901	0
GSJAN18	0
GWR17ROL	0
ICCT2017	0
ICDE2012	0
ICL2019	0
ADYN2012	0
AFZQ2019	0
AGTK2012	0
IEMCO4	0
IEMCO7	0
IEMCO8	0
INQU2017	0
ISCC2017	0
JAN18	0
JULY12	0
JULY17	0
JUNE12	0
JUNE17	0
KGP17ROL	0
KH19MOS	0
KICW2017	0
KJCS17	0
ALGT2013	0
ALKH10	0
ALKH2013	0
AMRITA11	0
ANWS2012	0
APRIL11	0
APRIL13	0
APRIL14	0
AUG11	0
AUG13	0
AVISHKAR	0
BTBT2014	0
BTCD2014	0
BTFR2013	0
BYTCDE11	0
CDCL2013	0
CDCN2014	0
CDCRFT14	0
CDCRNC13	0
CDCRNT14	0
CDCS2014	0
CDCZ2013	0
CDGF2013	0
CDGR2014	0
CDIT2014	0
CDLV2014	0
COOK43	0
COOK46	0
COOK47	0
COZL2012	0
CRNM2012	0
CRNM2014	0
CRPT2013	0
DBYZ2013	0
DBYZ2014	0
DEC10	0
DEC11	0
DIALECT	0
DMNT2012	0
DMNT2014	0
DREAMSPK	0
DSEC2013	0
DSPATNA	0
DSPCXI	0
ENCD2012	0
ENCODED	0
ENCODER	0
FEB12	0
FEB14	0
GOC2014	0
HCKATHON	0
IGNS2012	0
IGNS2014	0
INSCRP13	0
INSM2013	0
INST2013	0
ENC2010	0
ENFE2019	0
ENJA2019	0
FEB10	0
FEB19	0
FEB19A	0
FEB19B	0
FICP2019	0
ICODER10	0
INAL2019	0
INEK2019	0
INS09	0
INSOM1	0
INSOM2	0
INSOMNIA	0
JAN10	0
JULY09	0
JULY10	0
JUNE09	0
JUNE10	0
KNCO209	0
LTIME68	0
LTIME68A	0
LTIME68B	0
LTIME69	0
LTIME69A	0
LTIME69B	0
MANTH10	0
MARCH09	0
MARCH10	0
MAY09	0
MAY10	0
MAYGAMER	0
MINDB10	0
NCC2019	0
LTIME61B	0
LTIME62	0
LTIME62A	0
LTIME62B	0
LTIME63	0
LTIME63A	0
LTIME63B	0
LTIME64	0
LTIME64A	0
LTIME64B	0
LTIME65	0
LTIME65A	0
LTIME65B	0
LTIME66	0
LTIME66A	0
LTIME66B	0
LTIME67	0
LTIME67A	0
LTIME67B	0
LTIME70	0
LTIME70A	0
LTIME70B	0
LTIME71	0
LTIME71A	0
LTIME71B	0
NOV09	0
NSIT091	0
OCT09	0
OCT10	0
ONIG2019	0
OZTA2019	0
PLUM2019	0
QCJAM10	0
QUCJ2019	0
RESNKDWN	0
RESNKTST	0
RUBIX10	0
SACO2019	0
SEP09	0
SEPT10	0
SNACKDWN	0
SNACKTST	0
SNFL19MR	0
SNONLINE	0
SNONSITE	0
TBS101	0
TBS102	0
TGPA10	0
TNPC2019	0
TV10CAT1	0
TV10CAT2	0
TV10CAT3	0
TZTEST	0
UICC2019	0
WCS2019	0
AABH2020	0
ACMKAN10	0
ACMKAN11	0
ACMKAN13	0
ACMTRIAL	0
ALGO2012	0
ABCS2014	0
ABYN2015	0
LTIME02	0
LTIME03	0
LTIME04	0
LTIME05	0
LTIME06	0
LTIME07	0
LTIME08	0
LTIME09	0
LTIME10	0
LTIME11	0
LTIME12	0
LTIME14	0
LTIME15	0
LTIME16	0
LTIME17	0
LTIME18	0
LTIME19	0
LTIME20	0
LTIME21	0
LTIME22	0
LTIME23	0
LTIME24	0
LTIME25	0
LTIME26	0
LTIME27	0
LTIME28	0
LTIME29	0
LTIME30	0
LTIME31	0
LTIME32	0
LTIME33	0
ADR2012	0
LTIME87A	0
LTIME87B	0
LTIME88	0
LTIME88B	0
LTIME89	0
LTIME89A	0
LTIME89B	0
MACF2019	0
MARCH11	0
MARCH12	0
MARCH13	0
MARCH14	0
MARCH15	0
MARCH16	0
MARCH18	0
MARCH18A	0
MARCH18B	0
MARCH19	0
MARCH19A	0
MARCH19B	0
MARCH20	0
MARCH20A	0
ICMT2019	0
ICOP1802	0
ICOP1803	0
ICOP1804	0
ICOP1805	0
ICOP1806	0
LTIME72	0
LTIME72A	0
LTIME72B	0
LTIME73	0
LTIME73A	0
LTIME73B	0
LTIME74	0
LTIME74A	0
LTIME74B	0
LTIME75	0
LTIME75A	0
LTIME75B	0
LTIME76	0
LTIME76A	0
LTIME76B	0
LTIME77	0
LTIME77A	0
LTIME77B	0
LTIME78	0
LTIME78A	0
LTIME78B	0
LTIME79	0
LTIME79A	0
LTIME79B	0
CF22018	0
CHIL2020	0
CHN15MOS	0
CMYC2020	0
CODEIT	0
CODN2018	0
CODP2017	0
COFN2019	0
COJK2020	0
JAN15	0
NITC2020	0
NOOB2020	0
NOON2018	0
NOV10	0
NOV11	0
NOV12	0
NOV13	0
NOV14	0
NOV15	0
NOV17	0
NOV18	0
NOV18A	0
NOV18B	0
NOV19	0
NOV19A	0
NOV19B	0
NOV20	0
NOV20A	0
NOV20B	0
NPLQ2017	0
NPLQ2018	0
NPLQ2019	0
NPLTZ15	0
NUCD2015	0
NUPNMR15	0
NUVO2019	0
OBFS2013	0
OCT11	0
OCT12	0
OCT13	0
OCT14	0
OCT15	0
OCT17	0
OCT18	0
OCT18A	0
OCT18B	0
OCT19	0
OCT19A	0
OCT19B	0
OCT20	0
OCT20A	0
OCT20B	0
ODCD2013	0
ODCO2016	0
ONCO2020	0
OVEC2018	0
OVNT2012	0
OVRN2013	0
PAHC2020	0
PCJ2018	0
PCJ2019	0
PCO12020	0
PELT2019	0
PILT2019	0
PITTCS15	0
AFQL2019	0
ALGOC10	0
ALGOTH10	0
JULY11	0
JULY13	0
JULY18	0
JULY20	0
JULY20B	0
JUNE11	0
JUNE13	0
JUNE14	0
JUNE18A	0
JUNE18B	0
JUNE20B	0
KA19MOS	0
KAN13ACM	0
KAN14ROL	0
KAN14ROS	0
KANWRMUP	0
KDAT2013	0
KG14ROL2	0
KGP14ROL	0
KGP14ROS	0
KJCC1501	0
KJSP1602	0
KOKO2017	0
KOL17ROL	0
KPM22018	0
KQ102018	0
KQ152019	0
KQ162019	0
KQKM2020	0
AMRITA01	0
APRIL09	0
APRIL10	0
ARBH2019	0
AUG09	0
AUG10	0
AUGMINI	0
BLUP2019	0
CB109	0
CBUZZ101	0
CCED2019	0
CCOQ2019	0
CE2010	0
CHACK01	0
COBE2019	0
COLE2019	0
COMR2019	0
COMU2019	0
CONA2019	0
COOK01	0
COOK02	0
COOK103	0
COOK103A	0
COOK103B	0
COWZ2019	0
CRAFTALG	0
CSOC10	0
CSOC20	0
CSOC30	0
CWARS10	0
CYWSL1	0
CYWSL2	0
CYWSL3	0
CYWSL4	0
DCC2019	0
DEC09	0
DSPC30	0
EMA2010	0
CDMN2014	0
CDMT2012	0
CDMT2014	0
CDNB2013	0
CDNC2013	0
CDNCTR14	0
CDR2014	0
CDSC2012	0
CDSN2014	0
CDWR2013	0
CDWV2013	0
CDZL2012	0
CDZL2014	0
CLASH13	0
CMUTANTS	0
CNSC2012	0
CODER11	0
CODS2013	0
CODW2013	0
CODX2014	0
COGZ2014	0
COOK03	0
COOK04	0
COOK05	0
COOK06	0
COOK07	0
COOK09	0
COOK10	0
COOK11	0
COOK12	0
COOK13	0
COOK14	0
COOK15	0
COOK16	0
COOK17	0
COOK18	0
COOK32	0
COOK33	0
COOK35	0
COOK36	0
COOK37	0
COOK39	0
COOK40	0
COOK41	0
COOK42	0
\.


--
-- Data for Name: contest_old; Type: TABLE DATA; Schema: public; Owner: nandeesh
--

COPY public.contest_old (code, done) FROM stdin;
CFSA2020	1
SEPT20A	1
IEMCO17	1
LTIME13	1
COOK45	1
CDMR2014	1
AICL2014	1
TROK2014	1
LTIME88A	1
LTIME47	1
LOCAPR17	1
COOK81	1
IOPC2017	1
EXCO1701	1
APRIL17	1
ICL2017	1
LTIME46	1
ALKH2017	1
COOK80	1
PWCE2017	1
KJSC17	1
PRCD1701	1
ABCS2017	1
COZI2017	1
BYCO2017	1
MARCH17	1
NCL2017	1
NCC2017	1
ALGR2017	1
COLG2017	1
LTIME45	1
DEAD2017	1
CRES2017	1
COMA2017	1
COOK79	1
BYTR2017	1
DECA2017	1
COSU2017	1
FEB17	1
CDVA17	1
AGOF2017	1
LTIME44	1
COOK78	1
COSE2017	1
LTC2017	1
JAN17	1
KQPM2017	1
LTIME43	1
INF16MOS	1
KOL16MOS	1
BITF2016	1
SOPC2016	1
AMR16MOS	1
CHN16MOS	1
COOK77	1
KGP16MOS	1
GOGL2016	1
DEC16	1
LTIME42	1
COOK76	1
QCDJ2016	1
IEMCO16	1
SMPX2016	1
NOV16	1
LTIME41	1
COOK75	1
CDVT2016	1
IFCAMR16	1
ACMIND16	1
TSTIND16	1
NPLQ1602	1
NPLQ1601	1
GMCO2016	1
OCT16	1
IPC15CMR	1
IPC15FLC	1
IPC15BMR	1
IPC15FLB	1
CDSP2016	1
IPC15AMR	1
IPC15FLA	1
LTIME40	1
COWS2016	1
COOK74	1
GSTS1601	1
SIC2016	1
CDTN2016	1
INSQ2016	1
SEPT16	1
LTIME39	1
COOK73	1
CCWR2016	1
CDJA2016	1
PROC2016	1
GSTS2016	1
AUG16	1
CDGO2016	1
LTIME38	1
PROC1601	1
CYPH2016	1
COOK72	1
UEMK2016	1
SNFL16MR	1
JULY16	1
COOK71	1
LTIME37	1
LOCJUN16	1
SNCKEL16	1
SNPB16RP	1
SNCKPA16	1
JUNE16	1
LTIME36	1
SNCKQL16	1
LOCMAY16	1
COOK70	1
MAY16	1
LTIME35	1
SSC2016	1
KGP13ACM	1
COOK121A	1
AUG20	1
BBPSHACK	1
COLE2020	1
PROC2020	1
COOK119B	1
JUNE20	1
LTIME84A	1
PCR12020	1
QTST2020	1
COOK117B	1
ICL2016	1
ACMKGP13	1
UVCNCD13	1
LTIME03	1
COOK34	1
OVRN2013	1
EXBT2013	1
INCD2013	1
COOK31	1
CRNM2013	1
DSPF2013	1
BYTS2013	1
PRST2013	1
TCSP2013	1
FEB13	1
OVNT2012	1
ACMAMR12	1
COOK30	1
JAN13	1
COOK29	1
DEC12	1
COOK28	1
ZERO1	1
ACMKGP12	1
CDWV2012	1
ACMKAN12	1
NOV12	1
CODW2012	1
COOK27	1
OCT12	1
ALKH2012	1
TCSN2012	1
KJCS16	1
LOCAUG16	1
LOCJUL16	1
SNCKPB16	1
LOCAPR16	1
RECJ1601	1
COWO1601	1
COOK69	1
BIGO2016	1
CDQU1601	1
DMNT2016	1
ALKH2016	1
BYTE2016	1
IPC15P2C	1
DECA2016	1
COJA2016	1
COLE2016	1
FEB16	1
IPC15P2B	1
CDVA16	1
IPC15P2A	1
LTIME32	1
DIBZ2016	1
COOK66	1
WBY2016	1
COWA2016	1
CHN15MOS	1
AUST2016	1
AMR15ROL	1
SOPC1602	1
COBA2016	1
KQPM2016	1
JAN16	1
COSH2015	1
LTIME31	1
KOL15MOS	1
ACM15AMR	1
AMR15MOS	1
COOK65	1
KQPM2015	1
SOPC2015	1
CHN15ROL	1
KOL15ROL	1
DEC15	1
IPC15P1C	1
LTIME30	1
IPC15P1B	1
IPC15P1A	1
COOK64	1
COMN2015	1
NOV15	1
COMS1501	1
ACMKOL15	1
ACMCHN15	1
AIPC2015	1
LTIME29	1
KOKT2015	1
NPLTZ15	1
COOK63	1
QBIT15	1
NUPNMR15	1
CDON2015	1
KTBC2015	1
TSTAM15	1
CDX2015	1
CFSN2015	1
TSTAMR15	1
SIMPLX15	1
OCT15	1
NEPR2015	1
CWAR2015	1
KJCC2015	1
LTIME28	1
COOK62	1
IGCD2015	1
NUCD2015	1
CORU2015	1
APTT2015	1
GGWC2015	1
INSQ2015	1
SPIT1503	1
CODEWARS	1
LTIME27	1
COOK61	1
CCWC2015	1
COSE2015	1
CDBU2015	1
COFU2015	1
PROCON15	1
AUG15	1
INTO2015	1
LTIME26	1
COOK60	1
AMSC2015	1
DTMA2015	1
JULY15	1
HOCO2015	1
LTIME25	1
SD15FLMR	1
SNCK15FL	1
COOK59	1
SNCK15EL	1
CODE2015	1
SNCK151C	1
JUNE15	1
LTIME24	1
SNCK151B	1
COOK58	1
SNCK151A	1
KOAT2015	1
INTW2020	1
GHC32020	1
COOK116B	1
COOK116	1
COOK116A	1
COG2020	1
KQKM2020	1
COSQ2020	1
CORE2020	1
AGPR2020	1
CBEN2020	1
MARCH20B	1
MARCH20	1
MARCH20A	1
UPGD2020	1
QM242020	1
ALRA2020	1
CACD2020	1
TCFL2020	1
LTIME81B	1
LTIME81	1
LTIME81A	1
HECS2020	1
UWCOI20	1
CUBE2020	1
KQM2020	1
LEED2020	1
ENFE2020	1
NCC2020	1
COM12020	1
STRT2020	1
TMHA2020	1
ZING2020	1
COOK115B	1
COOK115	1
COOK115A	1
KQ222020	1
ICM2020	1
DCC2020	1
REER2020	1
CORS2020	1
COTS2020	1
DECO2020	1
QM212020	1
ONCO2020	1
DOEX2015	1
EXCU2015	0
NCC2016	1
APRIL16	1
LTIME34	1
SRMC2016	1
LOCMAR16	1
BITC2016	1
CDST2016	1
COOK68	1
CLDB2016	1
KJSP1602	1
ODCO2016	1
FLFI2016	1
REC2016	1
COBL2016	1
COMN2016	1
IOPC2016	1
COFI2016	1
INLO2016	1
HFCQ2016	1
CDWR2016	1
ALPH2016	1
ABCS2016	1
COCR2016	1
IPC15P3C	1
IPC15P3B	1
ITRA2016	1
COYA2016	1
MARCH16	1
BUDE2016	1
CDFXOQ16	1
IPC15P3A	1
DECI2016	1
LTIME33	1
BYCO2016	1
LOCFEB16	1
DEAD2016	1
COMA2016	1
COOK67	1
COPR2016	1
ITRX2016	1
COWH2016	1
COCU2016	1
CDWA2016	1
COCL2016	1
ASNE2016	1
CDGF2016	1
ICL2015	1
LTIME21	1
CDMU2015	1
CDTR2015	1
ABCS2015	1
COOK55	1
BION2015	1
CRNM2015	1
CDWR1501	1
CSZLPR15	1
MDSW2015	1
FEB15	1
CODC2015	1
CDVA2015	1
CDCRF15R	1
XCPT2015	1
CDCR2015	1
CDSU2015	1
INPR1503	1
INPR1502	1
DCOD2015	1
INPR1501	1
ALMA2015	1
PSYC2015	1
RCSN2015	1
KRKS2015	1
GRCO2015	1
WPC1501	1
COOK54	1
PRVG2015	1
EQBR2014	1
CONI2015	1
AMR14ROS	1
DINP1501	1
ARHN1502	1
LTIME19	1
KGP14ROS	1
COOK53	1
QUCO2014	1
XCEP2014	1
DEC14	1
ICPC14PR	1
KG14ROL2	1
LTIME18	1
KGP14ROL	1
KAN14ROL	1
COOK52	1
MTRX2014	1
CDSM2014	1
CDAV2014	1
NOV14	1
COQU2014	1
CDZP2014	1
ACMKAN14	1
TSTKAN14	1
AMR14ROL	1
LTIME17	1
COOK51	1
ACMKGP14	1
CDMS2014	1
TSTKGP14	1
TCFS15S	1
ACMAMR14	1
TSTAMR14	1
FEB20B	1
FEB20	1
FEB20A	1
FOLG2020	1
BLIT2020	1
HK362020	1
QM202020	1
COFW2020	1
FFC32020	1
HOCO2020	1
CJQK2020	1
COMA2020	1
QM192020	1
ENJA2020	1
CBCP2020	1
LTIME80B	1
LTIME80	1
LTIME80A	1
AABH2020	1
SDCO2020	1
SCGO2020	1
COOK114B	1
COOK114	1
COOK114A	1
KQM12020	1
SRCO2020	1
COWR2020	1
COSS2020	1
PLIT2020	1
SAPC2019	1
HEST2020	1
PLIN2020	1
KA19MOS	1
NITC2020	1
JAN20B	1
COOK122B	1
COOK122A	1
CFUS2020	1
SCAT2020	1
EVOT2020	1
SSCC2020	1
CSEP2020	1
COFY2020	1
ABCC2020	1
SEPT20B	1
COOK122	1
SEPT20	1
ENAU2020	1
COMX2020	1
LTIME87	1
LTIME87A	1
COVO2020	1
BING2020	1
PAHC2020	1
COOK121B	1
COOK121	1
CENS2020	1
DEM2020	1
CHIL2020	1
AUG20B	1
AUG20A	1
COMT2020	1
LTIME86B	1
LTIME86A	1
LTIME86	1
COJK2020	1
COOK120B	1
COOK120A	1
COOK120	1
QFUN2020	1
MCOD2020	1
JULY20B	1
JULY20	1
JULY20A	1
ENJU2020	1
LTIME85B	1
LTIME85	1
LTIME85A	1
COH12020	1
BIT32020	1
COCA2020	1
COOK119	1
COOK119A	1
CROS2020	1
COTH2020	1
COFJ2020	1
CMYC2020	1
JUNE20B	1
JUNE20A	1
COPT2020	1
PCO12020	1
LTIME84	1
KM252020	1
COOK118B	1
COOK118	1
COOK118A	1
LDT42020	1
HALO2020	1
BUGC2020	1
MAY20B	1
MAY20	1
COW42020	1
RC122020	1
ENCD2020	1
QTCC2020	1
LTIME83B	1
LTIME83	1
LTIME83A	1
SMTC2020	1
COOK117	1
NOV19A	1
ENOC2019	1
COX2019	1
LTIME77B	1
LTIME77	1
LTIME77A	1
NPLQ2019	1
COOK111B	1
COOK111	1
COOK111A	1
INFY2019	1
KOKO2019	1
HCS12019	1
ICHN2019	1
QM162019	1
ACD2019	1
EOLC2019	1
COFO2019	1
EXPP2019	1
CWCR2019	1
B4EM2019	1
OCT19B	1
OCT19	1
OCT19A	1
FFC22019	1
KJCS2019	1
LTIME76B	1
LTIME76	1
LTIME76A	1
COOK110B	1
COOK110	1
COOK110A	1
BIT22019	1
CCWI2019	1
SGHC2019	1
COZI2019	1
AIOL2019	1
INQU2019	1
SEPT19B	1
SEPT19	1
SEPT19A	1
ALCM2019	1
LTIME75B	1
LTIME75	1
LTIME75A	1
COHA2019	1
CYAU2019	1
ENAU2019	1
COOK109B	1
COOK109	1
COOK109A	1
PCJ2019	1
JCWR2019	1
KPM32019	1
AUG19B	1
AUG19	1
AUG19A	1
LTIME74	1
LTIME74A	1
LTIME74B	1
COOK108B	1
COOK108A	1
KPM22019	1
JULY19B	1
JULY19	1
JULY19A	1
KQ162019	1
LTIME73B	1
LTIME73	1
LTIME73A	1
COOK107B	1
COOK107A	1
FFC12019	1
TTO2019	1
KQ152019	1
JUNE19B	1
JUNE19	1
JUNE19A	1
NUVO2019	1
LTIME72	1
LTIME72A	1
COOK106	1
COOK106A	1
COOK106B	1
NACA2019	1
CODX2019	1
KQMG2019	1
CEEL2019	1
MAY19	1
MAY19A	1
MAY19B	1
AVEN2019	1
LTIME71B	1
LTIME71	1
LTIME71A	1
DEMA2019	1
DARG2019	1
COOK105B	1
COOK105	1
COOK105A	1
UAGE2019	1
INTL2019	1
DRI22019	1
KJSC2019	1
COME2019	1
COON2019	1
ALKH2019	1
CDUT2019	1
APRIL19	1
APRIL19A	1
COSE2019	1
COCS2019	1
COOK102B	1
COOK102	1
COOK102A	1
TJCN2019	1
LSSC19TS	1
ALRA2019	1
ICOP1904	1
COMB2018	1
IEMCHEMY	1
PELT2019	1
PILT2019	1
CONE2018	1
JAN19B	1
JAN19	1
JAN19A	1
SPCM2019	1
AMR18ROL	1
LTIME67A	1
LTIME67B	1
LTIME67	1
COOK101B	1
COOK101	1
COOK101A	1
KOL18ROL	1
SOPC2018	1
GWR18ROL	1
KGP18ROL	1
KQ132018	1
SNCKEL19	1
DEC18B	1
DEC18	1
DEC18A	1
LTIME66B	1
LTIME66A	1
LTIME66	1
ISPC2018	1
COG2018	1
AARA2018	1
COOK100B	1
COOK100	1
COOK100A	1
MOSCWJ19	1
UCS2018	1
ICOP1903	1
IEMCO6	1
KM122018	1
CDX2018	1
IEMATICS	1
SNCKPE19	1
NOV18B	1
NOV18	1
NOV18A	1
CYOC2018	1
SNCK1B19	1
LTIME65B	1
LTIME65A	1
LTIME65	1
ENCO2018	1
COOK99B	1
COOK99A	1
INTY2018	1
SNCK1A19	1
DODE2018	1
CCLC2018	1
SNCKQL19	1
KOKO2018	1
UEM2018	1
COCE2018	1
ENOC2018	1
OCT18B	1
OCT18	1
OCT18A	1
ALQU2018	1
EXPP2018	1
KJCS2018	1
CYSE2018	1
LTIME64B	1
LTIME64A	1
LTIME64	1
COOK98	1
COOK98A	1
CGSC2018	1
NPLQ2018	1
ELE32018	1
COW2018	1
INCC2018	1
CCWC2018	1
ENSE2018	1
GOV32018	1
SEPT18	1
SEPT18A	1
INQU2018	1
BIBA2018	1
BUGF2018	1
ZLC2018	1
CAH1801	1
ICOP1902	1
CYAU2018	1
LTIME63B	1
LTIME63	1
BUGE2018	1
ISTS2018	1
COOK97B	1
COOK97	1
COOK97A	1
PROC2018	1
COWC2018	1
COAT2018	1
WBY1601	1
CRES2016	1
COWA1601	1
ICOD2016	1
CHN15MRP	1
KOPC2016	1
IC32016	1
LTIME87B	1
GEHA2018	1
COOK99	1
MITC2018	1
COOK98B	1
SEPT18B	1
LTIME63A	1
KQM52018	1
PCJ2018	1
ENAU2018	1
CF22018	1
COHR2018	1
AUG18B	1
AUG18	1
AUG18A	1
SGHC2018	1
LTIME62B	1
LTIME62	1
LTIME62A	1
LOCJUL18	1
COOK96B	1
COOK96	1
COOK96A	1
IOITC182	1
ICOP1901	1
ISCC2018	1
JULY18B	1
JULY18	1
JULY18A	1
CIU2018	1
LTIME61B	1
LTIME61	1
LTIME61A	1
LOCJUN18	1
IOITC181	1
NOV20B	1
NOV20A	1
INFY20A	1
INFY20B	1
ECPG2020	1
LTIME89B	1
LTIME89A	1
NEWB2020	1
COX22020	1
TAWY2020	1
TEWE2020	1
DECI2020	1
OCT20B	1
OCT20A	1
CZEN2020	1
CFUN2020	1
GACE2020	1
LTIME88B	1
NOV20	1
INFY20	1
LTIME89	1
COOK123	1
OCT20	1
LTIME88	1
COME2018	1
KJSC2018	1
COLF2018	1
NOON2018	1
JOBE2018	1
COIE2018	1
CODO2018	1
APRIL18	1
APRIL18B	1
APRIL18A	1
CMEL2018	1
LTIME58	1
LTIME58A	1
LTIME58B	1
FOOY2018	1
KQM92018	1
MMFO2018	1
CEM2018	1
COOK95	1
COOK95A	1
ENCO2020	1
BLAS2020	1
CHLG2020	1
NOOB2020	1
CFW32020	1
WNTR2020	1
SCC42020	1
KZEN2020	1
RVRS2020	1
APO12020	1
CGRL2020	1
COOK123B	1
COOK123A	1
CSPR2020	1
INSO2020	1
COF2020	1
STR2020	1
LOGI2020	1
GSMAR18	1
INSO2018	1
COOK92	1
COOK92A	1
COOK92B	1
PRWR2018	1
CONI2018	1
ALKH2018	1
CODN2018	1
GOC2018	1
COUT2018	1
CAC2018	1
KQM82018	1
TCQ22018	1
MARCH18	1
MARCH18A	1
MARCH18B	1
MOPC2018	1
ICL2018	1
NCC2018	1
BYTC2018	1
LTIME57	1
GSF2018	1
CCU2018	1
FSCC2018	1
COOK91	1
KPM22018	1
OVEC2018	1
CODR2018	1
HACF2018	1
COM2018	1
ENCI2018	1
KQM6518	1
COCO2018	1
DEAD2018	1
BLUP2018	1
COCU2018	1
TCQ2018	1
AMR17ROL	1
CBEN2018	1
EXTE2015	1
ACMAMR15	1
CDSK2015	1
COOK95B	1
KQ102018	1
QUCO2018	1
JUNE18	1
JUNE18A	1
JUNE18B	1
LOCMAY18	1
LTIME60	1
LTIME60A	1
LTIME60B	1
COOK94	1
COOK94A	1
COOK94B	1
MAY18	1
MAY18A	1
MAY18B	1
COX2018	1
LTIME59	1
LTIME59A	1
LTIME59B	1
MAY14	1
LOCAPR18	1
BCRR2018	1
COOK93	1
COOK93A	1
COOK93B	1
IEMCO5	1
CORP2018	1
CXII2018	1
CMA22018	1
COLE2018	1
AVEN2018	1
DAVC2018	1
DEME2018	1
SEPT15	1
PRCNJR15	1
SD15ELOP	1
EXCT2015	1
MAY15	1
CLCO2015	1
LTIME23	1
SMCS2015	1
INLO2015	1
COOK57	1
SPT2015	1
COST2015	1
DTCT2015	1
CDQT2015	1
BTCJ2015	1
GOCD2015	1
GOOG2015	1
PSCD2015	1
CDOT2015	1
APRIL15	1
KAN14ROS	1
DMNT2015	1
BIGO2015	1
DBYZ15	1
LTIME22	1
NCC2015	1
PITTCS15	1
COOK56	1
GOC2015	1
COMA2015	1
CDMN2015	1
CDGO2015	1
PRDN2015	1
ABYN2015	1
IOPC2015	1
KJCC1501	1
CDPH2015	1
MTHX2015	1
COTG2015	1
CDER2015	1
MARCH15	1
CDHU2015	1
CCBE2015	1
HUMP15R	1
FBFRW15	1
ACMN2015	1
DCL1501	1
BRCD2015	1
BBYB2015	1
CDTR1502	1
COCR2015	1
PRYS2015	1
BYCD2015	1
CDME2015	1
CDSH2015	1
APRIL20	1
IGNU2015	1
CDBR2015	1
LTIME20	1
JAN15	1
CDTR2014	1
ACMKG14R	1
TCFS15P	1
CDWR2014	1
OCT14	1
WPC1401	1
LTIME16	1
INSM2014	1
CDST2014	1
COOK50	1
SEPT14	1
CLASH14	1
LTIME15	1
COOK49	1
PRCNSR14	1
AUG14	1
LTIME14	1
COOK48	1
JULY14	1
UCOD2020	1
CEFT2020	1
IEM82020	1
BGS12020	1
LICO2020	1
LTIME84B	1
MAY20A	1
COOK117A	1
BTCH2020	1
CCOD2020	1
JLUG2020	1
SITC2020	1
CY302020	1
APRIL20B	1
APRIL20A	1
MYL2020	1
CHPTRS01	1
COVDHACK	1
FULU2020	1
IIITDS20	1
LTIME82	1
LTIME82A	1
LTIME82B	1
JAN20	1
JAN20A	1
DWWU2019	1
AM19MOS	1
LTIME79B	1
LTIME79	1
LTIME79A	1
COFN2019	1
COOK113B	1
COOK113	1
COOK113A	1
GW19MOS	1
SHPC2019	1
COBT2019	1
QM182019	1
KH19MOS	1
DEC19	1
DEC19B	1
DEC19A	1
LTIME78B	1
LTIME78	1
LTIME78A	1
KRPM2019	1
BOB22019	1
CYNO2019	1
COOK112B	1
COOK112	1
COOK112A	1
GKAH1901	1
CEIN2019	1
ISPC2019	1
SATA2019	1
REC92019	1
AFZQ2019	1
BCF12019	1
DEFI2019	1
IEMCO8	1
CNMP2019	1
MACF2019	1
CCRU2019	1
QM172019	1
UEM22019	1
ZCOSC19	1
COOW2019	1
DCOD2019	1
DCOD19A	1
DCOD19B	1
NOV19B	1
NOV19	1
DEER2019	1
COOK108	1
COOK107	1
LTIME72B	1
IEMCO7	1
GHC22019	1
APRIL19B	1
FOYO2019	1
LTIME70B	1
LTIME70	1
LTIME70A	1
ENMA2019	1
TECA2019	1
ICL2019	1
COOK104B	1
COOK104	1
COOK104A	1
PWCR2019	1
BION2019	1
CORU2019	1
TCM2019	1
CPN12019	1
UEMCO19	1
BCR12019	1
ICMT2019	1
POLP2019	1
COEN2019	1
ALMA2019	1
CORD2019	1
MARCH19B	1
MARCH19	1
MARCH19A	1
CODH2018	1
FEB18	1
TESS2018	1
LTIME56	1
KOL17ROL	1
FOPR2018	1
COOK90	1
KQM62018	1
GSJAN18	1
CWF2018	1
GWR17ROL	1
PLCO2018	1
CODW2018	1
CODS2018	1
KGP17ROL	1
CW2018	1
CTLH2018	1
CHN17ROL	1
JAN18	1
ICOP1806	1
LTIME55	1
BITF2017	1
COOK89	1
SOPC2017	1
PROC2017	1
ICOP1805	1
DEC17	1
LTIME54	1
GKAH1701	1
ICOP1804	1
COOK88	1
COD2017	1
ICOP1803	1
IEMCO4	1
NOV17	1
DCOD2017	1
UEMC2017	1
LTIME53	1
ICOP1802	1
COOK87	1
CODP2017	1
NPLQ2017	1
ACJQ2017	1
ICOP1801	1
CCCO2017	1
CODG2017	1
KOKO2017	1
COYH2017	1
CZIL2017	1
COIS2017	1
SICJ2017	1
OCT17	1
CNES2017	1
KJCS17	1
LTIME52	1
LOCSEP17	1
COGE2017	1
KICW2017	1
COOK86	1
COGA2017	1
ICCT2017	0
INQU2017	1
BUGE2017	1
CLCW2017	1
SEPT17	1
LTIME51	1
LOCAUG17	1
COOK85	1
TETO2017	1
AUG17	1
PROJ2017	1
LTIME50	1
TSCO2017	1
LOCJUL17	1
COOK84	1
ISCC2017	1
JULY17	1
SNFL17MR	1
SNCKFL17	1
LOCJUN17	1
LTIME49	1
COOK83	1
SNEL17RP	1
SNCKEL17	1
JUNE17	1
SNCKPB17	1
SNCKPA17	1
LTIME48	1
LOCMAY17	1
COOK82	1
SNCKQL17	1
BITM2017	1
MAY17	1
COOK38	0
EPNY2012	0
COOK26	0
SEP12	0
COOK25	0
BTCD2012	0
AUG12	0
COOK24	0
JULY12	0
COOK23	0
JUNE12	0
ADR2012	0
COOK22	0
MAY12	0
COOK21	0
ANDR2012	0
APRIL12	0
PRDM2012	0
ADYN2012	0
COOK20	0
TCTR2012	0
ICDE2012	0
AGTK2012	0
CDOL2012	0
MARCH12	0
PRFT2012	0
CNSC2012	0
ANWS2012	0
CDSC2012	0
ENCD2012	0
SOPC2012	0
CRNM2012	0
COOK19	0
COZL2012	0
CDZL2012	0
CDMT2012	0
IGNS2012	0
ALGO2012	0
FEB12	0
COOK18	0
DMNT2012	0
IOPC2012	0
COOK47	1
JUNE14	1
LTIME12	1
COOK46	1
NCC2014	1
CDSN2014	1
LTIME11	1
CDGR2014	1
PRMT2014	1
TUXO2014	1
APRIL14	1
CDCN2014	1
LTIME10	1
GOC2014	1
COOK44	1
BTBT2014	1
CDR2014	1
ABCS2014	1
COGZ2014	1
BTCD2014	1
MARCH14	1
DMNT2014	1
TRNT2014	1
IOPC2014	1
CDCS2014	1
IGNS2014	1
LTIME09	1
CDNCTR14	1
CDMT2014	1
NCDFEB14	1
CDMN2014	1
COOK43	1
CDCRNT14	1
CDLV2014	1
CDZL2014	1
CRNM2014	1
FEB14	1
SMHT2014	1
DBYZ2014	1
CDCRFT14	1
LTIME08	1
CODX2014	1
COOK42	1
CDIT2014	1
SHSTRA14	1
JAN14	1
LTIME07	1
COOK41	1
KAN13ACM	1
DEC13	1
LTIME06	1
COOK40	1
ODCD2013	1
NCDRN13	1
CDWV2013	1
CDCZ2013	1
PRVG2014	1
NOV13	1
INSCRP13	1
LTIME05	1
TCFST13	1
CDCRNC13	1
ALKH2013	1
COOK39	1
ACMKAN13	1
CRPT2013	1
DSEC2013	1
OCT13	1
CODW2013	1
CDCL2013	1
LTIME04	1
LGCD2013	1
CDWR2013	1
CDGF2013	1
INSM2013	1
SEPT13	1
CLASH13	1
COOK37	1
BTCD2013	1
PRCN2013	1
AUG13	1
LTIME02	1
COOK36	1
JULY13	1
LTIME01	1
COOK35	1
JUNE13	1
MAY13	1
COOK33	1
CDNB2013	1
KDAT2013	1
PROM2013	1
CODS2013	1
APRIL13	1
COOK32	1
INST2013	1
INVS2013	1
DBYZ2013	1
ALGT2013	1
BTFR2013	1
IOPC2013	1
CDNC2013	1
MARCH13	1
CDOL2013	1
OBFS2013	1
TCSG2013	1
JAN12	0
COOK17	0
AMRITA11	0
DEC11	0
COOK16	0
NOV11	0
ACMKAN11	0
COOK15	0
TCHR1	0
KANWRMUP	0
OCT11	0
LMDPLA11	0
ALKH11	0
COOK14	0
SEPT11	0
COOK13	0
AUG11	0
COOK12	0
JULY11	0
COOK11	0
JUNE11	0
COOK10	0
MAY11	0
CDEZILLA	0
COOK09	0
DREAMSPK	0
DSPATNA	0
APRIL11	0
HCKATHON	0
SOPC2011	0
DIALECT	0
COOK08	0
MARCH11	0
XECUTE	0
CODER11	0
ENCODED	0
TGPA11	0
DSPCXI	0
CMUTANTS	0
COOK07	0
BYTCDE11	0
SYNAPSE	0
RUBIX11	0
IOPC2011	0
FEB11	0
ENCODER	0
COOK06	0
CODEIT	0
JAN11	0
COOK05	0
DEC10	0
COOK04	0
RUBIXDEN	0
NOV10	0
STLEMATE	0
ACMKAN10	0
COOK03	0
RGEAR	0
TECHART	0
AVISHKAR	0
LMDPLA10	0
ACMTRIAL	0
ALKH10	0
OCT10	0
AMRITA01	0
INSOMNIA	0
SEPT10	0
COOK02	0
AUG10	0
COOK01	0
JULY10	0
JUNE10	0
MAY10	0
DSPC30	0
EMA2010	0
APRIL10	0
CYWSL4	0
CYWSL3	0
CYWSL2	0
CYWSL1	0
MANTH10	0
CE2010	0
ICODER10	0
CWARS10	0
CSOC30	0
MINDB10	0
CRAFTALG	0
ALGOTH10	0
ALGOC10	0
MARCH10	0
TGPA10	0
CSOC20	0
CSOC10	0
RUBIX10	0
TZTEST	0
CHACK01	0
FEB10	0
CBUZZ101	0
QCJAM10	0
TBS101	0
TBS102	0
TV10CAT3	0
SNONLINE	0
ENC2010	0
TV10CAT2	0
TV10CAT1	0
SNONSITE	0
JAN10	0
RESNKDWN	0
RESNKTST	0
DEC09	0
SNACKDWN	0
SNACKTST	0
NOV09	0
CB109	0
INS09	0
KNCO209	0
NSIT091	0
OCT09	0
SEP09	0
AUGMINI	0
AUG09	0
JULY09	0
JUNE09	0
MAYGAMER	0
MAY09	0
APRIL09	0
INSOM2	0
INSOM1	0
MARCH09	0
CONA2019	1
COMR2019	1
COLE2019	1
CCED2019	1
CCOQ2019	1
TNPC2019	1
DCC2019	1
FICP2019	1
ENFE2019	1
UICC2019	1
INEK2019	1
LTIME69B	1
LTIME69	1
LTIME69A	1
COWZ2019	1
NCC2019	1
WCS2019	1
PLUM2019	1
COMU2019	1
COOK103B	1
COOK103	1
COOK103A	1
SNFL19MR	1
ONIG2019	1
BLUP2019	1
COBE2019	1
FEB19B	1
FEB19	1
FEB19A	1
QUCJ2019	1
SACO2019	1
ENJA2019	1
AFQL2019	1
OZTA2019	1
LTIME68B	1
LTIME68	1
LTIME68A	1
INAL2019	1
ARBH2019	1
\.


--
-- Data for Name: problem; Type: TABLE DATA; Schema: public; Owner: nandeesh
--

COPY public.problem (code, contest, done) FROM stdin;
ABACUS01	ABCS2016	1
ABACUS05	ABCS2016	1
ABACUS06	ABCS2016	1
ABCS05	ABCS2017	1
ALR20D	ALRA2020	1
AMAGIC	CDGO2015	1
AMPUZZLE	AMR17ROL	1
AMR15C	AMR15ROL	1
AMR15D	AMR15ROL	1
A2J001	COZI2019	1
AAKASHB	CDVT2016	1
AASHRAM	COHA2019	1
SATA02	IPC15P2A	1
AMR15E	AMR15ROL	1
AMR16G	AMR16MOS	1
SEAKAM	JAN16	1
BGSM	TCSP2013	1
FISHY	IPC15P2C	1
NCL1702	NCL2017	1
NCL1705	NCL2017	1
NCL1706	NCL2017	1
NETDES	IPC15P2C	1
SMP163	SMPX2016	1
ABA14C	ABCS2014	1
ABCS06	ABCS2017	1
SMP164	SMPX2016	1
ABGAME	COOK100B	1
ABHMNSTR	RECJ1601	1
ALK13A	ALKH2013	1
ALMA02	ALMA2015	1
ALMROW	LTIME46	1
ANACNT	CPN12019	1
ANDOR	LTIME89B	1
ANGLE	SNCKPE19	1
ANKMARKS	COOK59	1
ANTSCH	CCRU2019	1
ANUAAA	COOK54	1
ANUARM	COOK51	1
ANUCBC	APRIL14	1
ANUMLA	COOK51	1
SMP165	SMPX2016	1
SMP166	SMPX2016	1
SMPLSUM	NOV15	1
URBANDEV	NOV16	0
CWAM1501	COWA2016	1
VORTEX5	COSU2017	0
SUBSGCD	IPC15P2C	0
TANSWTCH	IPC15P2C	0
TRIANGCL	LTIME32	0
TABLECOV	LTIME32	0
WBUP101	WBY2016	0
WBUP102	WBY2016	0
WBUP104	WBY2016	0
WBUP103	WBY2016	0
WBUP105	WBY2016	0
UEMP02	UEMK2016	0
VOWELDP	KQPM2015	0
SUMMATH	KQPM2015	0
TREEP	NOV15	0
ANUPROD	KICW2017	1
ANUSFR	COOK51	1
ANUTDP	COOK51	1
ANUWTA	COOK51	1
AUASIF	AUST2016	1
AUDH	AUST2016	1
AUEC	AUST2016	1
AUHASH	AUST2016	1
AUNX	AUST2016	1
AUPM	AUST2016	1
AUSAG	AUST2016	1
AUSASA	AUST2016	1
AUSF	AUST2016	1
AUTCN	AUST2016	1
BANDMATR	MARCH17	1
BYTES11	BYTE2016	1
BYTES12	BYTE2016	1
BYTES13	BYTE2016	1
BYTES14	BYTE2016	1
BYTES15	BYTE2016	1
CB1	COBA2016	1
CB2	COBA2016	1
CB3	COBA2016	1
CB4	COBA2016	1
CBALLS	JAN16	1
CDRN03	COON2019	1
CFTREE	COOK66	1
CHEFKLCS	COOK65	1
CHEFQUE	COOK65	1
CHEFSHOP	NOV15	1
CHEFTREE	COOK65	1
CHEFVEC	COOK65	1
CHMKTRPS	JAN16	1
CHSTAMP	NOV15	1
CPERM	NOV16	1
CWAM1502	COWA2016	1
CWAM1503	COWA2016	1
CWAM1505	COWA2016	1
CWAM1506	COWA2016	1
CYCLRACE	JAN16	1
DBZ16RS	DIBZ2016	1
DBZ16SP	DIBZ2016	1
DBZ16XOR	DIBZ2016	1
DBZ16XS1	DIBZ2016	1
DESTROY	COOK66	1
DEVPERF	JAN16	1
DMCS	JAN16	1
DZ16HITE	DIBZ2016	1
DZ16KNAP	DIBZ2016	1
DZ16MAT	DIBZ2016	1
DZ16SHOP	DIBZ2016	1
DZ16SUBA	DIBZ2016	1
DZ16TREE	DIBZ2016	1
EGRCAKE	NOV15	1
EXPALIN	LTIME32	1
EXTRAN	MARCH17	1
FRUITS	COOK66	1
FUNC1	IPC15P2C	1
FUNC2	IPC15P2C	1
GRHARSH	NCC2017	1
GSHUFF	TCSP2013	1
ICL16C	ICL2016	1
ICL16D	ICL2016	1
ICL16E	ICL2016	1
IPCASH	IPC15P2C	1
JIMMA	IPC15P2C	1
KETFAST	KQPM2016	1
KETSWAP	KQPM2016	1
KFUNC	NOV15	1
KSTACKS	IPC15P2C	1
NCL1701	NCL2017	1
NCL21704	NCL2017	1
NPRM	TCSP2013	1
OPC1601	SOPC1602	1
OPC1603	SOPC1602	1
OPC1604	SOPC1602	1
PALGAME	IPC15P2C	1
PALSTR	COOK66	1
PATHSG	KQPM2015	1
PEAKS	LTIME32	1
REBTET	NOV15	1
RECRECOV	NOV15	1
ROWSOLD	APRIL17	1
SCHEDULE	MARCH17	1
SMP162	SMPX2016	1
ACM14AM1	TSTAM15	1
ACM14AM2	TSTAM15	1
ACM14AM3	TSTAM15	1
ACM14AM4	TSTAM15	1
ACM14AM5	TSTAM15	1
ADMAG	AUG15	1
BYCD1607	BYCO2016	1
BYCD1604	BYCO2016	1
BYCD1606	BYCO2016	1
CDBSTR02	CDBU2015	1
BYCD1602	BYCO2016	1
BYCD1603	BYCO2016	1
SUYBOB	CFSN2015	0
SUBINC	OCT15	0
THEGAME	SEPT15	0
TERVEC	SEPT15	0
XORNUBER	COOK61	0
TWOSTR	COOK61	0
WOUT	AUG15	0
STETSKLX	AUG15	0
T9BYTE	INTO2015	0
WEEKDAY	INTO2015	0
STKENC	PRCNJR15	0
WOLVXR	PRCNJR15	0
SUMPAIR	COOK60	0
WWE	DTMA2015	0
AMCS01	AMSC2015	1
AMCS02	AMSC2015	1
AMCS03	AMSC2015	1
AMCS04	AMSC2015	1
AMCS05	AMSC2015	1
AMCS06	AMSC2015	1
AMR14A	TSTAMR15	1
AMR14B	TSTAMR15	1
AMR14C	TSTAMR15	1
AMR14D	TSTAMR15	1
AMR14E	TSTAMR15	1
AMR14F	TSTAMR15	1
AMR14G	TSTAMR15	1
AMR14H	TSTAMR15	1
AMR14I	TSTAMR15	1
AMR14J	TSTAMR15	1
AOU	PRCNJR15	1
APOWB	SHSTRA14	1
APPLE42	LTIME76B	1
APPUZZLE	MTRX2014	1
APR101	COLF2018	1
BYCD1601	BYCO2016	1
CDBSTR03	CDBU2015	1
CDBSTR04	CDBU2015	1
CDBSTR05	CDBU2015	1
CDBSTR06	CDBU2015	1
CDBSTR07	CDBU2015	1
CDON15B	CDON2015	1
CDON15C	CDON2015	1
CDON15D	CDON2015	1
CDON15E	CDON2015	1
CDON15F	CDON2015	1
CDRN07	COON2019	1
CDXLRG	CDX2015	1
CDXNPL	CDX2015	1
CDXOPTM	CDX2015	1
CHAOS	EXTE2015	1
CHEFHAR	DTMA2015	1
CHEFU	DTMA2015	1
CHINSM	AUG15	1
CHOPRT	SPIT1503	1
CHPLNTS	SPIT1503	1
CHTKN	SPIT1503	1
CHTTRS	SEPT15	1
CLOST	LTIME27	1
CLOWAY	AUG15	1
CM1501	COMS1501	1
CM1503	COMS1501	1
CODECRCK	SEPT15	1
CODEXLMB	CDX2015	1
CODEXTRY	CDX2015	1
COOKMACH	AUG15	1
COPS	COOK60	1
CREDCHES	CCWC2015	1
CREDFIBO	CCWC2015	1
CREDMNY	CCWC2015	1
CREDSNET	CCWC2015	1
CREDSQR	CCWC2015	1
CSKR	PRCNJR15	1
CSTRIKE1	COSE2015	1
CSTRIKE4	COSE2015	1
CSTRIKE5	COSE2015	1
CW002	CODEWARS	1
CW004	CODEWARS	1
CW005	CODEWARS	1
CW006	CODEWARS	1
CW007	CODEWARS	1
CW008	CODEWARS	1
DCGAME	AUG15	1
DDPROB	EXTE2015	1
DELSUM	KTBC2015	1
DIRTBYTE	INTO2015	1
DISTNUM	AUG15	1
DONUTS	SEPT15	1
DUALPAL	COOK61	1
GDOG	LTIME26	1
GRGUY	AUG15	1
INVERT	LTIME27	1
KETYES	KTBC2015	1
KNODES	COOK60	1
KSPHERES	OCT15	1
LIGHTHSE	SEPT15	1
LINCAN	COFU2015	1
LINCOM	COFU2015	1
LINFRI	COFU2015	1
LINGRP	COFU2015	1
LINNUM	CFSN2015	1
LINXOR	COFU2015	1
LNUM	DTMA2015	1
MAKPALIN	LTIME27	1
MGCH3D	SEPT15	1
MGCHGYM	OCT15	1
MINTOXIA	INTO2015	1
MNMX	LTIME27	1
MSTEP	SEPT15	1
NBSUM	PRCNJR15	1
PALSUB	EXTE2015	1
PERSHFTS	OCT15	1
PLGRM	PRCNJR15	1
PRCNSR1	PROCON15	1
PRCNSR2	PROCON15	1
PRCNSR3	PROCON15	1
PRCNSR4	PROCON15	1
PRCNSR5	PROCON15	1
PRCNSR6	PROCON15	1
PUNBAN	CFSN2015	1
PUPPYCT	LTIME26	1
PUPPYGCD	LTIME26	1
PUPPYGM	LTIME26	1
REBXOR	SEPT15	1
RKIRON	EXTE2015	1
SCRABBLE	NOV15	1
SEQLCS	COOK61	1
SEQTOWER	COOK60	1
SLX01	SIMPLX15	1
SLX02	SIMPLX15	1
SLX03	SIMPLX15	1
SLX04	SIMPLX15	1
SLX05	SIMPLX15	1
SNCHT2	PRCNJR15	1
WINHERE	ALKH2019	0
WMIS	SD15FLMR	0
TENNIS	SD15FLMR	0
TIMETRAV	SD15FLMR	0
UTMOPR	COOK59	0
TTENIS	SD15ELOP	0
TRINT	TCFS15P	0
STATSHW	TCFS15P	0
STDYTAB	JUNE15	0
XORGRID	COOK58	0
TRAXORB	KOAT2015	0
TORR	EXCT2015	0
TICKETS5	LTIME23	0
XETF	LTIME23	0
ZEROES	INLO2015	0
VCS	COOK57	0
TDRIVER	COOK57	0
TWOFRNDS	COST2015	0
TOFFEES	COST2015	0
VIRAT	DTCT2015	0
WSERIES	DTCT2015	0
SSEQ	DTCT2015	0
SUPERCUP	DTCT2015	0
AGENTS	COOK57	1
ALTRTREE	KOAT2015	1
ANCOIMP	JUNE15	1
ANDMAT	SD15FLMR	1
ANKGAME	COOK59	1
ANKINTER	SNCK151C	1
ANKLEX	SD15ELOP	1
ANKNIM2	COOK59	1
ANKPAL	SD15ELOP	1
ANKPAREN	COOK59	1
ARYGRD	ALKH2019	1
BUGATACK	SD15FLMR	1
CAMERAS	TCFS15P	1
CAMERAS2	TCFS15P	1
CANDIS	TCFS15P	1
CBAL	MAY15	1
CBARG	JUNE15	1
CERSOL	ALKH2019	1
CFRTEST	COOK58	1
CHEFAOR	LTIME25	1
CHEFAXR	LTIME25	1
CHEFBOOK	JUNE15	1
CHEFCK	MAY15	1
CHEFDTRE	LTIME25	1
CHEFHCK2	TSTAMR14	1
CHEFNKCH	SD15FLMR	1
CHEFSTLT	LTIME25	1
CHEFVOTE	SNCK151A	1
CHPLGNS	JUNE15	1
CHSTR	JUNE15	1
CLCO01	CLCO2015	1
CLCO03	CLCO2015	1
CLCO04	CLCO2015	1
CLCO05	CLCO2015	1
CLCO06	CLCO2015	1
CLCO07	CLCO2015	1
CLCO08	CLCO2015	1
CONPOIN	JUNE15	1
CYCENCR	KOAT2015	1
DEVBDAY	COOK58	1
DEVHAND	MAY15	1
DEVJERRY	SNCK151C	1
DEVSHOW	SNCK151C	1
DEVUGRAP	LTIME24	1
DINING	SNCK151A	1
DIVNINE	SD15ELOP	1
EASYEX	JULY15	1
EGBOBRD	JULY15	1
ENETIRE	ALKH2019	1
EQUALITY	COOK57	1
FEYNMAN	TCFS15P	1
FFUNCT	SD15ELOP	1
FRNDMTNG	JUNE15	1
FUZZYADD	SD15FLMR	1
GRAPHCNT	MAY15	1
GUARDS	SD15FLMR	1
GWBUT	COST2015	1
HAMILG	JULY15	1
HCLEAN	LTIME23	1
HISTJUNK	SNCK151A	1
HOB2	TSTAMR14	1
HOBB	EXCT2015	1
ICQ1	CDQT2015	1
ICQ2	CDQT2015	1
ICQ3	CDQT2015	1
ISONUM	SNCK151B	1
KDATZERO	KOAT2015	1
LAZY01	INLO2015	1
LCKYST	JULY15	1
LEGO	EXCT2015	1
LFIVES	COOK57	1
LIZARDS2	TCFS15P	1
MARKS	TCFS15P	1
MASNUM	KOAT2015	1
MASTRIAN	KOAT2015	1
MAXDIFFW	JULY15	1
MAXMATCH	LTIME24	1
MCHEF	JULY15	1
MDIST	LTIME24	1
MINPOLY	COOK58	1
MINWDSUM	TSTAMR14	1
MIRTREE	ALKH2019	1
MOREFB	JUNE15	1
MOUSCH01	INLO2015	1
MQRY	HOCO2015	1
MXZERO	SNCK151B	1
NGAME	DTMA2015	1
NICENESS	SD15FLMR	1
NOLOGIC	TSTAMR14	1
NOWAYS	HOCO2015	1
NTHCIR	JULY15	1
PALINREV	TCFS15P	1
PALPROB	LTIME23	1
PERFTIME	COST2015	1
PINOCH1	KOAT2015	1
PINOCH2	KOAT2015	1
PUCK	TCFS15P	1
RACEWARS	EXCT2015	1
RAMSINSP	SD15FLMR	1
REARRSTR	COOK58	1
RIT01	CODE2015	1
RIT02	CODE2015	1
RIT03	CODE2015	1
RNUM	SNCK151B	1
ROWCOLOP	TSTAMR14	1
RSTRING	DTMA2015	1
SCHEME01	INLO2015	1
SEADIVM	JUNE15	1
SEAGM2	JULY15	1
SETDIFF	MAY15	1
SEZ	MAY15	1
SFRNDS	COST2015	1
SHOPPING	MAY15	1
SHUFFLE2	SD15FLMR	1
SMCD5	SMCS2015	1
SMCD7	SMCS2015	1
SPIDY	TCFS15P	1
SPIDY2	TCFS15P	1
SPIT04	SPT2015	1
SPIT05	SPT2015	1
SPIT1	SPT2015	1
SPIT2	SPT2015	1
SPIT3	SPT2015	1
STRMCH	DBYZ15	0
UNPAIR	LTIME22	0
STRAB	COOK56	0
STRBIT	COOK56	0
VISITALL	COOK56	0
TRIDIM	CDPH2015	0
ASHIGIFT	LTIME22	1
AUSCRIC	DMNT2015	1
BANKPASS	DMNT2015	1
BIGO02	BIGO2015	1
BIGO03	BIGO2015	1
BIGO04	BIGO2015	1
BIGO05	BIGO2015	1
BITCJ1	BTCJ2015	1
BITCJ2	BTCJ2015	1
BITCJ3	BTCJ2015	1
BITCJ4	BTCJ2015	1
BITCJ5	BTCJ2015	1
BROKPHON	APRIL15	1
BWGAME	APRIL15	1
CARLOS	APRIL15	1
CDMN02	CDMN2015	1
CDMN03	CDMN2015	1
CDMN04	CDMN2015	1
CHEFANUP	LTIME22	1
CHEFBDAY	COMA2015	1
CHEFBWN	CDGO2015	1
CHEFLCM	APRIL15	1
CHOCS	MTHX2015	1
COMA01	COMA2015	1
COMA02	COMA2015	1
COMA03	COMA2015	1
COMA04	COMA2015	1
CSEQ	APRIL15	1
DBYZ15A	DBYZ15	1
DBYZ15B	DBYZ15	1
DBYZ15C	DBYZ15	1
DBYZ15F	DBYZ15	1
DBYZ15T	DBYZ15	1
DBYZ15T2	DBYZ15	1
DEVVOTE	APRIL15	1
DISPLAY	CDER2015	1
DIVGOLD	COOK56	1
DIVLAND	APRIL15	1
ESYYSE	CDER2015	1
FACT25	CDER2015	1
FASTFUR	MTHX2015	1
FRMQ	APRIL15	1
FROOT4	CDGO2015	1
GOC201	GOCD2015	1
GOC202	GOCD2015	1
GOC203	GOCD2015	1
GOC204	GOCD2015	1
GOC205	GOCD2015	1
GOOGOL01	GOOG2015	1
GOOGOL02	GOOG2015	1
GOOGOL03	GOOG2015	1
GOOGOL05	GOOG2015	1
GOOGOL06	GOOG2015	1
HELPND	CDER2015	1
ICQ4	CDQT2015	1
INC1	PRDN2015	1
INC2	PRDN2015	1
INC3	PRDN2015	1
INC4	PRDN2015	1
INC5	PRDN2015	1
IOPC15A	IOPC2015	1
IOPC15B	IOPC2015	1
IOPC15C	IOPC2015	1
IOPC15E	IOPC2015	1
IOPC15F	IOPC2015	1
IOPC15G	IOPC2015	1
IOPC15H	IOPC2015	1
IOPC15I	IOPC2015	1
IOPC15J	IOPC2015	1
IOPC15K	IOPC2015	1
IOPC15L	IOPC2015	1
IOPC15M	IOPC2015	1
IOPC15N	IOPC2015	1
IOPC15O	IOPC2015	1
IOPC15P	IOPC2015	1
IOPC15R	IOPC2015	1
ITM001	GOC2015	1
ITM002	GOC2015	1
ITM003	GOC2015	1
ITM004	GOC2015	1
KAN15RTA	KAN14ROS	1
KAN15RTB	KAN14ROS	1
KAN15RTC	KAN14ROS	1
KAN15RTD	KAN14ROS	1
KAN15RTE	KAN14ROS	1
KAN15RTF	KAN14ROS	1
KAN15RTG	KAN14ROS	1
KAN15RTI	KAN14ROS	1
KAN15RTJ	KAN14ROS	1
KAN15RTK	KAN14ROS	1
KAN15RTL	KAN14ROS	1
KINT	COOK56	1
KJCC01	KJCC1501	1
KJCC02	KJCC1501	1
KJCC03	KJCC1501	1
KJCC04	KJCC1501	1
KJCC05	KJCC1501	1
KJCC06	KJCC1501	1
KJCC07	KJCC1501	1
LDIGIT	ABYN2015	1
LPARTY	APRIL15	1
LUCBULB	ABYN2015	1
LUCKYBIT	ABYN2015	1
LUCKYR	CDER2015	1
LUCXOR	ABYN2015	1
MATHS	CDER2015	1
NCC3	NCC2015	1
NCC4	NCC2015	1
NCC6	NCC2015	1
NCC8	NCC2015	1
NCC9	NCC2015	1
PALIND	CDER2015	1
PCSC1	PITTCS15	1
PCSC10	PITTCS15	1
PCSC2	PITTCS15	1
PCSC3	PITTCS15	1
PCSC4	PITTCS15	1
PCSC5	PITTCS15	1
PCSC7	PITTCS15	1
PCSC8	PITTCS15	1
PCSC9	PITTCS15	1
PIANO1	APRIL15	1
PRIMPAL	CDPH2015	1
PSG01	COTG2015	1
PSG02	COTG2015	1
PSG03	COTG2015	1
PSG04	COTG2015	1
PSG05	COTG2015	1
PSUDO1	PSCD2015	1
PSUDO2	PSCD2015	1
PSUDO4	PSCD2015	1
PSUDO5	PSCD2015	1
REVER	CDER2015	1
RTREE	CDGO2015	1
ACUGRAM	ACMN2015	1
ACUGRAY	ACMN2015	1
CHINFL	JAN16	1
CHRIST01	GHC32020	1
TREECNT2	MARCH15	0
STRSUB	MARCH15	0
YJUMP	HUMP15R	0
STICK	HUMP15R	0
SWAPMATR	HUMP15R	0
TTEACH	BRCD2015	0
SURFRN	BRCD2015	0
TIME	CDTR1502	0
TOUR	CDTR1502	0
UCL1	INTW2020	0
SSHOES	INTW2020	0
XORSEQ	GHC32020	0
TRERMB	COOK116B	0
VISIONMS	COSQ2020	0
STRNM	CBEN2020	0
ACULIST	ACMN2015	1
ACUPALIN	ACMN2015	1
ACUPARA	ACMN2015	1
ACUSET	ACMN2015	1
ALPR2000	AGPR2020	1
ALPR2002	AGPR2020	1
ALPR2003	AGPR2020	1
ALPR2004	AGPR2020	1
ALPR2005	AGPR2020	1
ARH1704	DECA2017	1
ARHN07	ARHN1502	1
BCK2	GHC32020	1
BIT1501	BBYB2015	1
BIT1502	BBYB2015	1
BIT1505	BBYB2015	1
BIT1506	BBYB2015	1
BTCD1501	BYCD2015	1
BTCD1502	BYCD2015	1
BTCD1503	BYCD2015	1
BTCD1504	BYCD2015	1
BTCD1505	BYCD2015	1
BTCD1506	BYCD2015	1
BTCD1507	BYCD2015	1
BTCD1509	BYCD2015	1
BTCD1510	BYCD2015	1
CCUBE01	CCBE2015	1
CCUBE03	CCBE2015	1
CCUBE04	CCBE2015	1
CCUBE05	CCBE2015	1
CDSW151	CDSH2015	1
CDSW152	CDSH2015	1
CDSW153	CDSH2015	1
CDSW154	CDSH2015	1
CDSW155	CDSH2015	1
CHCBOX	COOK116B	1
CHEFCYCL	HUMP15R	1
CHEFGARD	HUMP15R	1
CHEFLAPT	HUMP15R	1
CHRIST02	GHC32020	1
CKTFEV	BRCD2015	1
CNOTE	MARCH15	1
COCR01	COCR2015	1
COCR02	COCR2015	1
COCR03	COCR2015	1
COCR04	COCR2015	1
COCR05	COCR2015	1
COCR06	COCR2015	1
COCR07	COCR2015	1
COCR08	COCR2015	1
COCR09	COCR2015	1
COG2001	COG2020	1
COG2002	COG2020	1
COG2003	COG2020	1
COG2004	COG2020	1
COG2005	COG2020	1
COG2006	COG2020	1
COG2007	COG2020	1
CORE2001	CORE2020	1
CORE2002	CORE2020	1
CORE2003	CORE2020	1
CORE2004	CORE2020	1
CORE2005	CORE2020	1
CORE2007	CORE2020	1
CUBEMOD	TCFS15P	1
CW1	CDWR2014	1
CW2	CDWR2014	1
CW3	CDWR2014	1
CW4	CDWR2014	1
CW6	CDWR2014	1
DCL2015A	DCL1501	1
DCL2015B	DCL1501	1
DCL2015D	DCL1501	1
DCL2015E	DCL1501	1
DCL2015F	DCL1501	1
DEVCLASS	MARCH15	1
DGAME	CDME2015	1
DLVORMIR	COSQ2020	1
DRKNGHT	CDME2015	1
DRSTRNGE	COSQ2020	1
EMBED	MARCH15	1
ESCTRE	COOK116B	1
FBFRW1	FBFRW15	1
FBFRW2	FBFRW15	1
FBFRW3	FBFRW15	1
FBFRW4	FBFRW15	1
FBFRW5	FBFRW15	1
FTALES01	GHC32020	1
GBPMAX	INTW2020	1
GIFTSRC	COOK116B	1
HOLES2	CDHU2015	1
HRJMP	KQKM2020	1
LARA	COSQ2020	1
LMS	INTW2020	1
LOLCHOC	INTW2020	1
LPATH	CDME2015	1
MAXBTY	COOK116B	1
MBIDOL	INTW2020	1
MORALE99	INTW2020	1
MULTIPLY	CDTR1502	1
MYSARA	COOK116B	1
NUMWAY	INTW2020	1
ONEPIECE	COSQ2020	1
OVERTAKE	HUMP15R	1
PALHAPPY	BRCD2015	1
PERMWAR	CBEN2020	1
PRFUN	CDME2015	1
PRGOTHAM	COSQ2020	1
PRPAL3	CDHU2015	1
PRYS01	PRYS2015	1
PRYS02	PRYS2015	1
PRYS04	PRYS2015	1
PRYS05	PRYS2015	1
PRYS06	PRYS2015	1
PRYS07	PRYS2015	1
PRYS08	PRYS2015	1
PRYS09	PRYS2015	1
PRYS11	PRYS2015	1
QCHEF	MARCH15	1
QUERIES	CDTR1502	1
RACING	TCFS15P	1
RAGOOD	BRCD2015	1
RANDCHCL	COOK116B	1
RNG	MARCH15	1
SEAPROAR	MARCH15	1
SIGNWAVE	MARCH15	1
SORT4	CDHU2015	1
TOARR	CBEN2020	0
TRIPS	OCT14	0
VERYTALL	UPGD2020	0
WOWSTRNG	UPGD2020	0
UPGD2001	UPGD2020	0
UPGD2002	UPGD2020	0
UPGD2003	UPGD2020	0
UPGD2004	UPGD2020	0
UPGD2005	UPGD2020	0
UPGD2006	UPGD2020	0
UPGD2007	UPGD2020	0
UPGD2008	UPGD2020	0
UPGD2009	UPGD2020	0
UPGD2010	UPGD2020	0
STOCKMAX	CACD2020	0
TCFL20B	TCFL2020	0
TCFL20C	TCFL2020	0
TCFL20D	TCFL2020	0
TCFL20E	TCFL2020	0
TCFL20A	TCFL2020	0
TCFL20F	TCFL2020	0
SWAPPALI	LTIME81B	0
UWCOI20A	UWCOI20	0
UWCOI20B	UWCOI20	0
UWCOI20C	UWCOI20	0
UWCOI20D	UWCOI20	0
UWCOI20E	UWCOI20	0
UWCOI20F	UWCOI20	0
UWCOI20G	UWCOI20	0
STROCK	CUBE2020	0
SUBTWOPO	CUBE2020	0
TEMPLE	STRT2020	0
TMHA01	TMHA2020	0
SUBMAXA	COOK115B	0
XORGM	COOK115B	0
ADASHOP2	MARCH20B	1
AJP	CACD2020	1
ALR20A	ALRA2020	1
ALR20B	ALRA2020	1
ALR20C	ALRA2020	1
ALR20E	ALRA2020	1
ALR20F	ALRA2020	1
BC20R101	LEED2020	1
BC20R102	LEED2020	1
BC20R103	LEED2020	1
BC20R104	LEED2020	1
BC20R105	LEED2020	1
BDRYIIST	CUBE2020	1
BEEANCES	ZING2020	1
BOXINBOX	STRT2020	1
BREAK	MARCH20B	1
BTREE	OCT14	1
CC000	HECS2020	1
CC001	HECS2020	1
CC002	HECS2020	1
CC003	HECS2020	1
CC004	HECS2020	1
CC005	HECS2020	1
CEMENT	STRT2020	1
CHEFA	LTIME16	1
CHEFB	LTIME16	1
CHEFC	LTIME16	1
CHEFD	LTIME16	1
CHEFDAG	MARCH20B	1
CHEFPNT	OCT14	1
CHEFSQUA	OCT14	1
CHFDGT	CACD2020	1
CHFDIV	COOK115B	1
CHPINTU	MARCH20B	1
CODE_00	COM12020	1
CODE_01	COM12020	1
CODE_02	COM12020	1
CODE_03	COM12020	1
CODE_04	COM12020	1
CORTREE	LTIME81B	1
CRWDCN	STRT2020	1
CYCLCSUM	COOK115B	1
DCC201	DCC2020	1
DCC202	DCC2020	1
ECFEB201	ENFE2020	1
ECFEB202	ENFE2020	1
ECFEB203	ENFE2020	1
ECFEB204	ENFE2020	1
ECFEB205	ENFE2020	1
ECFEB206	ENFE2020	1
ECFEB207	ENFE2020	1
EGGFREE	MARCH20B	1
ENGXOR	MARCH20B	1
GOODSEGS	MARCH20B	1
ICM2001	ICM2020	1
ICM2002	ICM2020	1
ICM2003	ICM2020	1
ICM2004	ICM2020	1
ICM2005	ICM2020	1
ICM2006	ICM2020	1
ICM2007	ICM2020	1
ICM2008	ICM2020	1
IITK1P01	WPC1401	1
IITK1P02	WPC1401	1
IITK1P03	WPC1401	1
IITK1P06	WPC1401	1
IITK1P07	WPC1401	1
IITK1P08	WPC1401	1
IITK1P09	WPC1401	1
IITK1P10	WPC1401	1
IITK1P11	WPC1401	1
INSM01	INSM2014	1
INVXOR	MARCH20B	1
KQM23A	KQM2020	1
KQM23B	KQM2020	1
KQM24A	QM242020	1
KQM24B	QM242020	1
LAZERTST	MARCH20B	1
LGST	ZING2020	1
LUCKYNO	STRT2020	1
MAKEOR	ZING2020	1
MDSWIN2	MARCH20B	1
MODME	CACD2020	1
MONSTBAT	LTIME81B	1
MSITNT	ZING2020	1
NCC002	NCC2020	1
NCC003	NCC2020	1
NCC004	NCC2020	1
NCC005	NCC2020	1
NOTALLFL	LTIME81B	1
PAINTERP	LTIME81B	1
PEPPERA	COOK115B	1
POPGATES	LTIME81B	1
PPPR	CACD2020	1
PRIMEBIT	STRT2020	1
PRLADDU	OCT14	1
PROFDE	STRT2020	1
PRPOTION	OCT14	1
PSHOT	COOK115B	1
QM22A	KQ222020	1
QM22B	KQ222020	1
QUADEQN	UPGD2020	1
RANPRO	STRT2020	1
RESVATK	CBEN2020	1
ROBINFW	CUBE2020	1
RPTBIN	CBEN2020	1
RRMM	CACD2020	1
SALARSQL	UPGD2020	1
SEATSR	OCT14	1
SECRETMI	LTIME81B	1
SGE	CACD2020	1
SLAB	COOK115B	1
TRNSN	ONCO2020	0
VIVAL	DOEX2015	0
WPROB	LTIME21	0
SUBARRAY	COOK55	0
SPSHORT	COOK55	0
TRISQ	COOK55	0
WORLDCUP	COOK55	0
STFM	FEB15	0
STRQ	FEB15	0
XRMTRX	FEB15	0
TSORTA	CDCRF15R	0
THIEF	CDCRF15R	0
XC201	XCPT2015	0
XC103	XCPT2015	0
XC204	XCPT2015	0
XC202	XCPT2015	0
XC203	XCPT2015	0
SWAPS	CDSU2015	0
VOGOZO	INPR1503	0
TWINRO	INPR1503	0
ACMICL2	ICL2015	1
ACMICL3	ICL2015	1
ACMICL4	ICL2015	1
ACMICL5	ICL2015	1
ALMA01	ALMA2015	1
ALMA03	ALMA2015	1
ALMA04	ALMA2015	1
ALMA05	ALMA2015	1
ALNUM	MDSW2015	1
BI01	BION2015	1
BI02	BION2015	1
BI03	BION2015	1
BOMB	ONCO2020	1
CD1IT1	DCOD2015	1
CD1IT2	DCOD2015	1
CD1IT3	DCOD2015	1
CD1IT4	DCOD2015	1
CDBSTR1	CDBR2015	1
CDBSTR2	CDBR2015	1
CDBSTR3	CDBR2015	1
CDBSTR4	CDBR2015	1
CDBSTR5	CDBR2015	1
CDBSTR6	CDBR2015	1
CDBSTR7	CDBR2015	1
CDCR15_1	CDCR2015	1
CDCR15_2	CDCR2015	1
CDCR15_3	CDCR2015	1
CDCR15_4	CDCR2015	1
CDCR15_5	CDCR2015	1
CDCUR02	COTS2020	1
CDCUR03	COTS2020	1
CDCUR05	COTS2020	1
CDMU01	CDMU2015	1
CDMU02	CDMU2015	1
CDMU03	CDMU2015	1
CDMU04	CDMU2015	1
CDMU05	CDMU2015	1
CDMU06	CDMU2015	1
CDTHN	MDSW2015	1
CDVA1501	CDVA2015	1
CDVA1502	CDVA2015	1
CDVA1504	CDVA2015	1
CDVA1505	CDVA2015	1
CDVA1507	CDVA2015	1
CDVA1508	CDVA2015	1
CDVA1510	CDVA2015	1
CHBILL	DOEX2015	1
CHEFEQ	FEB15	1
CHEFGRPH	FEB15	1
CHPUZZLE	FEB15	1
COC	ONCO2020	1
COPERM	CDCRF15R	1
CPAL	CDCRF15R	1
CRANPAIR	CRNM2015	1
CRANQRYS	CRNM2015	1
CRANREVG	CRNM2015	1
CRNMBDRP	CRNM2015	1
CSIXIEAN	CODC2015	1
CSIXIEPA	CODC2015	1
CSIXIEVR	CODC2015	1
CSUBARR	CDCRF15R	1
CULPRO	INPR1501	1
CUSTPRIM	FEB15	1
CWAMR101	CDWR1501	1
CWAMR102	CDWR1501	1
CWAMR104	CDWR1501	1
CWAMR105	CDWR1501	1
CWAYS	CDCRF15R	1
CZPR01	CSZLPR15	1
CZPR02	CSZLPR15	1
CZPR03	CSZLPR15	1
CZPR04	CSZLPR15	1
DCC203	DCC2020	1
DCC204	DCC2020	1
DCC205	DCC2020	1
DCC206	DCC2020	1
DDCP	DOEX2015	1
DECOPAIR	DECO2020	1
DECOREST	DECO2020	1
DECOSNKE	DECO2020	1
DECOSUM	DECO2020	1
DECOXOR	DECO2020	1
DEVLOCK	FEB15	1
DOMSOL	INPR1501	1
DSET	CDCRF15R	1
FCUBE	LTIME21	1
FOMBRO	COOK55	1
GLBEGA	INPR1502	1
HELPME	DOEX2015	1
IDCLOVE	MDSW2015	1
IDCMSG	MDSW2015	1
IGNUS15A	IGNU2015	1
IGNUS15B	IGNU2015	1
IGNUS15C	IGNU2015	1
IGNUS15D	IGNU2015	1
IGNUS15E	IGNU2015	1
IWIN	PSYC2015	1
JNTUV1	CDTR2015	1
JNTUV2	CDTR2015	1
JNTUV3	CDTR2015	1
JNTUV4	CDTR2015	1
JOV	MDSW2015	1
KAMLIKE	CORS2020	1
LDRBRD	ONCO2020	1
LETRI	DOEX2015	1
LOLOL	CDCRF15R	1
LUCKFOUR	LTIME21	1
MGLISD	ONCO2020	1
MHTBAG	CDSU2015	1
MHTCLASS	CDSU2015	1
MHTPAIR	CDSU2015	1
NXS1	REER2020	1
NXS2	REER2020	1
NXS4	REER2020	1
OWNPC	CORS2020	1
PENEVAL	CORS2020	1
PNUM	CDCRF15R	1
PRDIV	CDSU2015	1
PSWRD	ONCO2020	1
QM21A	QM212020	1
QM21B	QM212020	1
QUTREE	CDCRF15R	1
RANKLIST	FEB15	1
REACAR	INPR1502	1
SMAUG	CDCRF15R	1
SWEET	PSYC2015	0
SUBMAT	GRCO2015	0
SUBSORT	GRCO2015	0
SUBGCD	COOK50	0
TADELIVE	LTIME19	0
TASUMOBC	LTIME19	0
TAQTREE	LTIME19	0
TASTRMAT	LTIME19	0
XC102	XCEP2014	0
XC104	XCEP2014	0
XC105	XCEP2014	0
XC106	XCEP2014	0
XC107	XCEP2014	0
XORSUB	DEC14	0
TKCHOCS	ICPC14PR	0
TARPRACT	ICPC14PR	0
YASEQ	ICPC14PR	0
TAKEAWAY	ICPC14PR	0
ANUAHR	COOK54	1
ANUBTG	COOK54	1
ANURRZ	COOK54	1
ANUTHM	COOK54	1
ARHN01	ARHN1502	1
ARHN04	ARHN1502	1
ARHN06	ARHN1502	1
ARHN08	ARHN1502	1
ARHN09	ARHN1502	1
ARHN10	ARHN1502	1
CAPPLE	DEC14	1
CCCS1	CDST2014	1
CCCS2	CDST2014	1
CCCS4	CDST2014	1
CDXM1	EQBR2014	1
CDXM2	EQBR2014	1
CDXM3	EQBR2014	1
CDXM4	EQBR2014	1
CHEFARR	DINP1501	1
CHEFHILL	DINP1501	1
CHEFMOON	DINP1501	1
CHEFPOW	DINP1501	1
CHEFPRES	DEC14	1
CHEFROAD	DINP1501	1
CHEFSTON	JAN15	1
CHOC	PSYC2015	1
CIELGAME	ICPC14PR	1
CIELNUM1	ICPC14PR	1
CIELNUM2	ICPC14PR	1
CIELWEB	ICPC14PR	1
CLPERM	JAN15	1
CN02	CONI2015	1
CN03	CONI2015	1
CN04	CONI2015	1
CN05	CONI2015	1
COLLIDE	ICPC14PR	1
COMMUTE	ICPC14PR	1
DIGROT	ICPC14PR	1
DIVIDEN	DEC14	1
DRAGNXOR	ICPC14PR	1
EQUINUM	GRCO2015	1
EXPCOMM	ICPC14PR	1
FALLDOWN	ICPC14PR	1
FIBGCD	DINP1501	1
FLOORSMV	ICPC14PR	1
GCDQ	JAN15	1
GOODGAL	DEC14	1
GROUPING	ICPC14PR	1
HOTEL	ICPC14PR	1
IITK2P01	WPC1501	1
IITK2P02	WPC1501	1
IITK2P03	WPC1501	1
IITK2P04	WPC1501	1
IITK2P05	WPC1501	1
IITK2P06	WPC1501	1
IITK2P08	WPC1501	1
IITK2P09	WPC1501	1
IITK2P10	WPC1501	1
INSM02	INSM2014	1
INSM03	INSM2014	1
INSM04	INSM2014	1
INSM05	INSM2014	1
INSM06	INSM2014	1
K15A	KRKS2015	1
K15B	KRKS2015	1
K15C	KRKS2015	1
K15D	KRKS2015	1
K15F	KRKS2015	1
K15G	KRKS2015	1
K15H	KRKS2015	1
K15I	KRKS2015	1
K15J	KRKS2015	1
K15K	KRKS2015	1
KALKI	DEC14	1
KCHIPS	ICPC14PR	1
KGP14A	KGP14ROS	1
KGP14B	KGP14ROS	1
KGP14C	KGP14ROS	1
KGP14D	KGP14ROS	1
KGP14F	KGP14ROS	1
KGP14G	KGP14ROS	1
KGP14H	KGP14ROS	1
KGP14I	KGP14ROS	1
KGP14J	KGP14ROS	1
KSUBSUM	ICPC14PR	1
LASTDIG	ICPC14PR	1
LCH15CD	LTIME20	1
LCH15JAB	LTIME20	1
LCH15JEF	LTIME20	1
LCH15JGH	LTIME20	1
MAJNUM	GRCO2015	1
NDLVOTE	ICPC14PR	1
NUMMAX3	GRCO2015	1
NXTBIG	GRCO2015	1
ONEKING	JAN15	1
PAIRING	ICPC14PR	1
PALIPALI	ICPC14PR	1
PRAC	PSYC2015	1
PREPARE	ICPC14PR	1
PRVG151	PRVG2015	1
PRVG152	PRVG2015	1
PRVG153	PRVG2015	1
PRVG154	PRVG2015	1
PUZZLES	ICPC14PR	1
QUCOATO	QUCO2014	1
QUCOBIC	QUCO2014	1
QUCOCYL	QUCO2014	1
QUCOITA	QUCO2014	1
QUCOLCM	QUCO2014	1
RECBOX	RCSN2015	1
RECCKT	RCSN2015	1
RECMSG	RCSN2015	1
RECPLA	RCSN2015	1
RECREP	RCSN2015	1
REPUB	PSYC2015	1
RIN	DEC14	1
RRJAM	COOK53	1
RRJOKE	COOK53	1
RRMTRX2	COOK53	1
RRPLAYER	COOK53	1
RRSERVER	COOK53	1
SANSKAR	DEC14	1
SEAGCD	DEC14	1
SEALCM	JAN15	1
SEAND2	JAN15	1
SEAVOTE	JAN15	1
SEEDS	ICPC14PR	1
TAVISUAL	ICPC14PR	0
TAPALIN	ICPC14PR	0
TABUS	ICPC14PR	0
TASTR	ICPC14PR	0
TABISHOP	ICPC14PR	0
TCP	ICPC14PR	0
STRDIG	ICPC14PR	0
WTHINGS	ICPC14PR	0
WSCAGAIN	LTIME18	0
WSC	LTIME18	0
TOMJER	MTRX2014	0
STIKGAME	MTRX2014	0
THUNT	CDAV2014	0
TRAP	CDAV2014	0
SUBLCM	COOK50	0
WW2	COOK50	0
UPDTREE	COOK50	0
TYTACTIC	TSTKAN14	0
TRANSFIG	TSTKAN14	0
UASEQ	SEPT14	0
ACM14KG2	KGP14ROL	1
ACM14KG3	KGP14ROL	1
ACM14KG4	KGP14ROL	1
ACM14KG5	KGP14ROL	1
ACM14KN1	KAN14ROL	1
ACM14KN2	KAN14ROL	1
ACM14KN3	KAN14ROL	1
ACM14KN4	KAN14ROL	1
ACM14KP1	KG14ROL2	1
ACM14KP2	KG14ROL2	1
ACM14KP3	KG14ROL2	1
ACM14KP4	KG14ROL2	1
ACM14KP5	KG14ROL2	1
AMM45	CDZP2014	1
AMRIT13A	ICPC14PR	1
AMRIT13B	ICPC14PR	1
AMRIT13C	ICPC14PR	1
AMRIT13D	ICPC14PR	1
AMRIT13E	ICPC14PR	1
AMRIT13F	ICPC14PR	1
ANUBGC	ICPC14PR	1
ANUBTT	ICPC14PR	1
ANUDTC	ICPC14PR	1
ANUSAR	ICPC14PR	1
ANUUND	ICPC14PR	1
ATKCTR	ICPC14PR	1
ATTIC	TSTKAN14	1
BALL	ICPC14PR	1
BICO	ICPC14PR	1
BKW	CDZP2014	1
BRACKETS	COOK52	1
CAN1	CDZP2014	1
CARVANS	ICPC14PR	1
CBLOCKS	ICPC14PR	1
CCH	CDAV2014	1
CDTR01	CDTR2014	1
CDTR02	CDTR2014	1
CHEFINV	SEPT14	1
CHEFLR	SEPT14	1
CHEFSEG	NOV14	1
CHEFTR	CDSM2014	1
CHEFWORD	NOV14	1
CHFBOOKS	CDSM2014	1
CHFFIELD	CDSM2014	1
CHFMAX	CDSM2014	1
CIELLAND	ICPC14PR	1
COALSCAM	ICPC14PR	1
COVERING	COOK52	1
CREDCHOC	CLASH14	1
CREDDIST	CLASH14	1
CREDEXAM	CLASH14	1
CREDLEAD	CLASH14	1
CREDMAEX	CLASH14	1
CREDPLWD	CLASH14	1
CREDROPE	CLASH14	1
DCQ1401	COQU2014	1
DCQ1402	COQU2014	1
DCQ1403	COQU2014	1
DCQ1404	COQU2014	1
DCQ1405	COQU2014	1
DFSGRID	ICPC14PR	1
DISCHAR	NOV14	1
DIVGAME	ICPC14PR	1
DIVIDE	LTIME18	1
DIVIDING	ICPC14PR	1
DIVQUERY	ICPC14PR	1
DQPERMS	ICPC14PR	1
FACTORIZ	SEPT14	1
FIBTREE	SEPT14	1
FINDHOLE	ICPC14PR	1
FLAGS	ICPC14PR	1
FLITKT	MTRX2014	1
FLOORI4	SEPT14	1
FNCS	NOV14	1
GERALD03	ICPC14PR	1
GERALD04	ICPC14PR	1
GERALD05	ICPC14PR	1
GERALD06	ICPC14PR	1
GERALD3	ICPC14PR	1
GRID	COOK50	1
GRIDCOL	ICPC14PR	1
GRIDCONN	LTIME18	1
IDOLS	ICPC14PR	1
INVITES	TSTKAN14	1
JERYFIBO	MTRX2014	1
KAN13A	ICPC14PR	1
KAN13B	ICPC14PR	1
KAN13C	ICPC14PR	1
KAN13D	ICPC14PR	1
KAN13E	ICPC14PR	1
KAN13F	ICPC14PR	1
KAN13G	ICPC14PR	1
KAN13H	ICPC14PR	1
KAN13I	ICPC14PR	1
KNPSK	ICPC14PR	1
LCK	CDAV2014	1
LIGHTS	ICPC14PR	1
LSTGRPH	COOK52	1
MINMAX	ICPC14PR	1
MINXOR	ICPC14PR	1
MOSTDIST	COOK52	1
MSTRINGS	ICPC14PR	1
PALIN3	ICPC14PR	1
PETERSEN	COOK52	1
PND	CDAV2014	1
PNTNG	ICPC14PR	1
POWER	CDAV2014	1
POWERMUL	NOV14	1
PPERM	ICPC14PR	1
PRPALN	NOV14	1
PRST	CDZP2014	1
PSTRINGS	ICPC14PR	1
PTOSS	ICPC14PR	1
QRECT	SEPT14	1
RADRAM	CDZP2014	1
RAINBOWB	SEPT14	1
RANKA	JAN15	1
RBTREE	NOV14	1
RIGHTRI	ICPC14PR	1
RNEST	ICPC14PR	1
ROTATION	SEPT14	1
SEABUB	SEPT14	1
SEAORD	NOV14	1
SEAPERM2	NOV14	1
SNAPE	ICPC14PR	1
SPELL	NOV14	1
WALL	LTIME15	0
TREEGAME	COOK49	0
TREERGB	COOK49	0
TSHIRTS	AUG14	0
TAAND	LTIME14	0
TASHIFT	LTIME14	0
TALCA	LTIME14	0
TAEDITOR	LTIME14	0
WATER	UCOD2020	0
THEATRE	FEB20B	0
THCOM	ALKH2019	0
WWCD	CDUT2019	0
XORMIN	APRIL19A	0
TINBIT	FOLG2020	0
WW3	BLIT2020	0
TREETR	HK362020	0
WORK	COMA2020	0
STFOOD	LTIME80B	0
SUBREM	APRIL19A	0
STRCH	APRIL19A	0
XYBACT	AABH2020	0
STRTLN	AABH2020	0
TWKNGS	AABH2020	0
XORSGT	AABH2020	0
BEGEVY	FOLG2020	1
BFRIEND	LTIME80B	1
BOARDS	UCOD2020	1
BPAIRS	COMA2020	1
BRUET	FOLG2020	1
CANYOU	HK362020	1
CARR	LTIME80B	1
CASH	FEB20B	1
CBCP20P1	CBCP2020	1
CCDSAP	LTIME80B	1
CHEFOFR	APRIL19A	1
CHEFRAIL	FEB20B	1
CHGORAM2	FEB20B	1
CHOCOPI	COFW2020	1
CJQK01	CJQK2020	1
CJQK02	CJQK2020	1
CJQK03	CJQK2020	1
CJQK04	CJQK2020	1
CJQK05	CJQK2020	1
CLETAB	AUG14	1
CLSRE	FOLG2020	1
CPCP20P2	CBCP2020	1
CREDNCSM	CLASH14	1
CREDVOLC	CLASH14	1
CRICBZ	AABH2020	1
CRRPOS	BLIT2020	1
CSUB	JULY14	1
CTST	CDUT2019	1
CUPID	COMA2020	1
DANOW	ALKH2019	1
DELV	CDUT2019	1
DICT	BLIT2020	1
DIMON	COFW2020	1
DIVGM	CDUT2019	1
DRAGONST	LTIME15	1
DSEXAM	UCOD2020	1
ECJAN20A	ENJA2020	1
ECJAN20B	ENJA2020	1
ECJAN20C	ENJA2020	1
ECJAN20D	ENJA2020	1
ECJAN20E	ENJA2020	1
ECJAN20F	ENJA2020	1
ECJAN20G	ENJA2020	1
ECJAN20H	ENJA2020	1
ECJAN20I	ENJA2020	1
EQUAKE	AUG14	1
ESY2	BLIT2020	1
EXPCH	FEB20B	1
FEARNG	FOLG2020	1
FENCE	APRIL19A	1
FFC320A	FFC32020	1
FFC320B	FFC32020	1
FFC320C	FFC32020	1
FFC320D	FFC32020	1
FFC320E	FFC32020	1
FFC320G	FFC32020	1
FPAIRS	HK362020	1
GAME2048	PRCNSR14	1
GERALD09	JULY14	1
GIVENGET	COFW2020	1
GMPLAY	FOLG2020	1
GNUM	JULY14	1
HCODE01	HOCO2020	1
HCODE02	HOCO2020	1
HCODE03	HOCO2020	1
HCODE04	HOCO2020	1
HCODE05	HOCO2020	1
HCODE06	HOCO2020	1
HHAL	LTIME15	1
HLPSUG	PRCNSR14	1
HPYBDAY	PRCNSR14	1
HTLPLM	PRCNSR14	1
IRONISL	LTIME15	1
JGEC	AABH2020	1
KLPM	APRIL19A	1
KQM19A	QM192020	1
KQM19B	QM192020	1
LEPAINT	JULY14	1
LEXANALZ	COFW2020	1
LONGCOOK	FEB20B	1
LUCKG	JULY14	1
MAXREM	APRIL19A	1
MILC	CDUT2019	1
MINMAXIN	LTIME80B	1
MOU2H	AUG14	1
MULSTR	HK362020	1
MXVAL	COFW2020	1
NOCHANGE	FEB20B	1
NOTSO	HK362020	1
ODTPIC	AABH2020	1
OMNA	CDUT2019	1
ONELAND	HK362020	1
PAPER	LTIME80B	1
PLEAS	HK362020	1
PLTGRP	PRCNSR14	1
POLCHAIN	FEB20B	1
POPTUNNL	LTIME80B	1
PRDSUM	COMA2020	1
PRGIFT	AUG14	1
PRLM1	BLIT2020	1
PRLM2	BLIT2020	1
PROMLIV	ALKH2019	1
PUSHFLOW	AUG14	1
QM20A	QM202020	1
QM20B	QM202020	1
RAISINS	FEB20B	1
RETPO	JULY14	1
REVERSE	AUG14	1
RRCOPY	COOK48	1
RRDAG	COOK48	1
RRFRNDS	COOK48	1
RRSUM	COOK48	1
RRTREE2	COOK48	1
SATY0000	ALKH2019	1
SEAEQ	JULY14	1
SEASHUF	AUG14	1
SERIES	COMA2020	1
SGARDEN	JULY14	1
SHOOTING	COOK49	1
SIGFIB	AUG14	1
SJ1	APRIL19A	1
SNUG_FIT	FEB20B	1
TM19A	KQM12020	0
TM19B	KQM12020	0
SRCOR1	SRCO2020	0
SRCOR2	SRCO2020	0
SRCOR3	SRCO2020	0
SRCOR4	SRCO2020	0
SRCOR5	SRCO2020	0
VILLINE	PLIT2020	0
SRCHENGN	PLIN2020	0
UKP1	PLIN2020	0
TRIPPY	PLIN2020	0
WGTNKLC	KA19MOS	0
WALK4	KA19MOS	0
TATU	NITC2020	0
SSEC0004	SSCC2020	0
SSEC0005	SSCC2020	0
SSEC0006	SSCC2020	0
SSEC0010	SSCC2020	0
SSEC0020	SSCC2020	0
SSEC0015	SSCC2020	0
TOBY	CSEP2020	0
STRING	ABCC2020	0
TWOGREAT	FOYO2019	0
ANTHILL	JAN20B	1
ANURAJ	ICOP1806	1
ARMYOFME	JAN20B	1
AVGRTRP	BITF2017	1
AYPA	COSS2020	1
BALASEQ	PLIN2020	1
BANSTR	PLIT2020	1
BEAUAR	KA19MOS	1
BLKWID	BITF2017	1
BOWLERS	COOK122B	1
BRBAL	COOK122B	1
BRKBKS	JAN20B	1
BTC55	FOYO2019	1
BULBS	COOK122B	1
CDUTSV01	HEST2020	1
CDUTSV03	HEST2020	1
CDUTSV04	HEST2020	1
CDUTSV05	HEST2020	1
CFINASUM	COOK114B	1
CFS2001	CFUS2020	1
CFS2002	CFUS2020	1
CFS2003	CFUS2020	1
CFS2004	CFUS2020	1
CFS2005	CFUS2020	1
CFS2006	CFUS2020	1
CFS2007	CFUS2020	1
CHEFARMY	JAN20B	1
CHFCHK	COOK114B	1
CHUNO	NITC2020	1
CNTIT	COOK114B	1
CNTSET	PLIN2020	1
COWA19A	COWR2020	1
COWA19B	COWR2020	1
COWA19C	COWR2020	1
COWA19E	COWR2020	1
COWA19F	COWR2020	1
CUPACO	PLIT2020	1
DFMTRX	JAN20B	1
DIG11	FOYO2019	1
EDGY	APRIL19A	1
EIG8	FOYO2019	1
ENGLISH	JAN20B	1
EVOTECH4	EVOT2020	1
EXAMCHT	COOK114B	1
FCIPL	KA19MOS	1
FIXT	NITC2020	1
GCDFUN	PLIN2020	1
GFPOOL	ABCC2020	1
GKSMNHM	COFY2020	1
GKSMNIP	COFY2020	1
GKSMNIVC	COFY2020	1
GKSMNRSK	COFY2020	1
GKSMNRTD	COFY2020	1
GORIV	CSEP2020	1
GPHLBL	COOK122B	1
GRUBAN	PLIT2020	1
GRUMARS	PLIT2020	1
GRUSORT	PLIT2020	1
GVAWAY	KA19MOS	1
IMI55	FOYO2019	1
IRVS	CSEP2020	1
JOJOA	CSEP2020	1
JTSARTR	COOK122B	1
KPRB	KA19MOS	1
LULD	FOYO2019	1
LZYG	COSS2020	1
MADOMA	NITC2020	1
MAGC	NITC2020	1
MAR14	FOYO2019	1
MATHCHEF	ABCC2020	1
MATP	COSS2020	1
MINDIST	KA19MOS	1
MINIAND	PLIT2020	1
MINIKILL	PLIT2020	1
MININS	COOK122B	1
MINMAX3	ICOP1806	1
MITLOV	NITC2020	1
MTLS	NITC2020	1
MVAL	COOK122B	1
NCR19	FOYO2019	1
NIRURAM2	CSEP2020	1
NW1	LTIME55	1
OTSERC	PLIN2020	1
OWCAFILE	JAN20B	1
PARTCNT	ICOP1806	1
PASSHACK	ABCC2020	1
PJCYP	PLIN2020	1
POGOSTCK	LTIME70B	1
POINT	ABCC2020	1
PRF8	FOYO2019	1
PRMPRT	KA19MOS	1
PRT	COOK114B	1
PUZZ15	FOYO2019	1
RECTARAN	APRIL19A	1
RGAND	COOK114B	1
SAMN	COSS2020	1
SC_01	SCAT2020	1
SC_02	SCAT2020	1
SC_03	SCAT2020	1
SC_05	SCAT2020	1
SCGOR1	SCGO2020	1
SCGOR2	SCGO2020	1
SCGOR3	SCGO2020	1
SCGOR4	SCGO2020	1
SCGOR5	SCGO2020	1
SDCOR1	SDCO2020	1
SDCOR2	SDCO2020	1
SDCOR3	SDCO2020	1
SDCOR4	SDCO2020	1
SDCOR5	SDCO2020	1
SDCOR6	SDCO2020	1
SNAR	COSS2020	1
SONIQUE	APRIL19A	1
SOPC001	SAPC2019	1
SOPC006	SAPC2019	1
SOPC008	SAPC2019	1
SOPC010	SAPC2019	1
SOPC012	SAPC2019	1
SOPC013	SAPC2019	1
SOPC019	SAPC2019	1
SPACEWLK	PLIN2020	1
SPCEXM	PLIN2020	1
SPCWAR	PLIN2020	1
TSTROBOT	LTIME70B	0
TREF	LTIME70B	0
TRVLCHEF	LTIME70B	0
WONWOM	BITF2017	0
SUPGLRES	BITF2017	0
TOWIN	DEM2020	0
TOPCHEF	CHIL2020	0
WANNABET	CHIL2020	0
WSQUER	CHIL2020	0
TOTEM	COOK120B	0
XORCIST	COOK120B	0
UCL	COOK104B	0
TFB2DW	COOK104B	0
ABX03	LTIME55	1
ACCBIP	AUG20B	1
ADAKING	JULY20B	1
ADCHEF	TECA2019	1
ANAVIL	BITF2017	1
ANTS	AUG20B	1
ARMYHELP	PAHC2020	1
AVH03	ENMA2019	1
AVH04	ENMA2019	1
BEACIRC	DEM2020	1
BHPORSRP	COMT2020	1
BINARR	COVO2020	1
BINCOIN	PAHC2020	1
BINFUN	LTIME86B	1
BININSC	CHIL2020	1
BOJACK	COOK120B	1
BREAKUP	CHIL2020	1
BSP1	BGS12020	1
BSPDP0	BGS12020	1
BSPDP1	BGS12020	1
BSPDP2	BGS12020	1
BSPSTR	BGS12020	1
BUNKGUY	CEFT2020	1
CATSRATS	COOK104B	1
CENS20A	CENS2020	1
CENS20B	CENS2020	1
CENS20C	CENS2020	1
CENS20D	CENS2020	1
CENS20E	CENS2020	1
CENS20F	CENS2020	1
CENS20G	CENS2020	1
CHECHOC	LTIME86B	1
CHEF1001	BING2020	1
CHEF1003	BING2020	1
CHEF1004	BING2020	1
CHEF1005	BING2020	1
CHEFCAKE	QFUN2020	1
CHEFCOMP	AUG20B	1
CHEFJUMP	PAHC2020	1
CHEFMOD	COOK120B	1
CHEFSTEP	LTIME86B	1
CHEFSTR1	JULY20B	1
CHEFWARS	AUG20B	1
CHEFWED	AUG20B	1
CHEMFACT	QFUN2020	1
CHFOP	ENMA2019	1
CHFQ	ENMA2019	1
CHGM	ENMA2019	1
CHLOVE	CHIL2020	1
CKOJ20A	COJK2020	1
CKOJ20B	COJK2020	1
CKOJ20C	COJK2020	1
CKOJ20D	COJK2020	1
CKOJ20E	COJK2020	1
CMX1P01	COMX2020	1
CMX1P02	COMX2020	1
CMX1P03	COMX2020	1
CMX1P05	COMX2020	1
CNVX4HUL	COOK104B	1
COPAIR	LTIME86B	1
COV2TREE	COVO2020	1
CRCLJUMP	QFUN2020	1
CRDGAME	JULY20B	1
CRDGAME3	AUG20B	1
DGTMAGIC	QFUN2020	1
ECAUG201	ENAU2020	1
ECAUG202	ENAU2020	1
ECAUG203	ENAU2020	1
ECAUG204	ENAU2020	1
ECAUG206	ENAU2020	1
ECAUG207	ENAU2020	1
ECAUG208	ENAU2020	1
ECAUG209	ENAU2020	1
EQUALNUM	COMT2020	1
EVENTUAL	COOK120B	1
EXTREME	COOK120B	1
FBMT	COOK89	1
GCDS	LTIME70B	1
GOLOMB	LTIME86B	1
GRIG	COVO2020	1
HALFBDAY	PAHC2020	1
HELPTECH	COMT2020	1
HTST8	ENMA2019	1
ICL1901	ICL2019	1
ICL1902	ICL2019	1
ICL1903	ICL2019	1
ICL1904	ICL2019	1
ICL1905	ICL2019	1
ICL1906	ICL2019	1
IEMCO01	IEM82020	1
IEMCO02	IEM82020	1
IEMCO03	IEM82020	1
INTER	CEFT2020	1
ISOARRAY	COOK89	1
LINCHESS	AUG20B	1
MAGICMED	QFUN2020	1
MAKEHAPP	CEFT2020	1
MARCAPS	COOK104B	1
MBARS	MCOD2020	1
MCUBES	MCOD2020	1
MCURIOUS	MCOD2020	1
MGOLD	MCOD2020	1
MINMXSTR	DEM2020	1
MINSUBAR	COOK89	1
MLECTURE	MCOD2020	1
NBONACCI	COOK104B	1
NUTLOOP	ENMA2019	1
NUTMONEY	ENMA2019	1
ODDARRAY	UCOD2020	1
OPC1701	SOPC2017	1
OPC1702	SOPC2017	1
OPC1703	SOPC2017	1
ORTHODOX	COOK120B	1
PATHETIC	COOK120B	1
PERMPART	LTIME70B	1
POFP	LTIME86B	1
PRT2	LTIME86B	1
PTMSSNG	JULY20B	1
QFUN	CEFT2020	1
RACETIME	COMT2020	1
RGY	AUG20B	1
ROOTSQR	COMT2020	1
ROTPTS	COOK89	1
SARRAY	COVO2020	1
SCET02	TECA2019	1
SCET03	TECA2019	1
SCTFIGHT	QFUN2020	1
SERIESTO	CEFT2020	1
SEVENSEG	LTIME70B	1
SKMP	AUG20B	1
SONGSHOP	COOK104B	1
SPPSTR	DEM2020	1
WEIRDMUL	JULY20B	0
VWL	BION2019	0
WHRL	BION2019	0
SQRSUBMA	LTIME85B	0
TCF2019B	TCM2019	0
XORGRAPH	COH12020	0
TWOARM	COCA2020	0
TCF2019D	TCM2019	0
TCF2019C	TCM2019	0
TCF2019A	TCM2019	0
TCF2019E	TCM2019	0
SUBALGO	COTH2020	0
STKGAME	COTH2020	0
UNIQSTR	COTH2020	0
TRPTTONY	CMYC2020	0
YOUCAN	CMYC2020	0
XYSTR	JUNE20B	0
TTUPLE	JUNE20B	0
TRIMETER	CPN12019	0
UEM1901	UEMCO19	0
UEM1902	UEMCO19	0
UEM1904	UEMCO19	0
UEM1905	UEMCO19	0
UEM1906	UEMCO19	0
UEMC07	UEMCO19	0
ANTHUNT	COPT2020	1
ARYROT	LDT42020	1
AUREOLE	COPT2020	1
BINSRT	CPN12019	1
BIT3B	BIT32020	1
BIT3C	BIT32020	1
BIT3D	BIT32020	1
BIT3E	BIT32020	1
BIT3F	BIT32020	1
BITREE	CORU2019	1
BRACK04	BCR12019	1
CHEF10Y	CORU2019	1
CHEFRECP	COOK118B	1
CHEFSHIP	COOK118B	1
CHEFTRIP	COOK118B	1
CHFICRM	JUNE20B	1
CHFIMPRS	COOK118B	1
CHFMOT18	LTIME85B	1
CMD	CPN12019	1
COCA2001	COCA2020	1
COCA2003	COCA2020	1
COCA2006	COCA2020	1
COCR101	CROS2020	1
COCR102	CROS2020	1
COCR104	CROS2020	1
COCR105	CROS2020	1
COCR107	CROS2020	1
COCR108	CROS2020	1
CONPRI01	BCR12019	1
CONTAIN	JUNE20B	1
CONV02	BCR12019	1
CONVAIR	JUNE20B	1
CONVOLVE	CORU2019	1
COVDSMPL	JUNE20B	1
COWSHEDS	LTIME85B	1
CROADS	COOK118B	1
CURSQURS	COOK118B	1
CXORJ	CMYC2020	1
DCANDY	LICO2020	1
DIFVAL	JUNE20B	1
DRCHEF	JULY20B	1
DRGNDEN	JULY20B	1
DRONEDEL	LDT42020	1
DYNHUL	JULY20B	1
ECJN201	ENJU2020	1
ECJN202	ENJU2020	1
ECJN203	ENJU2020	1
ECJN204	ENJU2020	1
ECJN205	ENJU2020	1
ECJN206	ENJU2020	1
ECJN208	ENJU2020	1
ECJN209	ENJU2020	1
EOEO	JUNE20B	1
EVENM	JUNE20B	1
EXPREP	JULY20B	1
EXPTREES	JULY20B	1
FORCOWS	COPT2020	1
GEOXD	JULY20B	1
GOLMINE	LTIME85B	1
GRDAY1	COPT2020	1
GUESSG	JUNE20B	1
HELCARP	PCO12020	1
ICM01	ICMT2019	1
ICM05	ICMT2019	1
ICM06	ICMT2019	1
ICM07	ICMT2019	1
ICM08	ICMT2019	1
ICM09	ICMT2019	1
INCRDEC	LTIME85B	1
ISHGAME	LICO2020	1
ISHGRAPH	LICO2020	1
JUN1	COFJ2020	1
JUN2	COFJ2020	1
JUN3	COFJ2020	1
KM25P5B	KM252020	1
KM25P5C	KM252020	1
LCMCONST	JULY20B	1
LEVI07	BCR12019	1
LOTR1	PCO12020	1
LVPOL	PCO12020	1
MANSQ	PCO12020	1
MAT08	BCR12019	1
MATE	PCO12020	1
MATPH	BION2019	1
MAXAND18	LTIME85B	1
MINCARDS	COTH2020	1
MORECAKE	PCO12020	1
MUJ	CPN12019	1
NAMEVAL	LDT42020	1
NOSEM	COPT2020	1
NUMTH10	BCR12019	1
OMYGAME	LICO2020	1
ONEVALUE	COTH2020	1
OPC1704	SOPC2017	1
OPTTRVL	COTH2020	1
PANDIG03	BCR12019	1
PATTERNG	LICO2020	1
PENCRYPT	CMYC2020	1
POWK	PCO12020	1
PPARTS	JUNE20B	1
PRGCUP01	PROC2017	1
PRGCUP03	PROC2017	1
PRICECON	JUNE20B	1
PRTWHY	COCA2020	1
PRWR1902	PWCR2019	1
PRWR1903	PWCR2019	1
PRWR1904	PWCR2019	1
PRWR1905	PWCR2019	1
PRWR1906	PWCR2019	1
PRWR1907	PWCR2019	1
QM25P5A	KM252020	1
RAWATDS0	COH12020	1
RESTCH	LTIME85B	1
RIPUGEMS	COH12020	1
ROBRESC	CORU2019	1
SEGTREES	LICO2020	1
SHOOTIT	CORU2019	1
SLDDEV	CPN12019	1
SMALLSQR	POLP2019	1
SPAR2	BION2019	1
SPAR3	BION2019	1
WALKREC	LDT42020	0
TWOSTRS	MAY20B	0
TRPLSRT	MAY20B	0
SUBNUMS	POLP2019	0
SUMSUM	POLP2019	0
TXORP	POLP2019	0
VIEW2001	QTCC2020	0
VIEW2002	QTCC2020	0
VIEW2003	QTCC2020	0
VIEW2004	QTCC2020	0
VIEW2005	QTCC2020	0
TRIQRY	LTIME83B	0
TSALES	SMTC2020	0
UNQCARD	BTCH2020	0
STAYIN	SITC2020	0
WESUM	SITC2020	0
STRNO	APRIL20B	0
SQRDSUB	APRIL20B	0
TRIPWAYS	APRIL20B	0
UNITGCD	APRIL20B	0
TREASURE	MARCH19B	0
SUBPRNJL	MARCH19B	0
STICKY	MYL2020	0
WASHHAND	CHPTRS01	0
TWO2D8TH	FULU2020	0
TAX	FULU2020	0
ALEX	MYL2020	1
ANSLEAK	APRIL20B	1
ARMY1N	FULU2020	1
ASHISH	MYL2020	1
BBALLS	SMTC2020	1
BINLAND	MAY20B	1
BIPPAIR	MAY20B	1
BJAGGU	SMTC2020	1
BRKTBRK	JLUG2020	1
BSQUARE	LOCAUG16	1
BUGC001	BUGC2020	1
BUGC002	BUGC2020	1
BUGC003	BUGC2020	1
BUGC004	BUGC2020	1
CARLOT	CHPTRS01	1
CHANDF	MAY20B	1
CHDIGER	MARCH19B	1
CHEFGB	BTCH2020	1
CHEFKIT	BTCH2020	1
CHEFSOC	MARCH19B	1
CHEFXAM	BTCH2020	1
CHNUM	MARCH19B	1
CHONQ	MARCH19B	1
CODEKARO	CHPTRS01	1
CODEY301	CY302020	1
CODEY302	CY302020	1
CODEY304	CY302020	1
CODY303	CY302020	1
COEN01	COEN2019	1
COEN02	COEN2019	1
COEN03	COEN2019	1
COEN04	COEN2019	1
COEN05	COEN2019	1
COEN06	COEN2019	1
CORUS	MAY20B	1
COVID	CHPTRS01	1
COVID19	MAY20B	1
COVIDLQ	APRIL20B	1
COW3A	COW42020	1
COW3C	COW42020	1
COW3D	COW42020	1
COW3E	COW42020	1
COW3F	COW42020	1
COW3G	COW42020	1
CR191	CORD2019	1
CR192	CORD2019	1
CR193	CORD2019	1
CR194	CORD2019	1
CR195	CORD2019	1
CR196	CORD2019	1
CRAWA	AUG14	1
DOTTIME	LTIME83B	1
ECAPR201	ENCD2020	1
ECAPR202	ENCD2020	1
ECAPR203	ENCD2020	1
ECAPR204	ENCD2020	1
ECAPR205	ENCD2020	1
ECAPR206	ENCD2020	1
ECAPR207	ENCD2020	1
ECAPR208	ENCD2020	1
ECAPR209	ENCD2020	1
ECODOWN	CCOD2020	1
EXPAND	MYL2020	1
FACPOW	SITC2020	1
FCTRE	APRIL20B	1
FILLBOX	CCOD2020	1
FONT3S	FULU2020	1
FUNRUN	CHPTRS01	1
GAMENUM	CHPTRS01	1
GAMETREE	POLP2019	1
GAMP	MYL2020	1
GKYLOVE	NCC2017	1
GOOG32	FULU2020	1
HAPSET	HALO2020	1
HXR	LTIME83B	1
INDMOV	HALO2020	1
INTERLEA	MARCH19B	1
JAIN	MARCH19B	1
JMPFVR	LTIME83B	1
LLLGRAPH	APRIL20B	1
LOGIC	HALO2020	1
LTRCHNG	JLUG2020	1
MANIAC1	ALMA2019	1
MANIAC2	ALMA2019	1
MANIAC3	ALMA2019	1
MANIAC4	ALMA2019	1
MANIAC5	ALMA2019	1
MCOINS	SMTC2020	1
MEXUM	LTIME83B	1
MINIST	HALO2020	1
MITSCP5	POLP2019	1
MMHAPPY	BTCH2020	1
MOTU001	CCOD2020	1
MPRODMUL	CHPTRS01	1
NBOTS	MAY20B	1
NCOV19	COVDHACK	1
NITGOC	CCOD2020	1
PALL9	CCOD2020	1
PARNTHSS	LDT42020	1
PPDIV	APRIL20B	1
PQBIC	MYL2020	1
PRECPAIR	MAY20B	1
PRGCUP02	PROC2017	1
PRGCUP04	PROC2017	1
PTREE	MARCH19B	1
REBIT	APRIL20B	1
RECNDARY	RC122020	1
RECNDNOS	RC122020	1
RECNDNUM	RC122020	1
RECNDORO	RC122020	1
RECNDROT	RC122020	1
RECNDSUB	RC122020	1
RNBWROAD	MAY20B	1
RROUNDS	SMTC2020	1
SHUFFLE	LTIME83B	1
SIFTING	FULU2020	1
SIMNUM	HALO2020	1
SMVOL	HALO2020	1
SONATR	MARCH19B	1
SORTVS	MAY20B	1
SWPDGT	LTIME82A	0
STRPTRE	LTIME82A	0
ZORG	ICOP1805	0
VK18	DEC17	0
XYPIZQ	JAN19B	0
USANBOLT	AM19MOS	0
TRGRPH	AM19MOS	0
STICK2	LTIME79B	0
TREEQ1	LTIME79B	0
STUPMACH	LTIME79B	0
WESTAND	DEC17	0
TRAPLOOP	COFN2019	0
XORIT	COOK113B	0
TRANSACT	GW19MOS	0
UNBAL	GW19MOS	0
TRGAME	GW19MOS	0
TELNET	GW19MOS	0
VARMIN	KH19MOS	0
WALKFAST	KH19MOS	0
SUBMATCH	KH19MOS	0
SUBSPLAY	DEC19B	0
STICNOT	DEC19B	0
TESTGEN	DEC19B	0
WATSCORE	DEC19B	0
SQRECT	AMR18ROL	0
SRVR	LTIME78B	0
ALIENINV	AMR18ROL	1
ANAJOBS	KH19MOS	1
APAIRS	DEC19B	1
APARTS	LTIME78B	1
ARMYFGT	AMR18ROL	1
AVLBLT	AMR18ROL	1
AWKMINI	KH19MOS	1
BALLSUM	KH19MOS	1
BALSUB	AMR18ROL	1
BINADD	DEC19B	1
BINOFEV	DEC19B	1
BINPALIN	GW19MOS	1
BINXOR	DEC19B	1
BUCKETS	LTIME67A	1
CB2000	COBT2019	1
CB2001	COBT2019	1
CB2002	COBT2019	1
CB2003	COBT2019	1
CB2004	COBT2019	1
CFD018	COFN2019	1
CFD019	COFN2019	1
CFD020	COFN2019	1
CFD021	COFN2019	1
CFD022	COFN2019	1
CHEALG	LTIME79B	1
CHEFEXQ	DEC17	1
CHEFFB	ICOP1805	1
CHEFFIB	DEC17	1
CHEFHAM	DEC17	1
CHEFUNI	DEC17	1
CHFRAN	DEC19B	1
CMPRSS	LTIME78B	1
CNTFAIL	AMR18ROL	1
COLINT	AM19MOS	1
COLPOLLY	AM19MOS	1
COMPLEXG	AM19MOS	1
CPLAY	DEC17	1
CRSHIT	COOK113B	1
CUBVIRUS	DEC19B	1
DAND	COOK113B	1
DBOY	IIITDS20	1
DCRTIT	COOK113B	1
DEADEND	LTIME78B	1
DLINE	LTIME67A	1
DPAIRS	JAN19B	1
DSANTAP	DEC17	1
DWW19A	DWWU2019	1
DWW19B	DWWU2019	1
DWW19C	DWWU2019	1
DWW19D	DWWU2019	1
DWW19E	DWWU2019	1
DWW19F	DWWU2019	1
DWW19G	DWWU2019	1
DWW19H	DWWU2019	1
DWW19I	DWWU2019	1
DWW19K	DWWU2019	1
EAREA	GW19MOS	1
EARTSEQ	JAN19B	1
EVIPRO	LTIME79B	1
EXPCAN	AM19MOS	1
FANCY	JAN19B	1
FREQFUN	LTIME79B	1
GIT01	DEC17	1
GRAPHCON	KH19MOS	1
GUESSMID	GW19MOS	1
GUESSNUM	LTIME79B	1
HASHRAD	IIITDS20	1
INVSACK	GW19MOS	1
ISITCAKE	AMR18ROL	1
KHULJA	AMR18ROL	1
LALALANT	AM19MOS	1
LRQUER	LTIME54	1
MARTING1	AMR18ROL	1
MATCHIT	JAN19B	1
MAXDIVER	KH19MOS	1
MAY19F1	IIITDS20	1
MEANPROB	GW19MOS	1
MGAME	JAN19B	1
MKIT	COOK113B	1
MXDIST	JAN19B	1
MXMLCM	LTIME82A	1
NOKIA	IIITDS20	1
NOSS	LTIME67A	1
NSTROT	LTIME82A	1
ONE23	FULU2020	1
PALPATH	AMR18ROL	1
PARRTY	JAN19B	1
PERMDIST	AM19MOS	1
PIBRO	LTIME78B	1
PLANT	LTIME78B	1
POLCON	AM19MOS	1
POSH	ICOP1805	1
PPATTERN	LTIME67A	1
PRFCTN	LTIME78B	1
PRFXGD	LTIME82A	1
PRFYIT	COOK113B	1
PRGCUP05	PROC2017	1
PRGCUP06	PROC2017	1
QM18A	QM182019	1
QM18B	QM182019	1
RANDID	KH19MOS	1
RECARR	KH19MOS	1
REDBLUE	DEC17	1
RNDRATIO	LTIME82A	1
SAFEROBO	GW19MOS	1
SAUNA	AMR18ROL	1
SCRRCP	LTIME82A	1
SDIFFSTR	AM19MOS	1
SEGDIR2	KH19MOS	1
SHUFFL	LTIME54	1
SMRSTR	LTIME54	1
SMTOUR	GW19MOS	1
SOPC003A	SHPC2019	1
SOPC003C	SHPC2019	1
SOPC009	SHPC2019	1
SOPC014	SHPC2019	1
SOPC015	SHPC2019	1
SPC19F1	SPCM2019	1
SPC19F2	SPCM2019	1
SPC19F5	SPCM2019	1
XORFIB	BOB22019	0
WORD	AFZQ2019	0
VIEW	AFZQ2019	0
XASD	AFZQ2019	0
WRLDSTR	BCF12019	0
TWEGRA	CNMP2019	0
UCS201	UEM22019	0
UCS202	UEM22019	0
UCS203	UEM22019	0
UCS204	UEM22019	0
UCS205	UEM22019	0
ZCOPREP	ZCOSC19	0
ZCOSCH	ZCOSC19	0
TAPSY	COOW2019	0
SUDH	COOW2019	0
UNINUM	COOW2019	0
STRWN	COMR2019	0
WILCRSI	COMR2019	0
TDT	COMR2019	0
TNK	COMR2019	0
WEIRDO	NOV19B	0
TRICOL	NOV19B	0
SS4	ENOC2019	0
SS5	ENOC2019	0
TVT	ENOC2019	0
ASHSEK	COX2019	1
BARDAVON	CCOQ2019	1
BESTPATH	LTIME67A	1
BIGRES	COOK112B	1
BLWHTREE	COOK112B	1
C32K19P1	CCED2019	1
C32K19P2	CCED2019	1
C32K19P3	CCED2019	1
CAMC	NOV19B	1
CCHW	ISPC2019	1
CHADAY	COOK112B	1
CHEFLBW	TNPC2019	1
CHELEC	COX2019	1
CHESHCYC	COX2019	1
CHFLOL	BCF12019	1
CHFLOL2	BCF12019	1
CHOCOS	AFZQ2019	1
CLGAME	COLE2019	1
CLIPLX	COLE2019	1
CLMTRO	COLE2019	1
CLTNIS	COLE2019	1
CLTREE	COLE2019	1
CNT21	ISPC2019	1
COMA19A	CONA2019	1
COMA19B	CONA2019	1
COMA19C	CONA2019	1
COMA19D	CONA2019	1
COMA19E	CONA2019	1
COMA19F	CONA2019	1
DDART	NOV19B	1
DDQUERY	LTIME77B	1
DEARRERR	ENOC2019	1
DEFECTS	DCOD19A	1
DIET	COOK112B	1
DIWLIGFT	BOB22019	1
DORACAKE	ISPC2019	1
DRAGONS	CCOQ2019	1
DRCYS	COMR2019	1
DUNIHLP	BOB22019	1
EN123	ENOC2019	1
ENOC1	ENOC2019	1
ENOC3	ENOC2019	1
ENOC4	ENOC2019	1
FAILURE	NOV19B	1
FNBTL	COMR2019	1
GAOT	DEFI2019	1
GK1901	GKAH1901	1
GK1902	GKAH1901	1
GK1903	GKAH1901	1
GK1904	GKAH1901	1
GK1905	GKAH1901	1
GRSH	CYNO2019	1
GRUMPMA	DCOD19A	1
HATS	CCRU2019	1
HIT	LTIME77B	1
HRDSEQ	NOV19B	1
IEMC08B	IEMCO8	1
IEMCO8A	IEMCO8	1
IEMCO8C	IEMCO8	1
IEMCO8D	IEMCO8	1
IEMCO8E	IEMCO8	1
IEMCO8F	IEMCO8	1
INFTINCR	CNMP2019	1
INGEN01	CEIN2019	1
INGEN02	CEIN2019	1
INGEN04	CEIN2019	1
INGEN05	CEIN2019	1
INGEN06	CEIN2019	1
INVYCNT	LTIME77B	1
INVZCNT	LTIME77B	1
ISHVALA	DCOD19A	1
JOND	CYNO2019	1
KANICHEF	COX2019	1
KETEKIR1	KRPM2019	1
KETEKIR2	KRPM2019	1
KQM17A	QM172019	1
KTH97	LTIME77B	1
LAYERS	DCOD19A	1
LEQEX	DCOD19A	1
LOG_EQN	CNMP2019	1
LSTBTF	NOV19B	1
MAGIC07	BOB22019	1
MCHEF001	MACF2019	1
MCHEF002	MACF2019	1
MCHEF003	MACF2019	1
MCLOSET	CCOQ2019	1
MDSWIN	NOV19B	1
MILKCAKE	CCOQ2019	1
MINIGAME	ISPC2019	1
MLOCK	COX2019	1
MLSDV	COMR2019	1
MMNN01	COOK112B	1
MOBGAME	BCF12019	1
MXCH	CNMP2019	1
MXPOWER	DCOD19A	1
NNN	CYNO2019	1
PALINKEY	CCOQ2019	1
PBOXES	NOV19B	1
PERMPAIN	CCOQ2019	1
PGRID	DEFI2019	1
PHCUL	NOV19B	1
POWSUB	COOW2019	1
PROTEIN	COOW2019	1
QCOUNT	DEFI2019	1
REC09A	REC92019	1
REC09B	REC92019	1
REC09C	REC92019	1
REC09E	REC92019	1
REC09F	REC92019	1
REVT	AFZQ2019	1
RNG97	LTIME77B	1
ROBOTS	COOK112B	1
SAT101	SATA2019	1
SAT103	SATA2019	1
SC31	NOV19B	1
SCAP	AFZQ2019	1
SCHTEST	ZCOSC19	1
SHUBCHE2	MACF2019	1
SIGNTURE	COOK112B	1
SONPI	COX2019	1
SPDG	DEFI2019	1
ALLSUB	LTIME76B	1
DAGXOR	COZI2019	1
WCTC01	CWCR2019	0
UNQPAL	FICP2019	0
TSHACK	KJCS2019	0
WATCHFB	LTIME76B	0
TREEVERS	LTIME76B	0
TR	ENFE2019	0
ZMMA	ENFE2019	0
TWOGRS	COOK110B	0
UICC01	UICC2019	0
ANGGRA	COOK110B	1
ARITHEXP	KOKO2019	1
AVGAGE	CWCR2019	1
B4EF19A	B4EM2019	1
B4EF19B	B4EM2019	1
B4EF19C	B4EM2019	1
B4EF19D	B4EM2019	1
B4EF19E	B4EM2019	1
B4EF19F	B4EM2019	1
BACREP	OCT19B	1
BAHOTHRD	FICP2019	1
BFLSEQ	SGHC2019	1
BIT2A	BIT22019	1
BIT2C	BIT22019	1
CATFEED	LTIME76B	1
CCWI1901	CCWI2019	1
CCWI1902	CCWI2019	1
CCWI1904	CCWI2019	1
CCWI1906	CCWI2019	1
CCWI1907	CCWI2019	1
CCWI1908	CCWI2019	1
CHACAND	ACD2019	1
CHEFBATS	TNPC2019	1
CHEFDEST	TNPC2019	1
CHEFSCOR	TNPC2019	1
CHGM1	ENFE2019	1
CHJERRY	ACD2019	1
CHOCOPRO	KJCS2019	1
CHTIME	ACD2019	1
CHWLD	ENFE2019	1
CKWLK	COOK111B	1
CNNCT2	OCT19B	1
CODEFA1	COFO2019	1
CODEFA2	COFO2019	1
CODEFA5	COFO2019	1
CODEFA7	COFO2019	1
CODEFA8	COFO2019	1
COSH1501	COSH2015	1
DCC1	DCC2019	1
DCC2	DCC2019	1
DCC3	DCC2019	1
DCC4	DCC2019	1
DCC5	DCC2019	1
DCC6	DCC2019	1
DCC7	DCC2019	1
DFNC	COOK111B	1
DIETCOKE	ENFE2019	1
DISTCHOC	KOKO2019	1
DIV1	ACD2019	1
DVL	COOK111B	1
EVEDG	OCT19B	1
EXERCISE	COOK110B	1
EXUNA	EXPP2019	1
EXUNB	EXPP2019	1
EXUND	EXPP2019	1
EXUNE	EXPP2019	1
EXUNF	EXPP2019	1
FFC219A	FFC22019	1
FFC219B	FFC22019	1
FFC219C	FFC22019	1
FFC219D	FFC22019	1
FFC219F	FFC22019	1
FFC219G	FFC22019	1
FINDFN	COZI2019	1
FRINUM	KJCS2019	1
GAMSTR99	CWCR2019	1
GR	ENFE2019	1
GRPHVIP	FICP2019	1
GTN	BIT22019	1
GYMTRNR	FICP2019	1
HDDN	COOK111B	1
HIRING	COOK110B	1
HOLY	COZI2019	1
HTST9	ENFE2019	1
HXPRIM	ENFE2019	1
ICECREM	LTIME76B	1
ICHN01	ICHN2019	1
ICHN02	ICHN2019	1
ICHN03	ICHN2019	1
ICHN04	ICHN2019	1
INF1900	INFY2019	1
INF1902	INFY2019	1
INF1904	INFY2019	1
INF1906	INFY2019	1
INF1908	INFY2019	1
INF1912	INFY2019	1
INF1914	INFY2019	1
JIIT	OCT19B	1
JKR1	EOLC2019	1
JKR2	EOLC2019	1
JKR3	EOLC2019	1
JKR5	EOLC2019	1
JKR6	EOLC2019	1
KQM16A	QM162019	1
KQM16B	QM162019	1
LITEPHRS	ACD2019	1
LYPLNK	ACD2019	1
MARM	OCT19B	1
MATHL	BIT22019	1
MAXLIS	OCT19B	1
MDL	COOK111B	1
MKFR77	CWCR2019	1
MNWLK	COOK111B	1
MSNG	OCT19B	1
MSV	OCT19B	1
MTKR	KOKO2019	1
NMN	BIT22019	1
NPLQ19A	NPLQ2019	1
NPLQ19B	NPLQ2019	1
NPLQ19D	NPLQ2019	1
NPLQ19E	NPLQ2019	1
NPLQ19F	NPLQ2019	1
PAIRSUM2	LTIME76B	1
PALMACH	COOK110B	1
PBLCT	KJCS2019	1
PLYBETS	KJCS2019	1
PRSTRING	COZI2019	1
RACE01	CWCR2019	1
RICHMICH	ENFE2019	1
RUSH01	UICC2019	1
RUSH02	UICC2019	1
RUSH05	UICC2019	1
S10E	OCT19B	1
SADVAL	KOKO2019	1
SAKTAN	OCT19B	1
SAVJEW	COOK110B	1
SETH0001	HCS12019	1
SETH0002	HCS12019	1
SETH0004	HCS12019	1
SETH0005	HCS12019	1
SETH0006	HCS12019	1
SETH0007	HCS12019	1
ADDI	ENAU2019	1
TREECAKE	SNFL16MR	0
SWITOG	COZI2019	0
TRIP2	LTIME75B	0
TRICKYDL	LTIME69B	0
STRQUER	LTIME54	0
SS1	ENAU2019	0
WARRIORS	COOK109B	0
TRACMAT	COWZ2019	0
TSEQ	AUG19B	0
ZOMCAV	AUG19B	0
SYNBAC	AUG19B	0
WCSA	WCS2019	0
WCSB	WCS2019	0
WCSC	WCS2019	0
WCSD	WCS2019	0
WCSE	WCS2019	0
WCSF	WCS2019	0
TWOLANE	LTIME74A	0
TONYFOOD	PLUM2019	0
VISION	PLUM2019	0
TABLET	COOK103B	0
WARTLND	COOK108B	0
TWOVRIBL	COOK108B	0
AIOL01	AIOL2019	1
AIOL02	AIOL2019	1
AIOL03	AIOL2019	1
AIOL04	AIOL2019	1
AIOL06	AIOL2019	1
ALC001	ALCM2019	1
ALC002	ALCM2019	1
ALC003	ALCM2019	1
ALC005	ALCM2019	1
ALC006	ALCM2019	1
ALIEN1	ENAU2019	1
ANTMAN	PLUM2019	1
AVG	LTIME69B	1
AVN9	ENAU2019	1
AVNP5	ENAU2019	1
AVPN6	ENAU2019	1
BOFP	LTIME75B	1
BOFS	LTIME75B	1
BULLETS	COHA2019	1
CAPMARVL	PLUM2019	1
CHEFDIL	AUG19B	1
CHEFINSQ	SEPT19B	1
CHEFK1	SEPT19B	1
CHFCH	LTIME69B	1
CHGORAM	AUG19B	1
CIRCLES2	COOK109B	1
COKE	COOK109B	1
COKE2	LTIME75B	1
CYAUG01	CYAU2019	1
CYAUG02	CYAU2019	1
DC101	DEER2019	1
DC102	DEER2019	1
DC103	DEER2019	1
DC104	DEER2019	1
DC105	DEER2019	1
DC106	DEER2019	1
DELARRAY	LTIME74A	1
DESTCELL	LTIME75B	1
DODGERS	SEPT19B	1
DOOFST	SEPT19B	1
EID2	LTIME75B	1
ENCODING	AUG19B	1
ENS1	ENAU2019	1
EQAVG	LTIME75B	1
EQMD	LTIME74A	1
EVILAND	COOK103B	1
EXPGCD	SEPT19B	1
EXPTPROD	COOK108B	1
FIBEASY	SEPT19B	1
FRICAN	COOK109B	1
FUZZYLIN	SEPT19B	1
GDSUB	SEPT19B	1
GEEK02	GKAH1701	1
GEEK03	GKAH1701	1
GEEK04	GKAH1701	1
GEEK05	GKAH1701	1
GHOME	COHA2019	1
GOTCHI	COHA2019	1
GRAPHTRE	LTIME69B	1
IF01	INEK2019	1
IF03	INEK2019	1
IF04	INEK2019	1
IF05	INEK2019	1
IF06	INEK2019	1
IF08	INEK2019	1
IF09	INEK2019	1
IF10	INEK2019	1
INQU1900	INQU2019	1
INQU1901	INQU2019	1
INQU1902	INQU2019	1
INQU1903	INQU2019	1
INQU1904	INQU2019	1
INQU1905	INQU2019	1
INQU1906	INQU2019	1
JCWC00	JCWR2019	1
JCWC01	JCWR2019	1
JCWC03	JCWR2019	1
JCWC04	JCWR2019	1
JCWC05	JCWR2019	1
JILLU1	CYAU2019	1
KETEKI3A	KPM32019	1
KETEKI3B	KPM32019	1
KETEKI3C	KPM32019	1
KETEKI3D	KPM32019	1
KS1	AUG19B	1
KS3	COZI2019	1
LAPD	SEPT19B	1
LGCD	ENAU2019	1
MAXEXPR	AUG19B	1
MGICMENU	COOK108B	1
MNMXAR	COOK108B	1
MSNSADM1	AUG19B	1
NCC1901	NCC2019	1
NCC1902	NCC2019	1
NCC1903	NCC2019	1
NCC1904	NCC2019	1
NCC1905	NCC2019	1
NCC1906	NCC2019	1
NCC1908	NCC2019	1
PCJ19A	PCJ2019	1
PCJ19C	PCJ2019	1
PCJ19D	PCJ2019	1
PCJ19E	PCJ2019	1
PCJ19G	PCJ2019	1
PEPPERON	COOK109B	1
PERMLIST	LTIME69B	1
POLICE	LTIME74A	1
PPDAY	COWZ2019	1
PRKLOT	CYAU2019	1
PROFTRIP	LTIME74A	1
PSUM	SEPT19B	1
RHSAT	COHA2019	1
ROLLBAR	LTIME69B	1
RPD	LTIME74A	1
RPH001	COHA2019	1
RUSH03	UICC2019	1
SAVKONO	ENAU2019	1
SEBICPU	SEPT19B	1
SEGTREE2	SNFL16MR	1
SFRV	LTIME74A	1
SHERCH	COZI2019	1
SPCSTONE	PLUM2019	1
ADJLEAF	COOK88	1
DPERM	LTIME73B	1
TWOARR	COOK103B	0
TOORICH	ICOP1804	0
STRSUM	SNFL19MR	0
XYPRESQ	SNFL19MR	0
SUBSETS	COOK107B	0
TTO1	TTO2019	0
SUMAGCD	JUNE19B	0
XM	LTIME72A	0
TRDST	FEB19B	0
XDCOMP	FEB19B	0
XORCMPNT	COOK106A	0
STGAME	NACA2019	0
TWINPR	CEEL2019	0
TREDEG	MAY19A	0
AERTS	FFC12019	1
AHAPH	BLUP2019	1
AMANCRZY	ICOP1804	1
ANTEATER	COOK107B	1
ARAJ	NACA2019	1
ARRQRY	KA19MOS	1
BICLIQUE	COOK106A	1
BINARY	MAY19A	1
BIT_BLKT	ONIG2019	1
BIT_CSUM	ONIG2019	1
BIT_GOOD	ONIG2019	1
BIT_PRAI	ONIG2019	1
BIT_REGN	ONIG2019	1
BLONDIE	COBE2019	1
BURARRAY	LTIME73B	1
C001	TTO2019	1
CALCMON	CEEL2019	1
CANDC	NUVO2019	1
CATS	SNFL19MR	1
CCC	JULY19B	1
CHEKOH	FFC12019	1
CHESAK	FFC12019	1
CHFM	JULY19B	1
CHFMTR	NUVO2019	1
CHFPARTY	COOK103B	1
CHFWAR	JULY19B	1
CHFWAR2	JULY19B	1
CHORCKIT	FEB19B	1
CIRCBIN	SNFL19MR	1
CIRMERGE	JULY19B	1
CODX001	CODX2019	1
CODX002	CODX2019	1
CODX004	CODX2019	1
CODX005	CODX2019	1
COLORDIS	COOK106A	1
COOLCHEF	JUNE19B	1
COUNTIT	JUNE19B	1
CPL01	CEEL2019	1
CPL02	CEEL2019	1
CRYPTX01	TTO2019	1
CTKEY	CEEL2019	1
CUREK	MAY19A	1
CV	LTIME72A	1
DANS	NUVO2019	1
DIV4	BLUP2019	1
DIVCHK	CEEL2019	1
DL2015C	DEAD2016	1
DPS	LTIME72A	1
DRCHE	FFC12019	1
DUFRESNE	COBE2019	1
EATTWICE	COOK107B	1
EXAM1	COOK107B	1
EXPXOR	COOK106A	1
FGTREE	JUNE19B	1
FNEE	NACA2019	1
FUZZYCON	LTIME73B	1
GIIKLUB	LTIME73B	1
GRAPHCOL	BLUP2019	1
GRIDTOUR	LTIME72A	1
GUESSPRM	JULY19B	1
GUESSRT	FEB19B	1
GUMP	COBE2019	1
HELL	NACA2019	1
HMAPPY2	FEB19B	1
IAI	LTIME72A	1
IDXSUM	COOK107B	1
IIITBH	BLUP2019	1
INTRPATH	JUNE19B	1
KETEKI2B	KPM22019	1
KETEKI2C	KPM22019	1
KETEKI2D	KPM22019	1
KQM15A	KQ152019	1
KQM15B	KQ152019	1
KS2	JUNE19B	1
KSUFFIX	SNFL19MR	1
KTRANS	ICOP1804	1
LAEDDIS	COBE2019	1
LENTMO	JUNE19B	1
LRGBITSM	ONIG2019	1
LVMFFN	JULY19B	1
M16C	KQ162019	1
MAGARR	SNFL19MR	1
MAGICJAR	FEB19B	1
MANRECT	FEB19B	1
MARLA	COBE2019	1
MARSWA	FFC12019	1
MATCHS	MAY19A	1
MAXREMOV	COOK103B	1
MAXTAX	FEB19B	1
MMAX	JULY19B	1
MOALP	BLUP2019	1
MTRXOP	SNFL19MR	1
NITR02	COD2017	1
NITR03	COD2017	1
NITR05	COD2017	1
NITR08	COD2017	1
NITR12	COD2017	1
NUMTED	NACA2019	1
OAGREEDY	ICOP1804	1
ONCHESS	COOK88	1
ORDNCHS	SNFL19MR	1
PAJAPONG	LTIME73B	1
PALHAM	COOK88	1
PKLVES	MAY19A	1
PROXYC	JUNE19B	1
PRTAGN	JULY19B	1
PUBG	NUVO2019	1
QM14A	KQMG2019	1
QM14B	KQMG2019	1
QM16A	KQ162019	1
QRYLAND	LTIME73B	1
RAFFLE	SNFL19MR	1
REACTION	COOK106A	1
RECVSEQ	COOK106A	1
REDONE	MAY19A	1
REMMAX	LTIME72A	1
RNDPAIR	COOK88	1
ROSO	NUVO2019	1
RSIGNS	JUNE19B	1
SABAR	NUVO2019	1
SECPASS	COOK103B	1
SECRECP	COOK107B	1
SHADOW	FFC12019	1
SHADOW2	FFC12019	1
SILLYPRS	LTIME73B	1
SINGLAZY	ICOP1804	1
SKIING	COOK88	1
SLUSH	COOK107B	1
SNKAPT	JULY19B	1
WTBTR	MAY19A	0
SUMMOD	DARG2019	0
TUPALIN	DARG2019	0
TUMGRAPH	DARG2019	0
TCAKE	DARG2019	0
WITBIT	AFQL2019	0
UEMALGO1	UAGE2019	0
UEMALGO2	UAGE2019	0
UEMALGO4	UAGE2019	0
UEMALGO5	UAGE2019	0
UEMALGO6	UAGE2019	0
UEMALGO3	UAGE2019	0
TOMGRDNR	GHC22019	0
TRAIERR	INTL2019	0
ZMAGIC	DRI22019	0
VNFAR	DRI22019	0
WAGE	KJSC2019	0
SWAPSIGN	COME2019	0
XOMMON	COME2019	0
SUBNUM	COME2019	0
THEROBOT	OZTA2019	0
WNDR	LTIME68B	0
WTCH	LTIME68B	0
ADAPWN	MAY19A	1
ADAPWNS	COOK102B	1
ADAROKS2	MAY19A	1
AGNES03	COSE2019	1
ANKSPCL	COSE2019	1
ANWCC01	COCS2019	1
ANWCC02	COCS2019	1
ANWCC03	COCS2019	1
ANWCC04	COCS2019	1
ANWCC05	COCS2019	1
ANWCC06	COCS2019	1
ATCH	KJSC2019	1
ATTND	LTIME71B	1
AVN001	AVEN2019	1
AVN003	AVEN2019	1
AVN004	AVEN2019	1
AVN005	AVEN2019	1
AVN006	AVEN2019	1
AVN007	AVEN2019	1
AVN008	AVEN2019	1
AVN009	AVEN2019	1
BBST	GHC22019	1
BINSTRNG	COSE2019	1
BLINE	DEMA2019	1
BLNTASGN	ARBH2019	1
BOHRARC	OZTA2019	1
BSTN	LTIME68B	1
BTGAN	GHC22019	1
CAICE	ENJA2019	1
CFATC	ENJA2019	1
CFMM	COOK105B	1
CHEFDR	INTL2019	1
CHEFJOU	INTL2019	1
CHEFRAMI	LTIME71B	1
CHEFXCHG	MAY19A	1
CHFEDR	INTL2019	1
CNGE	AFQL2019	1
COOPSQ	ARBH2019	1
DEM2019A	DEMA2019	1
DEMTREE	DEMA2019	1
DIC007	DRI22019	1
DINCPATH	COOK105B	1
DIS	LTIME68B	1
DRMP	LTIME71B	1
DUNDRG	ENJA2019	1
EHIP	DRI22019	1
EQSBAR	DARG2019	1
EZPZ	GHC22019	1
FAKEBIN	INTL2019	1
FAPF	LTIME71B	1
FINDNP	ARBH2019	1
FINWAR	OZTA2019	1
GMPOW	DARG2019	1
GOODBAD2	DRI22019	1
GREG	COME2019	1
GUESSAGE	COOK105B	1
GUEST05	AFQL2019	1
HCNTST	COSE2019	1
HUNGALGO	COOK105B	1
IALG1	INAL2019	1
IALG2	INAL2019	1
IALG3	INAL2019	1
IALG5	INAL2019	1
IALG6	INAL2019	1
IEMCO4A	IEMCO4	1
IEMCO7A	IEMCO7	1
IEMCO7B	IEMCO7	1
IEMCO7C	IEMCO7	1
IEMCO7D	IEMCO7	1
IEMCO7E	IEMCO7	1
IEMCO7F	IEMCO7	1
IMPACT	COME2019	1
JAPP	ARBH2019	1
JFY	KJSC2019	1
KUTTYPAS	OZTA2019	1
LIONS	AFQL2019	1
LIT13	DRI22019	1
LNGHW	ICOP1803	1
LOALL	DARG2019	1
MAX2	COME2019	1
MAXSCRAB	DEMA2019	1
MAXSPSUM	DEMA2019	1
MDSA	ENJA2019	1
MDSB	ENJA2019	1
MDSC	ENJA2019	1
MEDIC	DEMA2019	1
MMC	LTIME68B	1
MOVQUE	ENJA2019	1
MRZRLT	AFQL2019	1
MYS00T	COOK105B	1
NFAR	DRI22019	1
NITR06	COD2017	1
NITR10	COD2017	1
NITR11	COD2017	1
NITR14	COD2017	1
OPTSPL	COME2019	1
PEWDSVTS	COOK105B	1
PIZPAR	ICOP1803	1
PRMGM	AFQL2019	1
PRMRANGE	DEMA2019	1
PSCD	AFQL2019	1
QCJ01	QUCJ2019	1
QCJ02	QUCJ2019	1
QCJ03	QUCJ2019	1
QCJ04	QUCJ2019	1
QCJ05	QUCJ2019	1
QMM	GHC22019	1
R2D2	LTIME71B	1
RAIN	KJSC2019	1
RANDGAME	COOK105B	1
RGCD	KJSC2019	1
RKS	LTIME68B	1
RNDRND	COME2019	1
ROBOPAIR	OZTA2019	1
ROBOT02	COSE2019	1
SACO19A	SACO2019	1
SACO19B	SACO2019	1
SACO19C	SACO2019	1
SAV01	AFQL2019	1
SCF	DRI22019	1
SMALLARR	COME2019	1
SNC	GHC22019	1
ADAKNG	COOK102B	1
CSUBQ	NOV17	1
TSECJC05	TJCN2019	0
TSECJC02	TJCN2019	0
TSECJC01	TJCN2019	0
TSECJC04	TJCN2019	0
TSECJC03	TJCN2019	0
TSECJC06	TJCN2019	0
SSJG	ICOP1904	0
TREEDGE	ICOP1904	0
STRGRA	ICOP1904	0
SUMNCR	PELT2019	0
XORNEY	PELT2019	0
ZETAJ	PILT2019	0
SSM	CONE2018	0
YVNUM	COOK101B	0
YVSTR	COOK101B	0
VILTRIBE	NOV17	0
WIZDATE	DCOD2017	0
WCMPRS	DCOD2017	0
WIZCW	DCOD2017	0
YASPP	KOL18ROL	0
YAEXP	KOL18ROL	0
TILEBAG	KOL18ROL	0
VALIDSTK	KOL18ROL	0
WALKTREE	GWR18ROL	0
THSTRS	GWR18ROL	0
SQRTRI	KGP18ROL	0
SUBSUMX	KGP18ROL	0
VASTLIFE	KGP18ROL	0
ADAMTR	COOK102B	1
ADASCOOL	COOK102B	1
AE04	CONE2018	1
AGECAL	LTIME67A	1
ALIENCOW	KOL18ROL	1
ALORA1	ALRA2019	1
ALORA2	ALRA2019	1
ALORA3	ALRA2019	1
ALORA4	ALRA2019	1
ALORA5	ALRA2019	1
ALORA6	ALRA2019	1
ALORA7	ALRA2019	1
AUTOCARS	GWR18ROL	1
BEAUKONO	KOL18ROL	1
BINGAME	KGP18ROL	1
BINOMSUM	NOV17	1
BROCODE	PILT2019	1
BUCKETWA	KOL18ROL	1
CAMPON	COOK101B	1
CAPTBIRD	GWR18ROL	1
CHEFHPAL	NOV17	1
CHEFNIL	NOV17	1
CLRL	NOV17	1
COMB1	COMB2018	1
COMB2	COMB2018	1
COMB4	COMB2018	1
COMB6	COMB2018	1
COMB7	COMB2018	1
COS	CONE2018	1
COSH1502	COSH2015	1
CSUBSQ	COOK101B	1
DD	CONE2018	1
DIFFSTR	PILT2019	1
DIFNEIGH	JAN19B	1
EBAIT	SNCKEL19	1
ENG5	PELT2019	1
EOSUBSEQ	GWR18ROL	1
GARGOYLE	PELT2019	1
GDIST	SNCKEL19	1
GRAPART	JAN19B	1
GRAPHAND	KGP18ROL	1
GRP	ICOP1904	1
HP18	JAN19B	1
IEMCHEM1	IEMCHEMY	1
IEMCHEM2	IEMCHEMY	1
IEMCHEM3	IEMCHEMY	1
IEMCHEM4	IEMCHEMY	1
IEMCHEM5	IEMCHEMY	1
IEMCHEM6	IEMCHEMY	1
IEMCHEM8	IEMCHEMY	1
IEMCHEM9	IEMCHEMY	1
IEMCHM10	IEMCHEMY	1
IEMCHM11	IEMCHEMY	1
IEMCHM12	IEMCHEMY	1
IEMCHM13	IEMCHEMY	1
IEMCHM14	IEMCHEMY	1
IEMCHM15	IEMCHEMY	1
IEMCHM16	IEMCHEMY	1
IEMCHM17	IEMCHEMY	1
IEMCHM18	IEMCHEMY	1
IEMCHM19	IEMCHEMY	1
IEMCHM21	IEMCHEMY	1
IEMCHM22	IEMCHEMY	1
IEMCHM23	IEMCHEMY	1
IEMCHM24	IEMCHEMY	1
IEMCHM25	IEMCHEMY	1
IEMCHM26	IEMCHEMY	1
IEMCHM27	IEMCHEMY	1
IEMCHM28	IEMCHEMY	1
IEMCHM29	IEMCHEMY	1
IEMCHM30	IEMCHEMY	1
IEMCO4B	IEMCO4	1
IEMCO4C	IEMCO4	1
IEMCO4E	IEMCO4	1
IEMCO4F	IEMCO4	1
INFDIV	KGP18ROL	1
INTERVCH	COOK101B	1
ISLNDTFE	PILT2019	1
IUPC123	PILT2019	1
JOSEPHUS	KOL18ROL	1
JVPHOBIA	ICOP1904	1
LIFELTD	GWR18ROL	1
LVGFT	NOV17	1
MAFIASYN	KGP18ROL	1
MISSME	PELT2019	1
MULHANOI	KOL18ROL	1
NGONS	GWR18ROL	1
NINENINE	PELT2019	1
NOMATCH	KGP18ROL	1
PERIODCN	KGP18ROL	1
PERPALIN	NOV17	1
PLAYPIAN	KGP18ROL	1
POLITRI	KGP18ROL	1
POLY	NOV17	1
POLYSTR	GWR18ROL	1
PREFNUM	GWR18ROL	1
QM13A	KQ132018	1
QWATTK	DCOD2017	1
READCOST	KOL18ROL	1
RECOVER	SNCKEL19	1
RECTLIT	SNCKEL19	1
SA	CONE2018	1
SEGPROD	NOV17	1
SFXPAL	SNCKEL19	1
SHIVIGOD	ICOP1904	1
SHLOCK	PILT2019	1
SHMIRZ	PELT2019	1
SIRUSERI	GWR18ROL	1
SNOWMAN	KOL18ROL	1
SOPC18C	SOPC2018	1
SOPC18C3	SOPC2018	1
SOPC18D	SOPC2018	1
SOPC18E	SOPC2018	1
SORTALGO	KGP18ROL	1
SOSTD	COOK101B	1
SPACE	SOPC2018	1
SPDT	PILT2019	1
XORTABLE	SNCKEL19	0
WKPLAN	DEC18B	0
STATWIZ	DCOD2017	0
UEMCOSA	UEMC2017	0
UEMCOAB	UEMC2017	0
UEMCOAAT	UEMC2017	0
UEMCO5	UEMC2017	0
UEMCORD	UEMC2017	0
UEMCOSA2	UEMC2017	0
UEMCO7	UEMC2017	0
WEICOM	LTIME53	0
USF	LTIME66B	0
VEASYQ	ISPC2018	0
TRUEDARE	COOK100B	0
TREEUNAT	COOK100B	0
SUBLD	MOSCWJ19	0
TREEMX	MOSCWJ19	0
UCS01	UCS2018	0
UCS02	UCS2018	0
UCS03	UCS2018	0
UCS04	UCS2018	0
UCS05	UCS2018	0
UCS06	UCS2018	0
USERV01D	ICOP1903	0
STRTF	SNCKPE19	0
STKMZE	CYOC2018	0
TREEWLK2	LTIME65B	0
WEIRD2	LTIME65B	0
THREEFR	LTIME65B	0
ADITREE	SNCKEL19	1
ADJLEAF2	SNCKEL19	1
ANATREE	ICOP1802	1
ANTMAT	MOSCWJ19	1
ARMBH1	AARA2018	1
ARMBH2	AARA2018	1
ARMBH3	AARA2018	1
ARMBH4	AARA2018	1
ARMBH5	AARA2018	1
BEAUTGAR	COOK100B	1
BHD	DEC18B	1
BICONT	DEC18B	1
BINSTR	NOV18B	1
BPS	LTIME66B	1
BUDDYNIM	SNCKPE19	1
CBFEAST	DEC18B	1
CDP01	CODP2017	1
CDP02	CODP2017	1
CDP03	CODP2017	1
CDP04	CODP2017	1
CDP05	CODP2017	1
CHEFBUS	ISPC2018	1
CHEFEQUA	NOV18B	1
CHEFKO	SNCK1B19	1
CHEFSAL	ISPC2018	1
CHFAR	SNCK1B19	1
CHFIDEAL	DEC18B	1
CHFTIRED	NOV18B	1
CHHAPPY	NOV18B	1
CHQUEENS	SNCKPE19	1
CK87DANC	COOK87	1
CK87GSUB	COOK87	1
CK87MEAD	COOK87	1
CK87MEDI	COOK87	1
CK87QUER	COOK87	1
CLORGIRD	LTIME65B	1
CODX01	CDX2018	1
CODX02	CDX2018	1
CODX03	CDX2018	1
CODX05	CDX2018	1
CODX06	CDX2018	1
CODX07	CDX2018	1
CODX08	CDX2018	1
CODX09	CDX2018	1
COG1801	COG2018	1
COG1802	COG2018	1
COG1803	COG2018	1
COG1804	COG2018	1
COG1805	COG2018	1
COG1806	COG2018	1
COMAS	DEC18B	1
CYPOCT01	CYOC2018	1
DATAPIPE	COOK100B	1
DIGILOCK	ISPC2018	1
DLDAG	DEC18B	1
DRGRAC	MOSCWJ19	1
EDGEDIR	DEC18B	1
ELEPPOND	COOK100B	1
EVENT	LTIME66B	1
GEHA1801	GEHA2018	1
GEHA1802	GEHA2018	1
GEHA1803	GEHA2018	1
GEHA1804	GEHA2018	1
GEHA1806	GEHA2018	1
GEHA1807	GEHA2018	1
GMEDIAN	NOV18B	1
GOTBOOK1	ICOP1903	1
HMAPPY1	NOV18B	1
HPIRATES	SNCKPE19	1
IEMATIC2	IEMATICS	1
IEMATIC3	IEMATICS	1
IEMATIC4	IEMATICS	1
IEMATIC5	IEMATICS	1
IEMATIC6	IEMATICS	1
IEMATIC7	IEMATICS	1
IEMATIC9	IEMATICS	1
IEMCO6A	IEMCO6	1
IEMCO6B	IEMCO6	1
IEMCO6C	IEMCO6	1
IEMCO6D	IEMCO6	1
IEMCO6E	IEMCO6	1
IEMCO6F	IEMCO6	1
IMPO	SNCKEL19	1
INTXOR	DEC18B	1
INVENTRY	SNCKPE19	1
INVLIS	MOSCWJ19	1
ISTA2002	ICOP1802	1
ISTA2006	ICOP1802	1
JOKRBOMB	ICOP1903	1
KRNARJN	CYOC2018	1
LNOC	CYOC2018	1
MAGICHF2	NOV18B	1
MAXDTREE	NOV18B	1
MAXEP	DEC18B	1
MAXNUM3	LTIME53	1
MAXPRODU	SNCK1B19	1
MDN	LTIME66B	1
MXM	LTIME66B	1
NMN03	ISPC2018	1
NPL1701B	NPLQ2017	1
NPL1701C	NPLQ2017	1
NPL1701D	NPLQ2017	1
NPL1701E	NPLQ2017	1
NPL1701F	NPLQ2017	1
OPTSSET	LTIME53	1
PAINTREE	SNCKPE19	1
PPAP	LTIME66B	1
PRDRG	NOV18B	1
PRITREE	NOV18B	1
PYFALLS	ICOP1802	1
QM12A	KM122018	1
QUEUE2	SNCK1B19	1
RECIPES	NOV18B	1
SISSUES	ISPC2018	1
SNCKYEAR	SNCK1B19	1
SPECTAC	SNCKPE19	1
SPLTARR	ICOP1903	1
TIDUAFT	ICOP1801	0
TIDURAT	ICOP1801	0
TYPING	SNCK1A19	0
VKURI	CCLC2018	0
TOUGHEST	CCLC2018	0
STRSRCH	CCLC2018	0
TEAMMATE	SNCKQL19	0
UEMKRD	UEM2018	0
UEMSA	UEM2018	0
UEMRDPG	UEM2018	0
UEMCO2	UEM2018	0
UEMKPG	UEM2018	0
TREEWALK	OCT18B	0
SURCHESS	OCT18B	0
VOWPAIR	ALQU2018	0
SUBMAX	ALQU2018	0
SUPPRM	ALQU2018	0
SUBAND	EXPP2018	0
UPDOTR	COOK98B	0
TMRWLD	ELE32018	0
ADASHOP	COOK99B	1
ADASTAIR	COOK99B	1
AOA	ENOC2018	1
ARRGRAPH	SNCK1A19	1
ATM0Q3	ACJQ2017	1
ATM0Q8	ACJQ2017	1
ATM2	COOK98B	1
ATMOQ1	ACJQ2017	1
ATMOQ6	ACJQ2017	1
ATMOQ7	ACJQ2017	1
AVGMAT	SNCK1A19	1
BAL	KJCS2018	1
BBRICKS	OCT18B	1
BINIM2	COOK99B	1
BJUDGE	LTIME64B	1
BOND	KJCS2018	1
BOOK	KJCS2018	1
BORED	DODE2018	1
CAKEWALK	DODE2018	1
CARDMGK	SNCK1A19	1
CCIRCLES	OCT18B	1
CGAAST	CGSC2018	1
CGCODE	CGSC2018	1
CGHORSE	CGSC2018	1
CGMAXOR	CGSC2018	1
CGPRIME	CGSC2018	1
CHEFADD	SNCK1A19	1
CHEFPRMS	SNCKQL19	1
CHEFRES	LTIME64B	1
CHESGAME	CCLC2018	1
CHESS1	ENOC2018	1
CHFGM	ENOC2018	1
CHFINT	ENOC2018	1
CHFIPUBG	ELE32018	1
CHFUCHOC	ELE32018	1
CHSERVE	OCT18B	1
CODG1701	CODG2017	1
CODG1702	CODG2017	1
CODG1704	CODG2017	1
CODG1705	CODG2017	1
COINPART	LTIME64B	1
CPCOMP	OCT18B	1
CRLSTR	ELE32018	1
CTOUR	ENCO2018	1
CUPGAME	DODE2018	1
CYSEP01	CYSE2018	1
CYSEP03	CYSE2018	1
CZAP	CZIL2017	1
CZLT17	CZIL2017	1
CZNGP17	CZIL2017	1
CZTT17	CZIL2017	1
DCODE	ENOC2018	1
DIFSQ	CYSE2018	1
DISTRING	OCT18B	1
DIVFOUR	CCLC2018	1
DOTIT	COOK98B	1
EASY001	CCCO2017	1
EASY002	CCCO2017	1
EXP005	CCCO2017	1
EXP006	CCCO2017	1
EXP007	CCCO2017	1
FLRM	MITC2018	1
GDP	ALQU2018	1
GHVSSI	COOK98B	1
GOD	DODE2018	1
GRAPHB	EXPP2018	1
GRAPHLOS	CYSE2018	1
GREEDYCH	EXPP2018	1
GRIDGM	ENOC2018	1
HMAPPY	OCT18B	1
INF1801	INTY2018	1
INF1802	INTY2018	1
INF1803	INTY2018	1
INF1804	INTY2018	1
INT21	MITC2018	1
ISTA2001	ICOP1801	1
JAMOORA	COCE2018	1
JDELAY	LTIME64B	1
KCHESS	ENCO2018	1
KODE01	KOKO2018	1
KODE02	KOKO2018	1
KODE03	KOKO2018	1
KODE04	KOKO2018	1
KOK001	KOKO2017	1
KOK010	KOKO2017	1
KOK011	KOKO2017	1
LTR	KJCS2018	1
LTRDL	COCE2018	1
LUCAS1	COCE2018	1
MAKPERM	COOK98B	1
MATCH2	LTIME64B	1
MAXTRIP	ALQU2018	1
MED004	CCCO2017	1
MEMOLOG	EXPP2018	1
MINDSUM	OCT18B	1
MINWORK	EXPP2018	1
NEWS	DODE2018	1
NICARRAY	LTIME65B	1
NPLQ18B	NPLQ2018	1
NPLQ18C	NPLQ2018	1
NPLQ18D	NPLQ2018	1
NPLQ18E	NPLQ2018	1
NPLQ18F	NPLQ2018	1
NPLQ18G	NPLQ2018	1
OETW	COOK98B	1
OLDFAR	ENCO2018	1
OPN21	MITC2018	1
OPPOSITE	LTIME64B	1
ORQUERR	COCE2018	1
PERIODIC	SNCK1A19	1
POWTWO	ALQU2018	1
PUMPWAT	COOK99B	1
PWRTREE	COOK99B	1
Q1_NU	COYH2017	1
Q2_NU	COYH2017	1
Q3_NU	COYH2017	1
QABC	SNCKQL19	1
QUALPREL	SNCKQL19	1
QUERARR	COCE2018	1
RAJAPR0	ICOP1801	1
ROBAGAIN	LTIME65B	1
RRAHSEM	CCLC2018	1
SIXSTR	KJCS2018	1
SLAEL	ENCO2018	1
SPREAD2	SNCKQL19	1
TA	COW2018	0
TWOARY	INCC2018	0
WFORT	CCWC2018	0
XORIER	SEPT18B	0
TABGAME	SEPT18B	0
STCFOTT	SEPT18B	0
SQMANIA	INQU2018	0
TRIANLUV	INQU2018	0
SQCB	BIBA2018	0
VIJJUPAR	ICOP1902	0
TARITAR	ICOP1902	0
TIMPLEM	ICOP1902	0
SUITUP	CYAU2018	0
SUSACT	CYAU2018	0
XTGR	LTIME63B	0
XORTREEH	OCT17	0
TOURNEY	ISTS2018	0
STTT	COOK97B	0
TRNJRN	COAT2018	0
SWORDFIG	COAT2018	0
TRO	COW2018	0
ACTNBM	ENAU2018	1
ANDSQR	SEPT18B	1
ANOMALY	INQU2018	1
ARGTS	ENSE2018	1
ARGTS2	ENSE2018	1
ARRPROB	ENAU2018	1
BDMS	COW2018	1
BFTT	COOK97B	1
BINMT	ENSE2018	1
BONAPP	CCWC2018	1
BP	COW2018	1
BRNDG	ENAU2018	1
BSHUFFLE	SEPT18B	1
BUG2K18A	BUGE2018	1
BUG2K18B	BUGE2018	1
BUG2K18C	BUGE2018	1
BUG2K18D	BUGE2018	1
BUG2K18E	BUGE2018	1
BUGF18A	BUGF2018	1
BUGF18B	BUGF2018	1
BUGF18C	BUGF2018	1
BUGF18D	BUGF2018	1
BUGF18E	BUGF2018	1
BYTFST	COAT2018	1
CAH01	CAH1801	1
CDSI6	COIS2017	1
CDSI7	COIS2017	1
CDSI8	COIS2017	1
CEW1	COWC2018	1
CEW2	COWC2018	1
CEW3	COWC2018	1
CEW4	COWC2018	1
CEW5	COWC2018	1
CEW6	COWC2018	1
CF1922	CF22018	1
CF1926	CF22018	1
CHEFADV	SEPT18B	1
CHEFCOUN	OCT17	1
CHEFGP	OCT17	1
CHEFLST	SEPT18B	1
CHEFZERO	SEPT18B	1
CHFBD	ENSE2018	1
CHFDT	ENSE2018	1
CHFJB	ENAU2018	1
CHFPRMDM	ELE32018	1
CHFRST	BIBA2018	1
CHFSQN	ENAU2018	1
CHFWV	ENSE2018	1
CHOCPAIR	ISTS2018	1
CIS7	COIS2017	1
CODE	SICJ2017	1
COUPLE	SICJ2017	1
CRCKT	INCC2018	1
CTKL	ENSE2018	1
CZFS17	CZIL2017	1
CZMG17	CZIL2017	1
DEANSAM	CYAU2018	1
DECODE	ISTS2018	1
DIGITSUM	ISTS2018	1
DINI	CCWC2018	1
DSI	COW2018	1
EVENODD1	GOV32018	1
EVENODD2	GOV32018	1
FCTR	SEPT18B	1
FRIEND	SICJ2017	1
FUNKNOW	ISTS2018	1
GAMEPR	COAT2018	1
GCTNM	BIBA2018	1
GGLMAGIC	GOV32018	1
GGLSTRNG	GOV32018	1
GHMC	LTIME63B	1
GO3	GOV32018	1
GO5	GOV32018	1
GOPALMAT	INQU2018	1
GRDPRTY	ENAU2018	1
GUZAC	COOK97B	1
HACKFU	COOK97B	1
HOUSE	SICJ2017	1
IMGOD	INQU2018	1
INVENTO	INCC2018	1
JACKJILL	ELE32018	1
JAGAM	LTIME63B	1
KATEKAR	INQU2018	1
KLV	COW2018	1
KNGPRB	ENAU2018	1
LONVIJJU	ICOP1902	1
LRPRINT	CYAU2018	1
MAGICHF	SEPT18B	1
MARRAYS	OCT17	1
MEX	OCT17	1
MISKEY	ENAU2018	1
MIXGA	COOK97B	1
MNZEQ	ENSE2018	1
MXPROD	CCWC2018	1
MYSTWEEK	COAT2018	1
NQNF	COOK97B	1
ONEQUE	CCWC2018	1
PCJ18B	PCJ2018	1
PCJ18C	PCJ2018	1
PCJ18D	PCJ2018	1
PCJ18E	PCJ2018	1
PCJ18F	PCJ2018	1
PCJ18G	PCJ2018	1
PERFCONT	OCT17	1
PHOTOCOM	SEPT18B	1
PHTSHT	COAT2018	1
PLYNUM	ENAU2018	1
POINTCN	OCT17	1
POWOFPOW	ISTS2018	1
PROBSET	LTIME63B	1
PROC18A	PROC2018	1
PROC18B	PROC2018	1
PROC18C	PROC2018	1
PROC18D	PROC2018	1
PROC18E	PROC2018	1
PROC18F	PROC2018	1
PROFBL	ENSE2018	1
QM10P5A	KQM52018	1
QM10P5B	KQM52018	1
QUES	CCWC2018	1
RECTSQR	BIBA2018	1
SACGAME	INQU2018	1
SHTARR	OCT17	1
SPCLPN	COAT2018	1
SPOOL	LTIME63B	1
VKDECOMP	LOCJUL18	0
TAJ	LOCJUL18	0
STICKS2	COOK96B	0
TAXR	LOCSEP17	0
TREEUGH	ICOP1901	0
T21	ISCC2018	0
T22	ISCC2018	0
T23	ISCC2018	0
T24	ISCC2018	0
T25	ISCC2018	0
T26	ISCC2018	0
T28	ISCC2018	0
T30	ISCC2018	0
T29	ISCC2018	0
WARTARAN	JULY18B	0
SUBWAY	JULY18B	0
TREESORT	LTIME61B	0
XORSORT2	LTIME61B	0
TBGRAPH	LTIME61B	0
SUMPOWER	LTIME61B	0
WALKKHL	COGA2017	0
VEGETA	QUCO2018	0
WAREHOUS	JUNE18A	0
WRKWAYS	JUNE18A	0
TWOFL	JUNE18A	0
ACENEW	CNES2017	1
ACEORG	CNES2017	1
ACESQN	CNES2017	1
ACEWAR	CNES2017	1
ALGO	COHR2018	1
ARCTR	JUNE18A	1
ARRCENT	ICOP1901	1
BAGAPRIM	KICW2017	1
BEERUS	QUCO2018	1
BIBOARD	JUNE18A	1
BINSHFFL	JUNE18A	1
BSTFUNC	CLCW2017	1
BTMNTREE	COOK95A	1
BUG2K17A	BUGE2017	1
BUG2K17B	BUGE2017	1
BUG2K17C	BUGE2017	1
BUG2K17D	BUGE2017	1
C002	CIU2018	1
C00K0FF	LTIME52	1
CAI0	COHR2018	1
CAMT	COHR2018	1
CCG	COHR2018	1
CF1920	CF22018	1
CF1921	CF22018	1
CF1923	CF22018	1
CF1924	CF22018	1
CGEEK01	COGE2017	1
CGEEK02	COGE2017	1
CGEEK03	COGE2017	1
CGEEK0Y	COGE2017	1
CHANGNUM	IOITC182	1
CHAQOT	COOK96B	1
CHEFCUP	LOCJUN18	1
CHEFDICE	LTIME52	1
CHEFPCHF	LTIME52	1
CHEFSTCK	LOCSEP17	1
CHEFTRAF	LTIME52	1
CHEFTRAV	LOCSEP17	1
CHGCDG	COOK96B	1
CIRCINTE	IOITC181	1
CLCTN	COHR2018	1
CMK	LOCJUL18	1
COCOPROD	LOCSEP17	1
COINDENO	IOITC182	1
COLCHEF	LOCJUL18	1
CYCLECOL	IOITC181	1
DANYANUM	COOK95A	1
DARY	COHR2018	1
DECUNI	ICOP1901	1
DOCSDEL	LTIME61B	1
ENCMSG	COOK96B	1
EQUILIBR	JULY18B	1
EXACTWAL	IOITC182	1
FRCPRT	LTIME62B	1
FRIEZA	QUCO2018	1
GCDMOD	AUG18B	1
GCDSUM	LTIME62B	1
GEARS	JULY18B	1
GOHAN	QUCO2018	1
GOODPERM	COOK95A	1
ICPCSEL	LOCSEP17	1
INMAT	AUG18B	1
INSQ17E	INQU2017	1
INSQ17P	INQU2017	1
INSQ17R	INQU2017	1
INSQ17W	INQU2017	1
INSQ17X	INQU2017	1
INSQ17Z	INQU2017	1
JERRYTOM	JULY18B	1
JMAGNUM	LOCSEP17	1
KATANA	LOCJUN18	1
KCOMPRES	AUG18B	1
KJCS17A	KJCS17	1
KJCS17C	KJCS17	1
KJCS17D	KJCS17	1
KJCS17E	KJCS17	1
KJCS17F	KJCS17	1
KPRR	COGA2017	1
KRILLIN	QUCO2018	1
LGOODSUB	SGHC2018	1
LIKECS01	COOK86	1
LIKECS02	COOK86	1
LIKECS03	COOK86	1
LIKECS04	COOK86	1
LIKECS05	COOK86	1
LOC18JUN	LOCJUN18	1
LONCYC	AUG18B	1
MATRCOMB	SGHC2018	1
MAXPARTI	SGHC2018	1
MEANARR	ICOP1901	1
MEXRNG	LTIME62B	1
MGCSET	JULY18B	1
MINIONS	COOK95A	1
MKSTR	LTIME62B	1
MMRY	COHR2018	1
MYST	AUG18B	1
NAICHEF	JUNE18A	1
NMNMX	JULY18B	1
NOOB	LOCJUN18	1
NSA	JULY18B	1
NUM239	LTIME61B	1
ORMATRIX	COOK96B	1
PDELIV	JULY18B	1
PESTS	COHR2018	1
PFRUIT	JULY18B	1
PINS	JULY18B	1
PLUSEQ	JUNE18A	1
PRINDRAG	AUG18B	1
PRMDIV	LTIME62B	1
PROBLEMS	AUG18B	1
QM10A	KQ102018	1
QM10B	KQ102018	1
RANDB	LOCJUN18	1
REVCASE	KICW2017	1
RIVER	AUG18B	1
SAFPAR	AUG18B	1
SHKNUM	AUG18B	1
SHKSTR	JUNE18A	1
SONYASEG	COOK95A	1
SPELLBOB	AUG18B	1
SPLST	LTIME62B	1
SUMCUBE	SEPT17	0
WEASELTX	SEPT17	0
WEAKMID	LTIME60A	0
TSUM2	LTIME60A	0
TRACE	LTIME60A	0
WEASELSC	SEPT17	0
XORAGN	MAY18A	0
STMINCUT	MAY18A	0
TRCNTCT	COOK85	0
TWOVSTEN	LTIME59A	0
TREE3	LTIME59A	0
THSF	TETO2017	0
XORPATH	SNFL16MR	0
TRGR	LOCAPR18	0
TOINF	BCRR2018	0
VYREVY	BCRR2018	0
STRINGRA	AUG17	0
WALKBT	AUG17	0
TEX	CORP2018	0
TM	BLAS2020	0
ALATE	LOCAUG17	1
ALTSUB	LOCAUG17	1
ANUDTQ	MAY14	1
ANUMFS	MAY14	1
ATDSHT	BCRR2018	1
AVN18CMP	AVEN2018	1
AVN18ENC	AVEN2018	1
AVN18FNL	AVEN2018	1
AVNRLIN	AVEN2018	1
AVNRTRI	AVEN2018	1
BINDIF	DEME2018	1
BINIM	COOK93A	1
CHEFBM	MAY14	1
CHEFFA	AUG17	1
CHEFGORO	COOK93A	1
CHEFLAKE	COOK94A	1
CHEFLMN	COOK94A	1
CHEFMOVR	AUG17	1
CHEFPDIG	SEPT17	1
CHEFPIC	COOK94A	1
CHEFRUN	COOK94A	1
CHEFTRVL	COOK94A	1
CHOCOSTK	CMA22018	1
CHSIGN	MAY18A	1
CLERVT	COLE2018	1
CLFIBD	COLE2018	1
CLKLZM	COLE2018	1
CLSUMG	COLE2018	1
CLTNGL	COLE2018	1
CLUSCL	COLE2018	1
CODEX000	CXII2018	1
CODEX001	CXII2018	1
CODEX003	CXII2018	1
COX01	COX2018	1
COX02	COX2018	1
COX03	COX2018	1
COX04	COX2018	1
COX05	COX2018	1
CREP	DEME2018	1
CRICSCR	LOCAPR18	1
CUTBOARD	COOK93A	1
DARTSEGM	LTIME59A	1
DELICEIL	DEME2018	1
DOBDELIV	LOCAPR18	1
DSERIES	LOCMAY18	1
EGJAM	CMA22018	1
ELECTION	LOCMAY18	1
ELEVSTRS	COOK85	1
ENC2020A	ENCO2020	1
ENC2020B	ENCO2020	1
ENC2020D	ENCO2020	1
ENC2020E	ENCO2020	1
ENC2020F	ENCO2020	1
ENGINEER	CMA22018	1
ENP	CORP2018	1
EXODIA	DEME2018	1
FAKEBS	MAY18A	1
FILLMTR	SEPT17	1
FUNAGP	MAY14	1
GAMSTICK	COOK85	1
GANGS	CMA22018	1
GCAC	AUG17	1
GCDDIV	LTIME59A	1
GOODS	CORP2018	1
GOTLOL	CLCW2017	1
GRPLS	DEME2018	1
GRTGM	TETO2017	1
GTREE	LOCAUG17	1
HACKRMAN	BCRR2018	1
HILLJUMP	AUG17	1
HLPCRUSH	BCRR2018	1
HLPSAM	BLAS2020	1
IEMCO5A	IEMCO5	1
IEMCO5B	IEMCO5	1
IEMCO5C	IEMCO5	1
IEMCO5D	IEMCO5	1
IEMCO5E	IEMCO5	1
IEMCO5F	IEMCO5	1
IOC	CORP2018	1
KMAX	LOCAUG17	1
KMXOR	COOK94A	1
LUVNUM	BCRR2018	1
MARO	CLCW2017	1
MARRIAGE	BCRR2018	1
MATCUT	LTIME51	1
MATDW	AUG17	1
MATDYS	LTIME51	1
MATPAN	LTIME51	1
MATTEG	LTIME51	1
MGS	TETO2017	1
MIMAX	BLAS2020	1
MINPERM	SEPT17	1
MKTRNG	BLAS2020	1
MTYFRI	MAY18A	1
MXAVG	CLCW2017	1
NONCONVX	MAY18A	1
NPORP	LTIME59A	1
OBTTRNGL	COOK85	1
OCM	CMA22018	1
OJUMPS	MAY14	1
PALINGAM	AUG17	1
PALLIND	LOCAPR18	1
PERFNEC	LOCAPR18	1
PERMSUM	LOCMAY18	1
PLUS	LTIME60A	1
PRINCESS	LOCAUG17	1
PWNCHESS	COOK93A	1
QGRID	SEPT17	1
RAINBOWA	AUG17	1
REMAIN	LOCMAY18	1
RNGOR	CLCW2017	1
RRSTONE	MAY14	1
RUBBER	MAY18A	1
RUNDIR	COOK93A	1
SAND7	DAVC2018	1
SANDARY	DAVC2018	1
SANDSHOP	DAVC2018	1
SANTA2	DEME2018	1
SBSTR	LTIME60A	1
SEACO	SEPT17	1
SEAFUNC	SEPT17	1
SEINC	MAY14	1
SERSUM	MAY18A	1
SHIFTPAL	LTIME60A	1
SND18TPP	DAVC2018	1
SPDF	CLCW2017	1
WCPL	BLAS2020	0
STMX17	CFW32020	0
WC01	WNTR2020	0
WC02	WNTR2020	0
WC03	WNTR2020	0
WC04	WNTR2020	0
WC05	WNTR2020	0
WC06	WNTR2020	0
WC07	WNTR2020	0
WC08	WNTR2020	0
SSEC0029	SCC42020	0
SSEC0018	SCC42020	0
SSEC0025	SCC42020	0
UNSQUERS	NOV20B	0
TRAVLMIN	PROJ2017	0
WEIRD	PROJ2017	0
TRAVELAL	LTIME50	0
WIQ	SNEL17RP	0
SUBMEXS	LTIME89B	0
SSO	LTIME89B	0
STONKSA	KZEN2020	0
STONKSB	KZEN2020	0
STONKSE	KZEN2020	0
STONKSC	KZEN2020	0
STONKSD	KZEN2020	0
XOXO	COOK123B	0
TRP	STR2020	0
WEIRDTOP	STR2020	0
ADADET	COOK83	1
ADADISH	NOV20B	1
ANCESTOR	SNEL17RP	1
APOC2_01	APO12020	1
APOC2_02	APO12020	1
APOC2_03	APO12020	1
APOC2_04	APO12020	1
APOC2_05	APO12020	1
AVGMED	LOGI2020	1
AYUSCRT	CFW32020	1
BLACKCOM	SNEL17RP	1
CCFUND	CHLG2020	1
CDSUMS	LTIME89B	1
CGAU05	CGRL2020	1
CGMN1	CGRL2020	1
CGPPR04	CGRL2020	1
CGTR03	CGRL2020	1
CHEFG999	LOGI2020	1
CHEFPRAD	SNEL17RP	1
CHEFSSM	NOV20B	1
CHFMNT	STR2020	1
CNDYGAME	NOV20B	1
COFOCTP1	COF2020	1
COFOCTP2	COF2020	1
CONGRID	NOV20B	1
COPAR	LTIME89B	1
COV3DEAL	CFW32020	1
DECREM	COOK123B	1
DIANE	COOK123B	1
DIVSET	LTIME50	1
DOGGO	STR2020	1
ECPC10A	ECPG2020	1
ECPC10B	ECPG2020	1
ECPC10C	ECPG2020	1
ECPC10D	ECPG2020	1
ECPC10E	ECPG2020	1
ECPC10F	ECPG2020	1
ECPC10G	ECPG2020	1
EOOPR	INFY20A	1
FIZZA	LOGI2020	1
FLOWERPO	AUG17	1
FNDJOB	PROJ2017	1
FORFS	STR2020	1
FOURPTS	SNEL17RP	1
FROD	LOGI2020	1
GKLDPRCT	CFW32020	1
GMSTN	INFY20A	1
GQUERY	SNEL17RP	1
GSARRY	CFW32020	1
GSUB	LTIME89B	1
ICE	CSPR2020	1
INQU2000	INSO2020	1
INVASION	STR2020	1
INVERACT	COOK123B	1
JONSNOW	PROJ2017	1
KCUBE	CSPR2020	1
KGCD	INFY20A	1
KIDEE1	CHLG2020	1
KTREE	INFY20A	1
LOSTMAX	LTIME50	1
MATH88	CHLG2020	1
MATMIN1	LOGI2020	1
MAXOR	LTIME50	1
MEXDIV	SNEL17RP	1
MINI2	CHLG2020	1
MORPH21	COOK123B	1
NBC001	NOOB2020	1
NBC002	NOOB2020	1
NBC003	NOOB2020	1
NBC004	NOOB2020	1
NBC005	NOOB2020	1
NBC006	NOOB2020	1
NODEJP	PROJ2017	1
OCTAVE	CSPR2020	1
OMGO	CFW32020	1
ORFA	SCC42020	1
PANIC	NOV20B	1
PATHSUMS	COOK123B	1
PATTE1	CHLG2020	1
PERFSQRS	COOK123B	1
PERRY	STR2020	1
PLUSMUL	SNEL17RP	1
PREFIXOR	SNEL17RP	1
QUEFNX	STR2020	1
RB2CNF	NOV20B	1
RC_Q1	RVRS2020	1
RC_Q10	RVRS2020	1
RC_Q11	RVRS2020	1
RC_Q12	RVRS2020	1
RC_Q13	RVRS2020	1
RC_Q14	RVRS2020	1
RC_Q15	RVRS2020	1
RC_Q16	RVRS2020	1
RC_Q17	RVRS2020	1
RC_Q18	RVRS2020	1
RC_Q19	RVRS2020	1
RC_Q2	RVRS2020	1
RC_Q3	RVRS2020	1
RC_Q4	RVRS2020	1
RC_Q5	RVRS2020	1
RC_Q6	RVRS2020	1
RC_Q7	RVRS2020	1
RC_Q8	RVRS2020	1
RC_Q9	RVRS2020	1
RESTORE	NOV20B	1
ROBOTDAG	SNEL17RP	1
RRACE	CSPR2020	1
RRUN	INFY20A	1
SCALSUM	NOV20B	1
SEIGE	LOGI2020	1
SELEDGE	NOV20B	1
SHER	CSPR2020	1
SNACKUP	COOK83	1
SOLDVAL	INFY20A	1
SPCLN	SNCKEL17	1
SPLITIT	COOK123B	1
TAWY001	TAWY2020	0
TAWY002	TAWY2020	0
TAWY003	TAWY2020	0
TAWY004	TAWY2020	0
THEFIN	TEWE2020	0
VILLNET	OCT20B	0
TSECJ105	TSCO2017	0
TSECJ104	TSCO2017	0
TSECJ101	TSCO2017	0
TSECJ102	TSCO2017	0
TSECJ106	TSCO2017	0
TSECJ103	TSCO2017	0
ZRACE	CZEN2020	0
TRAVERSE	ISCC2017	0
ZOMB	KJSC2018	0
TECHNO1	COIE2018	0
TECHNO2	COIE2018	0
TECHNO4	COIE2018	0
TECHNO3	COIE2018	0
TECHNO06	COIE2018	0
TECHNO07	COIE2018	0
TECNO8	COIE2018	0
TECHNO08	COIE2018	0
VAIMIN	APRIL18B	0
WGHTNUM	APRIL18B	0
SSPLD	APRIL18B	0
YFG	CMEL2018	0
XDS	CMEL2018	0
TRS	LTIME58A	0
ZOZ	LTIME58A	0
ADDSQURE	OCT20B	1
AFK	LTIME58A	1
AHHOUSE	ISCC2017	1
ALCHH	CZEN2020	1
AMITNITI	LOCJUL17	1
APR102	COLF2018	1
APR103	COLF2018	1
APR104	COLF2018	1
APR105	COLF2018	1
APR106	COLF2018	1
ARRP	LTIME58A	1
ARYANCO	TEWE2020	1
AVGPR	APRIL18B	1
AVVST	CZEN2020	1
AXXOR	CODO2018	1
BINOD	TEWE2020	1
BIPARTRE	COOK84	1
BUYCD	NEWB2020	1
CALC	JULY17	1
CALPRB	KJSC2018	1
CAVECOIN	LOCJUL17	1
CCH1	GACE2020	1
CCH2	GACE2020	1
CCH3	GACE2020	1
CCODEX2	COX22020	1
CEXE01	COME2018	1
CEXE02	COME2018	1
CEXE03	COME2018	1
CEXE04	COME2018	1
CEXE06	COME2018	1
CEXE08	COME2018	1
CHEFAT	APRIL18B	1
CHEFEZQ	OCT20B	1
CHEFPAR	APRIL18B	1
CHEFSIGN	JULY17	1
CHEFWORK	APRIL18B	1
CHFCHL	KJSC2018	1
CHNGFUNC	COOK84	1
CHNGOR	COOK84	1
CHNGSEQ	COOK84	1
CHNGSUM	COOK84	1
CMPVIRS	CMEL2018	1
CNDLOVE	CMEL2018	1
CNFCT	NEWB2020	1
CNTL	CMEL2018	1
CODSTAN1	CFUN2020	1
CODSTAN2	CFUN2020	1
CODSTAN4	CFUN2020	1
CODSTAN6	CFUN2020	1
CODSTAN7	CFUN2020	1
COUT18A	CODO2018	1
COVIDCR	TEWE2020	1
CRISIS	CMEL2018	1
CVDRUN	OCT20B	1
DBAS	TEWE2020	1
DC10001	DECI2020	1
DC10002	DECI2020	1
DC10003	DECI2020	1
DC10004	DECI2020	1
DC10005	DECI2020	1
DC10006	DECI2020	1
DCODEX2	COX22020	1
DDIMMST	OCT20B	1
EDGBASE	CODO2018	1
EDGEXP	CODO2018	1
ESS	JOBE2018	1
EVON	CODO2018	1
EXPTREE	JULY17	1
FGHTXT	NEWB2020	1
FINDFRM	KJSC2018	1
FIXTHE	TEWE2020	1
FLC	JOBE2018	1
FRK	LTIME58A	1
FRW	JOBE2018	1
GBP	JOBE2018	1
GOODPREF	APRIL18B	1
GQR	LTIME58A	1
HCODEX2	COX22020	1
HIGHWAYC	APRIL18B	1
HISTOSIM	ISCC2017	1
HNH01	NEWB2020	1
ICODEX2	COX22020	1
INVSMOD2	OCT20B	1
IPCTRAIN	JULY17	1
JADUGAR	APRIL18B	1
JADUGAR2	APRIL18B	1
JCODEX2	COX22020	1
LCSTSUB	CMEL2018	1
LXORR	NEWB2020	1
MCOIN	CODO2018	1
MPOW	LOGI2020	1
MULDIG	JULY17	1
NG	TETO2017	1
NHSPN	CZEN2020	1
NITIKA	JULY17	1
NN005	NOON2018	1
NN01	NOON2018	1
NN02	NOON2018	1
NN03	NOON2018	1
NN04	NOON2018	1
NODDC	ISCC2017	1
POSAND	OCT20B	1
PREGLO	NEWB2020	1
PSHTTR	JULY17	1
RANDKNAP	OCT20B	1
REPLESX	OCT20B	1
RGSPY	CZEN2020	1
ROOTMST	OCT20B	1
RUINEDF	ISCC2017	1
RVS	JOBE2018	1
SCHAR	LOCJUL17	1
SEGCOMPR	OCT20B	1
SEGSM	CMEL2018	1
SINS	CMEL2018	1
SIPM	CZEN2020	1
SMST	CODO2018	1
TWOCOINS	JULY17	0
SRVRS	JULY17	0
TIME14	FOOY2018	0
SPSUM	INSO2018	0
STSWAP	INSO2018	0
STRAIGHT	INSO2018	0
VSN	JUNE18A	0
WEAPONS	SNFL17MR	0
UNIVERSE	SNFL17MR	0
XDXD	PRWR2018	0
VKNCR	PRWR2018	0
SQCUBE	PRWR2018	0
SPRTJRSY	CODN2018	0
ZVAL	CODN2018	0
YDIV1	COUT2018	0
SUP1	COUT2018	0
STRS	COUT2018	0
SUPRUP	COUT2018	0
SWASI	COUT2018	0
TCQF218A	TCQ22018	0
TCQF218B	TCQ22018	0
TCQF218C	TCQ22018	0
TCQF218D	TCQ22018	0
XXOR	MARCH18A	0
TMS	MOPC2018	0
TCENT	BYTC2018	0
ADI	COUT2018	1
ALPHAS	BYTC2018	1
AMPRO	CONI2018	1
ANDGRAPH	SNFL17MR	1
ANIRWO	GOC2018	1
ANUSQU	GOC2018	1
APRPS	JULY17	1
BCYCLES	SNFL17MR	1
BIGSALE	MARCH18A	1
BONGSUM	BYTC2018	1
BORDER	LTIME57	1
BTLGDN	CODN2018	1
C3PBR3	CCU2018	1
C3PRB1	CCU2018	1
C3PRB2	CCU2018	1
CADD1	COUT2018	1
CADD2	COUT2018	1
CARRAY	COOK91	1
CBLCRS	CONI2018	1
CCOOK	COOK91	1
CHEFKNN	MARCH18A	1
CHEGLOVE	MARCH18A	1
CNTNODE	INSO2018	1
CO92JUDG	COOK92A	1
CO92MATR	COOK92A	1
CO92REST	COOK92A	1
CO92SUBW	COOK92A	1
CO92TREE	COOK92A	1
CONSEL	INSO2018	1
COUPLES	LTIME57	1
CRDGM	CONI2018	1
CTHREE	COOK91	1
CTREE	COOK91	1
CUTTREE	MARCH18A	1
DISTRANG	BYTC2018	1
DSA	MOPC2018	1
EMBDTREE	MARCH18A	1
ERD	CAC2018	1
EVNDIL	CODN2018	1
EXCL18	FOOY2018	1
EZDP	INSO2018	1
FCC01	FSCC2018	1
FCC02	FSCC2018	1
FCC04	FSCC2018	1
FCC05	FSCC2018	1
FEEDBACK	BYTC2018	1
FLGAME	CODN2018	1
FOOLU18	FOOY2018	1
FRNTR	CONI2018	1
FUNFUN	INSO2018	1
GAMENUMB	LTIME57	1
GCDCNT	MARCH18A	1
GDSTRNG	CODN2018	1
GNM	MOPC2018	1
GOFG	INSO2018	1
GSFEB18C	GSF2018	1
GSFEB18D	GSF2018	1
GSMAR18A	GSMAR18	1
GSMAR18B	GSMAR18	1
GSMAR18C	GSMAR18	1
HAND01	FOOY2018	1
HARD101	FOOY2018	1
HARRYCOS	ALKH2018	1
HARRYDH1	ALKH2018	1
HARRYDH2	ALKH2018	1
HARRYGOF	ALKH2018	1
HARRYHBP	ALKH2018	1
HEDWIG	ALKH2018	1
HELPVOLD	ALKH2018	1
HIGHINT	INSO2018	1
HILLS	LTIME57	1
HOLGAME	BYTC2018	1
HULLSUM	SNFL17MR	1
ICL1801	ICL2018	1
ICL1802	ICL2018	1
ICL1803	ICL2018	1
ICL1804	ICL2018	1
ICL1805	ICL2018	1
IT001	CEM2018	1
IT003	CEM2018	1
JS2	MOPC2018	1
KHCARD	GOC2018	1
KTREES	PRWR2018	1
KUNDIG	GOC2018	1
LMAD	MOPC2018	1
MATRIXUM	SNFL17MR	1
MAXIEDGE	SNFL17MR	1
MDIM	BYTC2018	1
MINDEG	SNFL17MR	1
MINEAT	MARCH18A	1
MINIMAX	SNFL17MR	1
MIXCOLOR	MARCH18A	1
MODPR	CODN2018	1
MSTC01	MMFO2018	1
MSTC02	MMFO2018	1
MSTC04	MMFO2018	1
MXPATH	COOK92A	1
NCC1801	NCC2018	1
NCC1802	NCC2018	1
NCC1803	NCC2018	1
NCC1804	NCC2018	1
NCC1805	NCC2018	1
NCC1806	NCC2018	1
PACMAN	CODN2018	1
PID	CAC2018	1
PM2A	KPM22018	1
PM2B	KPM22018	1
PSHTRG	MARCH18A	1
QM8A	KQM82018	1
QM8B	KQM82018	1
QM9A	KQM92018	1
QM9B	KQM92018	1
RATM	PRWR2018	1
RECSUM	BYTC2018	1
REFUELS	SNFL17MR	1
SAN1	CAC2018	1
SHRE	BYTC2018	1
SIMPLPRO	CODN2018	1
SMSAN	CONI2018	1
SMSQR	CODN2018	1
STRLU	HACF2018	0
SS	HACF2018	0
TOMJE	ENCI2018	0
WTRDIL	BLUP2018	0
STRFIB	BLUP2018	0
TCQF181A	TCQ2018	0
TCQF181B	TCQ2018	0
TCQF181D	TCQ2018	0
TCQF181C	TCQ2018	0
TYLER	CBEN2018	0
WILLIAM	CBEN2018	0
THC1	CODH2018	0
ZUBREACH	KOL17ROL	0
ZUBRIDER	KOL17ROL	0
ZUBPASSR	KOL17ROL	0
ZUBGOLD	KOL17ROL	0
ZUBHTREE	KOL17ROL	0
ZUBAPCNT	KOL17ROL	0
ZUBSECRT	KOL17ROL	0
ZUBTRCNT	KOL17ROL	0
ZUBPALK	KOL17ROL	0
ZUBSPOIL	KOL17ROL	0
SURVIVE	COOK90	0
VAMSI_NU	CWF2018	0
VAMSI_CR	CWF2018	0
VAMSI_ST	CWF2018	0
VAMSI_GR	CWF2018	0
VAMSI_BT	CWF2018	0
VAMSI_SP	CWF2018	0
TRICHEF	GWR17ROL	0
TALESQUA	GWR17ROL	0
TALETRI	GWR17ROL	0
ZUBWALLT	GWR17ROL	0
ADSTRING	BLUP2018	1
ALTTRI	PLCO2018	1
AMBOXES	AMR17ROL	1
AMC3	CODH2018	1
AMDRUNK	AMR17ROL	1
AMLEX	AMR17ROL	1
AMMAGIC	AMR17ROL	1
AMRACES	AMR17ROL	1
ANGKILL	PLCO2018	1
ATC2	CODH2018	1
BAR3	ENCI2018	1
BIAS	FEB18	1
BIGTREE	SNFL16MR	1
BIT_BS	OVEC2018	1
BIT_NB	OVEC2018	1
BIT_NJ	OVEC2018	1
BIT_NS	OVEC2018	1
BIT_T7	OVEC2018	1
BOTTLES	ENCI2018	1
CARPTUN	FEB18	1
CHANOQ	FEB18	1
CHEFBAM	ENCI2018	1
CHEFCHOC	PLCO2018	1
CHEFCHR	FEB18	1
CHEFPTNT	FEB18	1
CHEFSPAR	PLCO2018	1
CHFSPN	PLCO2018	1
CIR	HACF2018	1
CLANCY	CBEN2018	1
CLANDLBL	FEB18	1
COCO1	COCO2018	1
COCO3	COCO2018	1
COCO4	COCO2018	1
COCO5	COCO2018	1
COCO6	COCO2018	1
COCU1	COCU2018	1
COCU2	COCU2018	1
COCU3	COCU2018	1
COCU4	COCU2018	1
COCU5	COCU2018	1
CODERLIF	AMR17ROL	1
COMAPR01	COM2018	1
COMAPR02	COM2018	1
COMAPR04	COM2018	1
COMAPR05	COM2018	1
COMAPR06	COM2018	1
COMAPR07	COM2018	1
COUPSYS	GWR17ROL	1
CPC4	CODH2018	1
CRYPCUR	AMR17ROL	1
CSGGV1	CODS2018	1
CSGGV2	CODS2018	1
CSGGV3	CODS2018	1
CWHIZZ01	CODW2018	1
CWHIZZ02	CODW2018	1
CWHIZZ05	CODW2018	1
DARKO	CBEN2018	1
DL2017A	DEAD2018	1
DL2017B	DEAD2018	1
DL2017C	DEAD2018	1
DL2017D	DEAD2018	1
DL2017E	DEAD2018	1
ENCPH1	ENCI2018	1
EZPRB	PLCO2018	1
FARGRAPH	COOK90	1
FIBPOWER	BLUP2018	1
FINDA	COOK90	1
FOOLS18B	FOPR2018	1
FOOLS18C	FOPR2018	1
FOOLS18D	FOPR2018	1
FOOLS18E	FOPR2018	1
FOOLS18F	FOPR2018	1
FOOLS18G	FOPR2018	1
FOUR	TESS2018	1
GRAPHLIS	TESS2018	1
GSJANA	GSJAN18	1
GSJANB	GSJAN18	1
GSJANC	GSJAN18	1
HOF2	HACF2018	1
INDSUB	TESS2018	1
JACKJACK	TESS2018	1
KALADIN	GWR17ROL	1
KILLLAZ	PLCO2018	1
KRYP1	CODR2018	1
KRYP2	CODR2018	1
KRYP3	CODR2018	1
KRYP4	CODR2018	1
KRYP5	CODR2018	1
KRYP6	CODR2018	1
L56AVG	LTIME56	1
L56GAME	LTIME56	1
L56LABY	LTIME56	1
LAUGHMEN	AMR17ROL	1
LEONARD	CBEN2018	1
LIGHTARE	GWR17ROL	1
LUCASTH	FEB18	1
MAGA	COOK90	1
MULTHREE	COOK90	1
OPTCODE	GWR17ROL	1
PAC6	CODH2018	1
PAD19	ENCI2018	1
PERMPAL	FEB18	1
PM2C	KPM22018	1
PRA	HACF2018	1
PRMSWP	PLCO2018	1
QM6A	KQM62018	1
QM6B	KQM62018	1
QM6P5A	KQM6518	1
QM6P5B	KQM6518	1
QTRAGAIN	GWR17ROL	1
QUADFUNC	AMR17ROL	1
RAWPOWER	KOL17ROL	1
SCC5	CODH2018	1
SIMPPOLY	AMR17ROL	1
APPROX2	LTIME12	1
DTREE	LOCMAY17	1
STRLBP	KGP17ROL	0
TAXITURN	KGP17ROL	0
XORQUERY	KGP17ROL	0
VAMSI_JL	CW2018	0
VAMSI_CY	CW2018	0
VRTXCOVR	CHN17ROL	0
SQRGOOD	JAN18	0
STRMRG	JAN18	0
XYHUMOQ	JAN18	0
TWONMS	LTIME49	0
SUMQ	JUNE17	0
XENRANK	JUNE17	0
UNIONSET	JUNE17	0
TEAMFORM	SNCKPA17	0
TELEPORT	LTIME48	0
SUBINVER	LTIME48	0
VTREE	LOCMAY17	0
TEMPLELA	SNCKQL17	0
UNICOURS	MAY17	0
WSITES01	MAY17	0
SUBQUERY	LTIME13	0
TWOCOMP	JUNE14	0
TROOT	LTIME12	0
TANDC	LTIME11	0
AREAFIGR	CHN17ROL	1
ARGCD	LOCMAY17	1
ARTBALAN	FEB19B	1
BITMASK2	BITM2017	1
BITMASK3	BITM2017	1
BITMASK5	BITM2017	1
BLREDSET	CHN17ROL	1
BNGAME	LTIME12	1
BONDFOND	LOCMAY17	1
CAPTCITI	SNCKPB17	1
CENTREE	COOK83	1
CG01	CDGR2014	1
CG02	CDGR2014	1
CG03	CDGR2014	1
CG04	CDGR2014	1
CG05	CDGR2014	1
CG06	CDGR2014	1
CHEFCODE	MAY17	1
CHEFPALS	JAN18	1
CHEFROUT	MAY17	1
CHEFSUBA	MAY17	1
CHEFZOT	JUNE14	1
CIRCLE	LTIME11	1
CLONEME	JUNE17	1
CODIE	CHN17ROL	1
COMPCLUB	LTIME49	1
CONSESNK	SNCKPA17	1
COOK82A	COOK82	1
COOK82B	COOK82	1
COOK82D	COOK82	1
COOK82E	COOK82	1
COPRIME3	LTIME13	1
COW18_6	CW2018	1
COW18_7	CW2018	1
CSGGV4	CODS2018	1
CSGGV5	CODS2018	1
DARTS	JUNE14	1
DEFOREST	CHN17ROL	1
DIGJUMP	JUNE14	1
DISCAREA	KGP17ROL	1
DIVSUBS	LTIME12	1
DYNAINV	LTIME13	1
ELHIDARR	CHN17ROL	1
ES	JUNE17	1
EXAM	NCC2014	1
FBCH	CTLH2018	1
FORGETPW	JUNE14	1
FUNC	JUNE14	1
GAMEBALL	SNCKPA17	1
GENPERM	KGP17ROL	1
GMB01	CDSN2014	1
GMB02	CDSN2014	1
GMB03	CDSN2014	1
GMB05	CDSN2014	1
GOODBAD	CHN17ROL	1
GOODSET	JUNE17	1
GPD	MAY17	1
GUESS	JUNE14	1
HHMGN	LOCJUN17	1
ISSNAKE	SNCKPA17	1
KCHAR	LOCJUN17	1
KCON	JAN18	1
KFORK	LTIME11	1
KILLER	MAY17	1
KILLKTH	JAN18	1
LEBLOCKS	JUNE14	1
LOC172	LOCMAY17	1
MANCBST	CHN17ROL	1
MAXPR	JUNE14	1
MAXSC	JAN18	1
MAXSEGM	LTIME49	1
MINSTR	CHN17ROL	1
MONSTER	JAN18	1
MPROD	LTIME11	1
MRO	CHN17ROL	1
MULDIV	NCC2014	1
MXMEDIAN	MAY17	1
NONOVSEG	KGP17ROL	1
NUMBGAME	KGP17ROL	1
OAK	JUNE17	1
OBEXPVAL	CHN17ROL	1
PCAKE	LOCJUN17	1
POSTTREE	LTIME48	1
PRATABHI	LOCJUN17	1
PRMQ	JUNE17	1
PROB_4	CW2018	1
PROB_5	CW2018	1
PROM01	PRMT2014	1
PROM02	PRMT2014	1
PROM04	PRMT2014	1
PROM05	PRMT2014	1
PROM06	PRMT2014	1
PROM07	PRMT2014	1
PROM08	PRMT2014	1
PROTEPOI	SNCKPA17	1
PRTITION	JAN18	1
QUAD	NCC2014	1
RECT	NCC2014	1
RECTANGL	JAN18	1
RIDDLE99	LOCJUN17	1
SADQ	KGP17ROL	1
SANDWICH	MAY17	1
SBTR	JUNE17	1
SCIENCEF	KGP17ROL	1
SEAARC	JUNE14	1
SHDWCMP	LTIME49	1
SHK01	CTLH2018	1
SHK02	CTLH2018	1
SHK03	CTLH2018	1
SMPAIR	LTIME13	1
SNAKEEAT	SNCKQL17	1
SNAKPROC	SNCKQL17	1
SNCOUP	SNCKPB17	1
SNELECT	SNCKPB17	1
SNET	NCC2014	1
SNGRAPH	SNCKPB17	1
SNOOKER	NCC2014	1
SNSOCIAL	SNCKPB17	1
SNTEMPLE	SNCKPA17	1
SPAMCLAS	KGP17ROL	1
SPANTREE	KGP17ROL	1
ACMICL01	AICL2014	1
COTA	COOK43	1
SSS	TUXO2014	0
TUX01	TUXO2014	0
TUX02	TUXO2014	0
SREENI	TUXO2014	0
TUX03	TUXO2014	0
TANGDIV	APRIL14	0
SUBSGM	LTIME10	0
TMSLT	MARCH14	0
WALK	MARCH14	0
STREETTA	MARCH14	0
SSTORY	MARCH14	0
TR002	TRNT2014	0
TR001	TRNT2014	0
TR003	TRNT2014	0
TR004	TRNT2014	0
TILE	CDMT2014	0
TILE0	CDMT2014	0
VOTE	CDMN2014	0
UNIQUE	COOK43	0
ACMICL02	AICL2014	1
ACMICL03	AICL2014	1
ACMICL04	AICL2014	1
ADIGIT	APRIL14	1
ANUGCD	MARCH14	1
ARRAY	CDNCTR14	1
BALLOT	CDMN2014	1
BINTOUR	MARCH14	1
BINTREE	APRIL14	1
BTCD14A	BTCD2014	1
BTCD14B	BTCD2014	1
BTCD14C	BTCD2014	1
BTCD14D	BTCD2014	1
BTCD14E	BTCD2014	1
BTCD14F	BTCD2014	1
BTCD14G	BTCD2014	1
BTCD14I	BTCD2014	1
BTCD14J	BTCD2014	1
CANDB	CDMT2014	1
CC1	CDCRNT14	1
CC2	CDCRNT14	1
CC3	CDCRNT14	1
CC4	CDCRNT14	1
CDCRTS1	CDCS2014	1
CDCRTS2	CDCS2014	1
CDCRTS3	CDCS2014	1
CDCRTS4	CDCS2014	1
CDCRTS5	CDCS2014	1
CDMT06	CDMT2014	1
CI1	COGZ2014	1
CI2	COGZ2014	1
CI3	COGZ2014	1
CI4	COGZ2014	1
CINEMA	CDMT2014	1
CM1	CDMN2014	1
CNPIIM	APRIL14	1
COD01	CDR2014	1
COD02	CDR2014	1
COD03	CDR2014	1
COD04	CDR2014	1
COD06	CDR2014	1
COD07	CDR2014	1
COD08	CDR2014	1
COD09	CDR2014	1
CODQ1	CDLV2014	1
COG14A	BTBT2014	1
COG14B	BTBT2014	1
COG14C	BTBT2014	1
COG14D	BTBT2014	1
COG14E	BTBT2014	1
COG14F	BTBT2014	1
CORRCHK	LTIME10	1
CRZ01	CDCN2014	1
CRZ02	CDCN2014	1
CRZ03	CDCN2014	1
CRZ04	CDCN2014	1
CRZ05	CDCN2014	1
FBCHEF	APRIL14	1
FEST	CDNCTR14	1
GERALD07	MARCH14	1
GERALD08	APRIL14	1
GOC01	GOC2014	1
GOC02	GOC2014	1
GOC03	GOC2014	1
GOC05	GOC2014	1
GOT	CDNCTR14	1
IGNUS14A	IGNS2014	1
IGNUS14B	IGNS2014	1
IGNUS14C	IGNS2014	1
IGNUS14D	IGNS2014	1
IGNUS14E	IGNS2014	1
IOPC14A	IOPC2014	1
IOPC14B	IOPC2014	1
IOPC14C	IOPC2014	1
IOPC14D	IOPC2014	1
IOPC14E	IOPC2014	1
IOPC14G	IOPC2014	1
IOPC14H	IOPC2014	1
IOPC14I	IOPC2014	1
IOPC14J	IOPC2014	1
IOPC14K	IOPC2014	1
IOPC14L	IOPC2014	1
IOPC14M	IOPC2014	1
IOPC14N	IOPC2014	1
IOPC14O	IOPC2014	1
IOPC14P	IOPC2014	1
IOPC14Q	IOPC2014	1
IOPC14R	IOPC2014	1
IOPC14T	IOPC2014	1
JADEJA	CDNCTR14	1
JMI00	CDMR2014	1
JMI01	CDMR2014	1
JMI02	CDMR2014	1
JMI03	CDMR2014	1
JMI04	CDMR2014	1
KINGSHIP	COOK43	1
LFEB14A	LTIME09	1
LFEB14B	LTIME09	1
LMATRIX3	APRIL14	1
LPAIR	COOK43	1
MIRRORS	CDMT2014	1
MOVF	NCDFEB14	1
MPROJ	NCDFEB14	1
MULFACT	DMNT2014	1
NFEB3	NCDFEB14	1
NFEB4	NCDFEB14	1
NFEB5	NCDFEB14	1
ORPROFIT	DMNT2014	1
PAPPUG	CDMN2014	1
PG	CDMN2014	1
POTATOES	APRIL14	1
PREDICTO	CDMN2014	1
PROSUM	MARCH14	1
QUEST	CDNCTR14	1
REMISS	COOK43	1
REVADD	DMNT2014	1
RONR	TUXO2014	1
SEAD	LTIME09	1
SEAPERM	APRIL14	1
SEARRAYS	LTIME09	1
SEASORT2	MARCH14	1
SEQCOUNT	LTIME10	1
SHGAME	LTIME10	1
SNOWGAME	DMNT2014	1
SUBMIN	FEB14	0
TWODOGS	FEB14	0
SUBBXOR	CDCRFT14	0
TAPAIR	JAN14	0
TOURBUS	JAN14	0
SUBARR	LTIME07	0
TRSUBTR	COOK40	0
UVTR	NCDRN13	0
UVHST	NCDRN13	0
TPLOT	NCDRN13	0
SVHR	NCDRN13	0
TBATTLE	CDWV2013	0
TESSER	CDWV2013	0
ALEXNUMB	DEC13	1
AMIFIB	COOK40	1
ATOM	CDCRFT14	1
AWTHR	SHSTRA14	1
BALLS	CDCRFT14	1
BHAV	CDCZ2013	1
BIT	CDCRFT14	1
BUYCAR	CDCZ2013	1
BWIDOW	CDWV2013	1
BYTES1	TROK2014	1
BYTES2	TROK2014	1
BYTES3	TROK2014	1
BYTES4	TROK2014	1
BYTES5	TROK2014	1
CAKE1AM	COOK42	1
CAKE2AM	COOK42	1
CDZ14A	CDZL2014	1
CDZ14B	CDZL2014	1
CDZ14C	CDZL2014	1
CDZ14D	CDZL2014	1
CDZ14E	CDZL2014	1
CHODE	DEC13	1
CHRL1	LTIME08	1
CHRL2	LTIME08	1
CHRL3	LTIME08	1
CHRL4	LTIME08	1
CIRCLES	CDCRFT14	1
CNTDSETS	JAN14	1
CODQ2	CDLV2014	1
CODQ3	CDLV2014	1
CODQ4	CDLV2014	1
CODQ5	CDLV2014	1
CODQ6	CDLV2014	1
CODQ7	CDLV2014	1
CODQ8	CDLV2014	1
COLARR	FEB14	1
COPRIME	CDCRFT14	1
COT5	FEB14	1
CRANBROM	CRNM2014	1
CRANCBOY	CRNM2014	1
CRANCRD	CRNM2014	1
CRANGIRL	CRNM2014	1
CRANLOTT	CRNM2014	1
CRANPPOL	CRNM2014	1
CUBE	DEC13	1
DAGCH	FEB14	1
DECORATE	DEC13	1
DRGHTS	FEB14	1
DRUNKG	CDCRFT14	1
DURIND	CDCRFT14	1
ERROR	JAN14	1
FGFS	JAN14	1
FRBSUM	JAN14	1
GAMEAAM	COOK42	1
GANGAAM	COOK42	1
GIVEAWAY	CDCRFT14	1
GOTN	CDCZ2013	1
GOTT	CDCZ2013	1
GPNY	NCDRN13	1
GRETHIEF	SHSTRA14	1
IITI13	DBYZ2014	1
IITI14	DBYZ2014	1
IITI16	DBYZ2014	1
IITI17	DBYZ2014	1
IMBOX	CDWV2013	1
INGREDIE	CDCRFT14	1
JAGE	CDCZ2013	1
KGP13A	KGP13ACM	1
KGP13B	KGP13ACM	1
KGP13C	KGP13ACM	1
KGP13D	KGP13ACM	1
KGP13E	KGP13ACM	1
KGP13F	KGP13ACM	1
KGP13G	KGP13ACM	1
KGP13I	KGP13ACM	1
KGP13J	KGP13ACM	1
LCPESY	FEB14	1
LEBALLS	ODCD2013	1
LEDISHES	ODCD2013	1
LEFIRE	ODCD2013	1
LEMAGIK	ODCD2013	1
LEMARKS	ODCD2013	1
LEMOVIE	FEB14	1
LEPROM	ODCD2013	1
LESTRING	ODCD2013	1
LETHOR	ODCD2013	1
LEWINE	ODCD2013	1
LMA1	LTIME06	1
LMATRIX	FEB14	1
LMATRIX2	FEB14	1
LOWSUM	COOK40	1
MACMAY	CDCRFT14	1
MARBLEGF	DEC13	1
METEORAK	JAN14	1
MIKE1	LTIME07	1
MIKE2	LTIME07	1
MTRICK	JAN14	1
NEXTNUM	COOK40	1
NQUEEN	CDCRFT14	1
NUMBERS	LTIME06	1
NUMPATH	COOK40	1
OPDES	CDCZ2013	1
ORDERAAM	COOK42	1
PALINDR	LTIME06	1
PLZLYKME	JAN14	1
PRVG01	PRVG2014	1
PRVG02	PRVG2014	1
QMARKS	LTIME06	1
QTREE6	DEC13	1
REALSET	DEC13	1
REIGN	DEC13	1
REN2013A	CODX2014	1
REN2013B	CODX2014	1
REN2013C	CODX2014	1
REN2013D	CODX2014	1
REN2013E	CODX2014	1
REN2013F	CODX2014	1
REN2013G	CODX2014	1
REN2013I	CODX2014	1
REN2013J	CODX2014	1
REN2013K	CODX2014	1
SEAGRP	JAN14	1
SHAMASS	SHSTRA14	1
SHASFUN	SHSTRA14	1
SHASGAME	SHSTRA14	1
SHASGRA	SHSTRA14	1
SHASSTR	SHSTRA14	1
SMHTA	SMHT2014	1
SMHTB	SMHT2014	1
SMHTC	SMHT2014	1
SMHTD	SMHT2014	1
SMHTE	SMHT2014	1
SMPAINT	DEC13	1
SUBSTR	ACMKGP13	0
TCFST06	TCFST13	0
TCFST03	TCFST13	0
TCFST07	TCFST13	0
TCFST08	TCFST13	0
TCFST04	TCFST13	0
TCFST09	TCFST13	0
TCFST02	TCFST13	0
TCFST05	TCFST13	0
TCFST01	TCFST13	0
TCFST10	TCFST13	0
STATUES	ACMKAN13	0
STANDUP	ACMKAN13	0
XAIR	CDCL2013	0
XLIFE	CDCL2013	0
TMP01	SEPT13	0
TWOROADS	SEPT13	0
ALK13B	ALKH2013	1
ALK13C	ALKH2013	1
ALK13D	ALKH2013	1
ALK13E	ALKH2013	1
ALK13F	ALKH2013	1
ALK13G	ALKH2013	1
ALK13H	ALKH2013	1
AND	LTIME03	1
ARRGAME2	OCT13	1
BOTM	UVCNCD13	1
CAOS1	SEPT13	1
CAOS2	SEPT13	1
CAOS3	OCT13	1
CARDINAL	ACMKAN13	1
CDWRS01	CODW2013	1
CDWRS02	CODW2013	1
CDWRS03	CODW2013	1
CDWRS04	CODW2013	1
CDWRS05	CODW2013	1
CDWRS06	CODW2013	1
CHEFGM	NOV13	1
CHGIFT1	LTIME04	1
CHGLSTGT	LTIME05	1
CHITHH	LTIME04	1
CHMAGIC	LTIME04	1
CHXORR	LTIME04	1
CNG	BTCD2013	1
CNR	LTIME05	1
CNTSOLS	AUG13	1
COOLGUYS	SEPT13	1
CREDCJ1	CLASH13	1
CREDCJ2	CLASH13	1
CREDCJ3	CLASH13	1
CREDCS1	CLASH13	1
CREDCS2	CLASH13	1
CREDCS3	CLASH13	1
CRYPT01	CRPT2013	1
CRYPT02	CRPT2013	1
CRYPT03	CRPT2013	1
CRYPT04	CRPT2013	1
CRYPT05	CRPT2013	1
CRYPT06	CRPT2013	1
CRYPT07	CRPT2013	1
CRYPT08	CRPT2013	1
CRYPT09	CRPT2013	1
CWAR1	CDWR2013	1
CZIP3	CDWR2013	1
DEG3MAXT	OCT13	1
DELNMS	AUG13	1
DIFBMB	BTCD2013	1
EDITLIST	ACMKGP13	1
EDSTGRID	OCT13	1
ELOHB	INSM2013	1
ESYPROB	CDWR2013	1
EXPGAME	LTIME05	1
FACTCN	CDWR2013	1
FMAP	BTCD2013	1
GOPJ	UVCNCD13	1
GOPR	UVCNCD13	1
GPRIME	CDWR2013	1
HELPLIRA	OCT13	1
INS01	INSM2013	1
INS02	INSM2013	1
INS03	INSM2013	1
INS05	INSM2013	1
INSCTS1	INSCRP13	1
INSCTS2	INSCRP13	1
INSCTS3	INSCRP13	1
INSCTS4	INSCRP13	1
INTEG	SEPT13	1
JACKPOT	ACMKGP13	1
JETSONS	INSM2013	1
JOHNY	NOV13	1
KMHAMHA	OCT13	1
KTHPATH	ACMKGP13	1
LEBAMBOO	OCT13	1
LEEXAMS	SEPT13	1
LINEPROB	ACMKAN13	1
LOGIC1	LGCD2013	1
LOGIC2	LGCD2013	1
LOGIC3	LGCD2013	1
LOGIC5	LGCD2013	1
LOGIC6	LGCD2013	1
MAANDI	OCT13	1
MAGSTK	BTCD2013	1
MATRIX2	LTIME03	1
MAXCOMB	BTCD2013	1
MCHAIRS	NOV13	1
MLCHEF	SEPT13	1
MONOPLOY	NOV13	1
MONTU	INSM2013	1
MPAIR	CDCL2013	1
MPROB	CDCL2013	1
MRIU12	CDCRNC13	1
MRIU13	CDCRNC13	1
MRIU14	CDCRNC13	1
MRIU15	CDCRNC13	1
PC01	PRCN2013	1
PC02	PRCN2013	1
PC03	PRCN2013	1
PC04	PRCN2013	1
PC05	PRCN2013	1
PERHIL	UVCNCD13	1
PLAYNUM	BTCD2013	1
PPLUCKY	COOK39	1
PPTEST	COOK39	1
PPTREE	COOK39	1
PPXOR	COOK39	1
PREE01	DSEC2013	1
PREE02	DSEC2013	1
PREE03	DSEC2013	1
PREE04	DSEC2013	1
PREE05	DSEC2013	1
PREE06	DSEC2013	1
PRETNUM	NOV13	1
PRSN	BTCD2013	1
PRVG03	PRVG2014	1
RANBOT	BTCD2013	1
ROUTES	LTIME03	1
SCNDWAR	BTCD2013	1
SDSQUARE	NOV13	1
SEABAL	AUG13	1
SEASNAKE	SEPT13	1
SEATRSF	OCT13	1
SEAVEC	NOV13	1
SORTING	LTIME03	1
SPLCND	BTCD2013	1
SPOONS	SEPT13	1
SPOTWO	NOV13	1
AMROOK	COOK34	1
COUPON	LTIME01	1
TRIPCOST	LTIME02	0
TANGLED	LTIME02	0
TASUFFIX	COOK36	0
TAAPLUSB	COOK36	0
TACHEMIS	COOK36	0
TACHSTCK	COOK36	0
TAACUTE	COOK36	0
TASTYD	LTIME01	0
WSTRING	JUNE13	0
TKCONVEX	JUNE13	0
WITMATH	MAY13	0
TREE	MAY13	0
WGHTLIF	KDAT2013	0
STRQUERY	APRIL13	0
TNMALG01	ALGT2013	0
TNMALG03	ALGT2013	0
TNMALG04	ALGT2013	0
TNMALG05	ALGT2013	0
TNMALG07	ALGT2013	0
TNMALG06	ALGT2013	0
TNMALG02	ALGT2013	0
SUBTREE	MARCH13	0
AMSEQT	COOK34	1
AMSGAME1	COOK34	1
AMSGAME2	COOK34	1
AMXOR	COOK34	1
APPROX	MARCH13	1
CDZ1301	INVS2013	1
CDZ1302	INVS2013	1
CDZ1303	INVS2013	1
CDZ1304	INVS2013	1
CDZ1305	INVS2013	1
CHALENGE	MAY13	1
CHAORNOT	JUNE13	1
CHEFGAME	APRIL13	1
CHEFREST	KDAT2013	1
CHEFSTR	KDAT2013	1
CHMOD	AUG13	1
CHRECT	JULY13	1
CLUSTER	KDAT2013	1
COADIES1	CODS2013	1
COADIES2	CODS2013	1
COADIES3	CODS2013	1
COADIES4	CODS2013	1
COADIES5	CODS2013	1
COINCHNG	LTIME02	1
COLLECT	JUNE13	1
CONTWORD	OVRN2013	1
COOKFOOD	LTIME02	1
COSH1504	COSH2015	1
CPP	MAY13	1
DECRYPT	KDAT2013	1
DELISH	JUNE13	1
DEVILNUM	KDAT2013	1
DISHANAM	KDAT2013	1
DISTQUER	KDAT2013	1
DOTA	OVRN2013	1
FARASA	JULY13	1
FAULT	APRIL13	1
FCBARCA	APRIL13	1
FIRESC	MARCH13	1
GALACTIK	JULY13	1
GRTRIP	LTIME01	1
HELLO	AUG13	1
I13EAF	INST2013	1
I13POF	INST2013	1
I13TPG	INST2013	1
I13TS	INST2013	1
IIITBH10	CDNB2013	1
IIITBH11	CDNB2013	1
IIITBH13	CDNB2013	1
IIITBH14	CDNB2013	1
IITI06	DBYZ2013	1
IITI07	DBYZ2013	1
IITI08	DBYZ2013	1
IITI10	DBYZ2013	1
IITI11	DBYZ2013	1
INVBINCF	APRIL13	1
IOPC13A	IOPC2013	1
IOPC13B	IOPC2013	1
IOPC13C	IOPC2013	1
IOPC13D	IOPC2013	1
IOPC13E	IOPC2013	1
IOPC13F	IOPC2013	1
IOPC13G	IOPC2013	1
IOPC13H	IOPC2013	1
IOPC13I	IOPC2013	1
IOPC13K	IOPC2013	1
IOPC13L	IOPC2013	1
IOPC13M	IOPC2013	1
IOPC13N	IOPC2013	1
IOPC13O	IOPC2013	1
IOPC13P	IOPC2013	1
IOPC13Q	IOPC2013	1
IOPC13R	IOPC2013	1
IOPC13S	IOPC2013	1
JUNONGF	MAY13	1
KINGCON	APRIL13	1
KPRIME	JULY13	1
LELEMON	AUG13	1
LEMOUSE	JUNE13	1
LEMUSIC	APRIL13	1
LEVY	APRIL13	1
LONGART	MARCH13	1
MAXDIFF	APRIL13	1
MISSILE	OVRN2013	1
MOU1H	JULY13	1
MSTICK	MAY13	1
NAME1	MAY13	1
NAME2	MAY13	1
NITA02	BTFR2013	1
NITA05	BTFR2013	1
NITA06	BTFR2013	1
NITA07	BTFR2013	1
NITA09	BTFR2013	1
NITA10	BTFR2013	1
NITA11	BTFR2013	1
NITA12	BTFR2013	1
NITA13	BTFR2013	1
NPIN	JULY13	1
NUMFACT	LTIME01	1
P1309	CDNC2013	1
P1311	CDNC2013	1
P1313	CDNC2013	1
P1314	CDNC2013	1
P1315	CDNC2013	1
P1316	CDNC2013	1
PERMUTE	JUNE13	1
PREDICT	JUNE13	1
PRIMEDST	AUG13	1
PROB	JULY13	1
PT1	PROM2013	1
PT2	PROM2013	1
PT3	PROM2013	1
PT4	PROM2013	1
PT6	PROM2013	1
PT7	PROM2013	1
PT8	PROM2013	1
RECNAME	KDAT2013	1
RECRUIT	OVRN2013	1
RIVPILE	JULY13	1
SEASOR	JULY13	1
SHIRO	AUG13	1
SPCANDY	AUG13	1
SPMATRIX	JUNE13	1
TOTR	MARCH13	0
ZENCALC	MARCH13	0
STRONG	TCSG2013	0
WORDNINJ	DEC12	0
TF02	ZERO1	0
TF03	ZERO1	0
TF04	ZERO1	0
TF05	ZERO1	0
TF06	ZERO1	0
TENNCLUM	CDWV2012	0
TOYSGAME	CDWV2012	0
TOURMAP	NOV12	0
TOURNAM	COOK27	0
TREEFUN	COOK27	0
TEAMSIZE	OCT12	0
STRRMQ	ALKH2012	0
TSX01	TCSN2012	0
TSX02	TCSN2012	0
TSX03	TCSN2012	0
TSX04	TCSN2012	0
TSX05	TCSN2012	0
UKROBOT	LTIME88A	0
ALK01	ALKH2012	1
ALMOSTPR	TCSG2013	1
ARIGEOM	DEC12	1
ARRQRS	ALKH2017	1
AWAPP	OBFS2013	1
BERRY	CDWV2012	1
BMASTER	OCT12	1
BPHC01	CODW2012	1
BPHC02	CODW2012	1
BPHC03	CODW2012	1
BPHC04	CODW2012	1
BRLADDER	LTIME46	1
BUY1GET1	FEB13	1
BUYING2	COOK27	1
BYTESC	BYTS2013	1
BYTESD	BYTS2013	1
BYTESE	BYTS2013	1
BYTESF	BYTS2013	1
BYTESG	BYTS2013	1
BYTESH	BYTS2013	1
CANDYGAM	NOV12	1
CANDYPK	CDWV2012	1
CBARS	NOV12	1
CDOLP1	CDOL2013	1
CDOLP2	CDOL2013	1
CDOLP3	CDOL2013	1
CDOLP5	CDOL2013	1
CHANGE	MARCH13	1
CIELHACK	OCT12	1
CLIQUED	APRIL17	1
CLRT	OBFS2013	1
CNTWAYS	DEC12	1
COFSQ1	CFSA2020	1
CONFLIP	NOV12	1
COUNTARI	NOV12	1
CRAZYBOB	ALKH2012	1
CRNM1301	CRNM2013	1
CRNM1302	CRNM2013	1
CRNM1304	CRNM2013	1
CRNM1305	CRNM2013	1
CRNM1306	CRNM2013	1
CRNM1307	CRNM2013	1
CYCLIST	ACMKAN12	1
DEADSHOT	ALKH2012	1
DGTCNT	APRIL17	1
DIAMOND	OCT12	1
DIFFV	ALKH2012	1
DIFTRIP	DEC12	1
DISCOUNT	TCSG2013	1
DISHMIX	CDWV2012	1
DRGNBOOL	OCT12	1
DS15	DSPF2013	1
DS18	DSPF2013	1
DS19	DSPF2013	1
DS5	DSPF2013	1
DS7	DSPF2013	1
DS8	DSPF2013	1
EFFPAINT	FEB13	1
EGYPTFRA	ACMKAN12	1
EQCANDY	ALKH2012	1
EQUALIZ	COOK27	1
EXEBIT01	EXBT2013	1
EXEBIT03	EXBT2013	1
EXEBIT04	EXBT2013	1
EXEBIT05	EXBT2013	1
FEWDIFF	LTIME88A	1
GCDOPS	LTIME88A	1
GESCAPE	CDWV2012	1
GRANAMA	DEC12	1
HAIRCUT	LTIME46	1
HCAKE	TCSG2013	1
ICEFIRE	ALKH2012	1
ICL1701	ICL2017	1
ICL1702	ICL2017	1
ICL1704	ICL2017	1
ICL1705	ICL2017	1
ICL1706	ICL2017	1
IGNITE	ALKH2012	1
JABO	NOV12	1
LECARDS	FEB13	1
LECOINS	MARCH13	1
LEDIV	COOK28	1
LELUCKYN	COOK28	1
LEMAGIC	COOK28	1
LEPAPER	COOK28	1
LEPERMUT	COOK28	1
LUCKY10	OCT12	1
LUCKY9	NOV12	1
MAGFTS	OBFS2013	1
MANYLEFT	NOV12	1
MARTARTS	NOV12	1
MAXCIR	OCT12	1
MAXCOMP	OCT12	1
MAXRECT	OCT12	1
MGCRNK	DEC12	1
MINESWPR	MARCH13	1
MPREF	ALKH2012	1
NEWSCH	OCT12	1
NI02	ACMKGP12	1
NI03	ACMKGP12	1
NI04	ACMKGP12	1
NI05	ACMKGP12	1
NMAGIC	ALKH2012	1
P1301	PRST2013	1
P1303	PRST2013	1
P1304	PRST2013	1
P1306	PRST2013	1
P1308	PRST2013	1
PARKWOE	ACMKAN12	1
PERMSPL	LTIME88A	1
PRMARTH	TCSP2013	1
QPOLYSUM	DEC12	1
RBXINT1	INCD2013	1
RBXINT2	INCD2013	1
RBXINT3	INCD2013	1
RBXINT4	INCD2013	1
REARRAN	COOK27	1
RNDGRID	APRIL17	1
ROOTTREE	LTIME88A	1
SEABIL	APRIL17	1
SEREJA	DEC12	1
SHEBRU	ALKH2017	1
SMPX	TCSP2013	1
SPECIES	LTIME46	1
XORPRO	ALKH2017	0
TREEQRS	ALKH2017	0
TUPLES2	MARCH17	0
WANBASE	NCC2017	0
VARGAME	NCC2017	0
VORTEX1	COSU2017	0
VORTEX3	COSU2017	0
VORTEX4	COSU2017	0
WATMELON	LTIME88A	0
WGME	LTC2017	0
TUPLES	JAN17	0
TOURISTS	JAN17	0
SUMALPHA	KQPM2017	0
SUPVIL	LTIME43	0
ABDTOLL	LTIME72A	1
ABES01	CDSP2016	1
ABES02	CDSP2016	1
ABES04	CDSP2016	1
ABES05	CDSP2016	1
ADDMULT	COOK79	1
ADWAR	BYTR2017	1
ALGOA	ALGR2017	1
ALGOB	ALGR2017	1
ALGOC	ALGR2017	1
ALGOD	ALGR2017	1
ALGOE	ALGR2017	1
ARH1701	DECA2017	1
ARH1702	DECA2017	1
ARH1703	DECA2017	1
ATTACKOT	KJSC17	1
BALLOOON	KJSC17	1
BATGRAPH	BYTR2017	1
BRIBETR	LTIME45	1
BUSHO	KJSC17	1
BXDIST	NCC2017	1
BYCO17A	BYCO2017	1
BYCO17B	BYCO2017	1
BYCO17C	BYCO2017	1
BYCO17D	BYCO2017	1
BYCO17E	BYCO2017	1
BYCO17F	BYCO2017	1
BYCO17H	BYCO2017	1
BYCO17I	BYCO2017	1
BYCO17J	BYCO2017	1
CAPIMOVE	JAN17	1
CARDS777	COOK80	1
CATSDOGS	JAN17	1
CDMN17A	COMA2017	1
CDMN17B	COMA2017	1
CDMN17C	COMA2017	1
CDMN17D	COMA2017	1
CDMN17E	COMA2017	1
CDMN17F	COMA2017	1
CHARR	BYTR2017	1
CHEFCHSS	LOCAUG16	1
CHEFCIRC	JAN17	1
CHEFGRUP	ALKH2017	1
CLHMSG	COLG2017	1
CLNUMG	COLG2017	1
CLPLCS	COLG2017	1
CLSTRN	COLG2017	1
CLTRTS	COLG2017	1
CLVSTR	COLG2017	1
CLWALL	COLG2017	1
COD12017	PRCD1701	1
COD32017	PRCD1701	1
COD417	PRCD1701	1
COD52017	PRCD1701	1
COD72017	PRCD1701	1
COD82017	PRCD1701	1
CODA2017	PRCD1701	1
CODB2017	PRCD1701	1
CODC2017	PRCD1701	1
COLGQU	LTC2017	1
COOKGAME	COOK79	1
COOMILK	LTIME45	1
COZIA	COZI2017	1
COZIC	COZI2017	1
COZID	COZI2017	1
COZIE	COZI2017	1
CRES01	CRES2017	1
CRES02	CRES2017	1
CRES03	CRES2017	1
CRES04	CRES2017	1
CRES05	CRES2017	1
DEADFOOL	ALKH2017	1
DIGIMU	ALKH2017	1
DIGITSEP	JAN17	1
DISTINCT	KQPM2017	1
DL2016A	DEAD2017	1
DL2016B	DEAD2017	1
DL2016C	DEAD2017	1
DL2016D	DEAD2017	1
DWNLD	COOK79	1
EURSTR	ALKH2017	1
FAVGAME	MARCH17	1
FGAME	BYTR2017	1
FLYMODE	LTIME43	1
FOURSQ	JAN17	1
GGBHAI	COSE2017	1
GGSQR	COSE2017	1
INCDEC	ALKH2017	1
INCPR01	PWCE2017	1
INCPR02	PWCE2017	1
INCPR03	PWCE2017	1
INCPR04	PWCE2017	1
INCPR05	PWCE2017	1
INCPR06	PWCE2017	1
INCXOR	COOK80	1
INF16A	INF16MOS	1
INF16B	INF16MOS	1
INF16C	INF16MOS	1
INF16D	INF16MOS	1
INF16F	INF16MOS	1
INF16H	INF16MOS	1
INF16I	INF16MOS	1
INF16J	INF16MOS	1
INF16K	INF16MOS	1
INF16L	INF16MOS	1
JAKKU	FEB17	1
KOL16A	KOL16MOS	1
KOL16B	KOL16MOS	1
KOL16C	KOL16MOS	1
KOL16D	KOL16MOS	1
KOL16E	KOL16MOS	1
KOL16G	KOL16MOS	1
KOL16H	KOL16MOS	1
KOL16I	KOL16MOS	1
LOGMAT	ALKH2017	1
MEETUP	COOK80	1
MFQUE	LTC2017	1
MIXFLVOR	COOK79	1
MODNIM	BYTR2017	1
MONDICT	KJSC17	1
MSTQS	LTIME43	1
OSQUE	LTC2017	1
OVERPNT	LTIME45	1
PARQUE	LTC2017	1
QHOUSE	LTIME45	1
RAINBOW	COOK80	1
RESERVOI	JAN17	1
ROBOTG	COOK80	1
SBSWAP	LTIME43	1
SEABOX	JAN17	1
SEACIR	JAN17	1
RC01	CDJA2016	1
THESAV	BITF2016	0
SQNUMBF	LTIME37	0
ABA15A	ABCS2015	1
TREE2	SEPT20A	0
VBR	SEPT20A	0
YUMMYPIE	IEMCO17	0
XORSUMS	COOK81	0
TREEDIAM	LTIME39	0
TWEED	COOK73	0
ABA14E	ABCS2014	1
ABA15B	ABCS2015	1
ABA15C	ABCS2015	1
ABA15D	ABCS2015	1
ADAMAT	SEPT20A	1
ALICE	COOK73	1
ALPHABET	LTIME39	1
AMR16A	AMR16MOS	1
AMR16B	AMR16MOS	1
AMR16C	AMR16MOS	1
AMR16D	AMR16MOS	1
AMR16E	AMR16MOS	1
AMR16F	AMR16MOS	1
AMR16H	AMR16MOS	1
AMR16I	AMR16MOS	1
AMR16J	AMR16MOS	1
AMR16K	AMR16MOS	1
APJSWG	BITF2016	1
ARTPNT	CHPTRS01	1
BEARSEG	LTIME47	1
BESTTRI	COOK81	1
BST01	CDJA2016	1
BTAR	COOK89	1
CANDY123	COOK81	1
CCWR01	CCWR2016	1
CCWR03	CCWR2016	1
CCWR04	CCWR2016	1
CCWR05	CCWR2016	1
CCWR06	CCWR2016	1
CHAHG	AUG16	1
CHCHCL	AUG16	1
CHEFARRB	COOK77	1
CHEFCRUN	AUG16	1
CHEFDIV	APRIL17	1
CHEFINS	COOK77	1
CHEFNUMK	COOK77	1
CHEFRRUN	AUG16	1
CHEFSUMS	SEPT20A	1
CHEFTOUR	LOCAPR17	1
CHEFTRI4	COOK77	1
CHFNSWAP	SEPT20A	1
CHN16A	CHN16MOS	1
CHN16B	CHN16MOS	1
CHN16C	CHN16MOS	1
CHN16D	CHN16MOS	1
CHN16E	CHN16MOS	1
CHN16F	CHN16MOS	1
CHN16G	CHN16MOS	1
CHN16H	CHN16MOS	1
CHN16J	CHN16MOS	1
CHSQR	NOV16	1
CJ01	CDJA2016	1
CLOSESTQ	LTIME47	1
COVID19B	SEPT20A	1
CRDGAME2	SEPT20A	1
DDLJR	IEMCO17	1
DIGVIRUS	LTIME47	1
DISHLIFE	APRIL17	1
DMNTION	BITF2016	1
DRS	LOCAPR17	1
EQDIV	SEPT20A	1
EXPLORE3	EXCO1701	1
EXPLORE4	EXCO1701	1
EXPLORE5	EXCO1701	1
EXPLORE6	EXCO1701	1
EXPLORE7	EXCO1701	1
EXPLOREI	EXCO1701	1
EZNO	COOK70	1
FCRYPT	IEMCO17	1
FINXOR	SEPT20A	1
GA	MITC2018	1
GGBUNNY	COSE2017	1
GGCURR	COSE2017	1
GOGL16T2	GOGL2016	1
GSRM01A	GSTS2016	1
GSRM01B	GSTS2016	1
HLD	APRIL17	1
IN01	CDJA2016	1
IOPC17A	IOPC2017	1
IOPC17B	IOPC2017	1
IOPC17C	IOPC2017	1
IOPC17D	IOPC2017	1
IOPC17E	IOPC2017	1
IOPC17F	IOPC2017	1
IOPC17G	IOPC2017	1
JMBOOK	LOCAPR17	1
JUMBSTRY	BITF2016	1
KGP16A	KGP16MOS	1
KGP16B	KGP16MOS	1
KGP16C	KGP16MOS	1
KGP16D	KGP16MOS	1
KGP16E	KGP16MOS	1
KGP16F	KGP16MOS	1
KGP16G	KGP16MOS	1
KGP16H	KGP16MOS	1
KGP16I	KGP16MOS	1
KGP16J	KGP16MOS	1
KM01	CDJA2016	1
KOL16J	KOL16MOS	1
KOL16K	KOL16MOS	1
KOL16L	KOL16MOS	1
LFSTACK	LTIME39	1
LOC171	LOCAPR17	1
LYRC	AUG13	1
MADHAT	COOK73	1
MAXDIST	SD15ELOP	1
MAXGRID	AUG16	1
MCKTUR	COOK73	1
MINMO	LOCAUG16	1
MRXCHOC	CDJA2016	1
MVCN2TST	SEPT20A	1
NGTBIT	BRCD2015	1
PHEONIX	IEMCO17	1
PP	COOK63	1
PRCS16A	PROC2016	1
PRCS16B	PROC2016	1
PRCS16C	PROC2016	1
PRCS16D	PROC2016	1
PRCS16E	PROC2016	1
PRCS16F	PROC2016	1
QSET	JAN15	1
QTREE	MAY13	1
RDF	MARCH13	1
ROTATPOL	SEPT20A	1
SANBAN	LOCAPR17	1
SEGM01	LTIME47	1
SHAIKHGN	AUG16	1
SHOPTRIP	COOK81	1
SLIS	COOK63	1
SMARKET	APRIL17	1
SMRITI	IEMCO17	1
SPC1601	SOPC2016	1
TRICONT	AUG16	0
STUDVOTE	LTIME38	0
WORKCHEF	JULY16	0
STICKS	COOK71	0
TRAVTREE	LTIME37	0
VCAKE	SNCKEL16	0
SUBSEG2	SNCKPA16	0
VSQ2	LOCAPR16	0
SQUE1	COWO1601	0
WAY004	COWO1601	0
WATSY	BIGO2016	0
SURF	BIGO2016	0
WKIMAAL	BIGO2016	0
VVR	ALKH2016	0
VLB	ALKH2016	0
VLD	ALKH2016	0
ABA15F	ABCS2015	1
ABA15G	ABCS2015	1
ABABAABA	LTIME34	1
ABACUS02	ABCS2016	1
ABACUS03	ABCS2016	1
ABCS01	ABCS2017	1
ABCS02	ABCS2017	1
ABCS03	ABCS2017	1
ABCS04	ABCS2017	1
ACDEMY	LOCAPR16	1
ALLIANCE	SNCKEL16	1
ALLPOLY	JULY16	1
AMR15A	TSTIND16	1
AMR15B	TSTIND16	1
ANDMIN	COOK71	1
ANOSTR	CYPH2016	1
ARITHM	SNCKEL16	1
BIPIN3	APRIL16	1
BITTWIST	COOK69	1
BW001	COWO1601	1
BYTESA	BYTS2013	1
CAKECUT	COOK71	1
CCCS3	CDST2014	1
CDGO1601	CDGO2016	1
CDGO1602	CDGO2016	1
CDGO1603	CDGO2016	1
CDQU01	CDQU1601	1
CDQU02	CDQU1601	1
CDQU03	CDQU1601	1
CDQU05	CDQU1601	1
CDQU06	CDQU1601	1
CDQU07	CDQU1601	1
CDQU08	CDQU1601	1
CDQU09	CDQU1601	1
CDQU10	CDQU1601	1
CHBLLNS	APRIL16	1
CHEFARC	JULY16	1
CHEFCBA	COOK72	1
CHEFCLOS	LTIME38	1
CHEFELEC	JULY16	1
CHEFFED	COOK72	1
CHEFLAND	COOK71	1
CHEFLIQD	LOCJUN16	1
CHEFPATH	APRIL16	1
CHEFPOL	JULY16	1
CHEFSPCL	LOCJUL16	1
CHEFTET	JULY16	1
CHEFTRE	AUG16	1
CHN15E	TSTIND16	1
CHN15F	TSTIND16	1
CHNBGMT	APRIL16	1
CHSGMNTS	JULY16	1
CHSHIFU	LOCJUN16	1
CLOSEFAR	LTIME38	1
CLUSSCHE	JULY16	1
CUBTOWER	SNCKEL16	1
DBFB	MAY18A	1
DDCC	DMNT2016	1
DEB002	COWO1601	1
DORAEMON	RECJ1601	1
DRTVG	ALKH2016	1
EBOLA	AUG16	1
EGRANDR	JULY16	1
EQUALIZE	SNFL16MR	1
EXAMCOPY	LOCJUN16	1
FORALN	LOCJUL16	1
FURGRAPH	APRIL16	1
GOODNUMB	LOCJUN16	1
GOODPROB	AUG16	1
GTH	BIGO2016	1
HITBIT	CYPH2016	1
ICPC16F	ACMIND16	1
ICPC16G	ACMIND16	1
IITK1P05	WPC1401	1
ISD	ALKH2016	1
KOL15A	TSTIND16	1
KOL15B	TSTIND16	1
LCPMAX	COOK69	1
LEVENSUB	LOCJUL16	1
LFS	ALKH2016	1
LOSTPW	CYPH2016	1
LUMPYBUS	LTIME38	1
MAZETRAV	SNCKEL16	1
MGCHGEOM	JUNE16	1
MOBCNT	AM19MOS	1
MOVIEWKN	COOK69	1
MXSUBARR	LOCJUN16	1
NCC01	NCC2016	1
NCC02	NCC2016	1
NCC05	NCC2016	1
NCC06	NCC2016	1
NCC07	NCC2016	1
NPLFLA	NPLQ1602	1
NPLFLB	NPLQ1602	1
NPLFLD	NPLQ1602	1
NPLFLE	NPLQ1602	1
NRTKH	ALKH2016	1
NTSK	ALKH2016	1
NUMHOLMS	LOCJUL16	1
NUMSET	SNCKEL16	1
ODDDIV	COOK69	1
ORMNDST	CDGO2016	1
PCSC6	PITTCS15	1
PEOPLOVE	LOCJUN16	1
PETRM	ALKH2016	1
POFACT	DMNT2016	1
POLYEVAL	JULY16	1
POLYREL	COOK121A	1
POMUSE	DMNT2016	1
POPT	ALKH2016	1
PRCN16A	PROC1601	1
PRCN16B	PROC1601	1
PRCN16C	PROC1601	1
PRCN16E	PROC1601	1
PRCN16F	PROC1601	1
PRCN16G	PROC1601	1
PRCN16H	PROC1601	1
PROGCOMP	LOCJUL16	1
RIGHTTRI	COOK71	1
ROLLDEEP	LOCAPR16	1
RUNNING	LOCAPR16	1
RWALK	SNCKEL16	1
SACHGF	BIGO2016	1
SEG003	COWO1601	1
SHISTR	DMNT2016	1
SIDSTR	RECJ1601	1
SKMGMT	CDGO2016	1
SKYSCR	LOCJUN16	1
SOPC016	SAPC2019	1
TESTERS	FEB13	0
TRIQUERY	FEB13	0
WPLAY	FEB13	0
SVEARTH	OVNT2012	0
VIACST	KJCS16	0
TREE02	IPC15AMR	0
TREEPAL	IPC15AMR	0
SUMPP	SNFL16MR	0
VSQ3	LOCMAY16	0
TEACHTR	LOCMAY16	0
TANDEM	COOK70	0
STARROAD	MAY16	0
TRICOIN	LTIME35	0
VSQ	LOCMAR16	0
SWEGARR	COBL2016	0
SWEGIRL	COBL2016	0
SWEGSTR	COBL2016	0
SUMTOUR	COMN2016	0
ZOMBIE	COMN2016	0
AHWORK	LTIME36	1
ALIENC	OVNT2012	1
ALOST	LTIME36	1
AMAEXPER	APRIL16	1
AMBDAY	ACM15AMR	1
AMCAM	ACM15AMR	1
AMMAM	ACM15AMR	1
AMSS	ACM15AMR	1
ARRAYSUM	LTIME34	1
ASTRING	LTIME36	1
ASYA2	IPC15AMR	1
ASYAPATH	IPC15AMR	1
BEAUTY	SNFL16MR	1
BOBPRIME	IPC15AMR	1
BRCKTSRM	SRMC2016	1
BSCOUT	OVNT2012	1
BTREAT	LOCMAR16	1
CANGAME	IPC15BMR	1
CATCHSM	SNFL16MR	1
CB20Q1	CLDB2016	1
CB20Q3	CLDB2016	1
CB20Q4	CLDB2016	1
CB20Q5	CLDB2016	1
CDMN1602	COMA2016	1
CHBLLS	MAY16	1
CHEARMY	JUNE16	1
CHEFARK	JUNE16	1
CHEFCLO	IPC15BMR	1
CHEFCOL	IPC15BMR	1
CHEFEXAM	IPC15BMR	1
CHEFMATH	MAY16	1
CHEFNUM	MAY16	1
CHEFREC	LOCMAR16	1
CHEFSOC2	MAY16	1
CHKAR	FLFI2016	1
CHKDST	FLFI2016	1
CHKSEL	FLFI2016	1
CHKTRE	FLFI2016	1
CHNWGM	JUNE16	1
CHOCOAL	OVNT2012	1
CHSQARR	JUNE16	1
CIELDIST	COOK30	1
CLMBSTRS	FEB13	1
COLDPLAY	KJCS16	1
COLOR	APRIL16	1
COLORING	LTIME35	1
COMPX	ODCO2016	1
CRACE	LOCMAY16	1
DEVARRAY	JUNE16	1
DIAGON	IPC15AMR	1
DISTNUM2	MAY16	1
DRCTNSRM	SRMC2016	1
ENTRY	IPC15AMR	1
ESYSUM	ODCO2016	1
FORESTGA	MAY16	1
FRJUMP	JUNE16	1
GAMCOUNT	SNFL16MR	1
GCDOFFIB	KJCS16	1
GMCO16RI	GMCO2016	1
GNUMBER	OVNT2012	1
HGCD	IPC15BMR	1
INTROSRM	SRMC2016	1
JRNTREE	SNFL16MR	1
KGOOD	SNCKQL16	1
KJCC11	KJSP1602	1
KJCC12	KJSP1602	1
KJCC13	KJSP1602	1
KJCC14	KJSP1602	1
KJCC15	KJSP1602	1
KJCC16	KJSP1602	1
KJCC17	KJSP1602	1
KOL1504	KOL15MOS	1
KOL1505	KOL15MOS	1
KOL1507	KOL15MOS	1
KOL1508	KOL15MOS	1
KOL1509	KOL15MOS	1
KOL1510	KOL15MOS	1
KOL1511	KOL15MOS	1
KSUM	LTIME35	1
KTHCON	COOK68	1
KTTABLE	SNCKQL16	1
LABEL	LTIME35	1
LADDU	MAY16	1
LUFFY	IPC15AMR	1
MBOARD	FEB13	1
MINION	COMN2016	1
MINMAGIC	IPC15BMR	1
MMSUM	SNCKQL16	1
MOD	LOCMAR16	1
MULTISRM	SRMC2016	1
NIKKLIN	COMN2016	1
NPLELA	NPLQ1601	1
NPLELB	NPLQ1601	1
NPLELD	NPLQ1601	1
NPLELE	NPLQ1601	1
NPLELF	NPLQ1601	1
NPLELG	NPLQ1601	1
NPLFLF	NPLQ1602	1
O2CTST03	ODCO2016	1
O2CTST04	ODCO2016	1
ONOZ	COOK68	1
P1Z2S	COOK70	1
PAIRCLST	LTIME34	1
PERFECT	COBL2016	1
POSTIT	LOCMAY16	1
QUERY	FEB13	1
RAINFALL	SNFL16MR	1
RECIIBKS	REC2016	1
RECIICHA	REC2016	1
RECIITRK	REC2016	1
RNGMOD	COBL2016	1
ROBBERY	REC2016	1
ROBOWALL	KJCS16	1
ROC	FEB13	1
RRTREGAM	NPLQ1601	1
SADPAIRS	JUNE16	1
SBSTCNT	SNFL16MR	1
SCC0102	SSC2016	1
SCC0103	SSC2016	1
SCC0104	SSC2016	1
SCC0105	SSC2016	1
SEAGCD2	MAY16	1
SGRSTR	KJCS16	1
SHOP2	MAY16	1
SIMPSTAT	LTIME34	1
SNAKGAME	APRIL16	1
SPC0101	SSC2016	1
ABGCD	KJSC17	1
CSS2	LTIME17	1
THANPK	COMN2016	0
VALMAX	IPC15P3C	0
SUMBITS	IPC15P3C	0
TREE01	IPC15P3B	0
XORSACK	IPC15P3B	0
STR	IPC15P3B	0
SROADS	IPC15P3B	0
STRPALIN	MARCH16	0
TULIPS	MARCH16	0
TJ	CCRU2019	0
THREEDIF	JAN13	0
TREEROOT	COOK29	0
SUMDIS	MARCH17	0
XENTASK	MARCH17	0
TUZTRN	COOK67	0
TUZGMBR	COOK67	0
WT20	COWH2016	0
ABHIAMBI	LOCAPR17	1
ABHSTR	RECJ1601	1
AMCOINS	ACM15AMR	1
AMCOP	ACM15AMR	1
AMLPALIN	ACM15AMR	1
ANDTUPLE	LTIME17	1
ARRGM	IPC15P3C	1
ASYA1	IPC15P3B	1
ASYA3	IPC15P3B	1
ATM5	CDHU2015	1
BDG004	BUDE2016	1
BDG005	BUDE2016	1
BEARTRAP	MARCH17	1
BEX	DEC12	1
BRCKMT	IPC15P3C	1
BYCO1612	BYCO2016	1
CDMN1604	COMA2016	1
CDMN1605	COMA2016	1
CDVA1509	CDVA2015	1
CDVS1506	CDVA2015	1
CDYPA01	COYA2016	1
CDYPA02	COYA2016	1
CDYPA04	COYA2016	1
CDYPA05	COYA2016	1
CDYPA06	COYA2016	1
CDYPA07	COYA2016	1
CDYPA08	COYA2016	1
CDYPA09	COYA2016	1
CDYPA10	COYA2016	1
CHAPD	MAY15	1
CHEFPC	MARCH16	1
CHEFRP	MAY15	1
CHEFSPL	MARCH16	1
CHFDORA	JAN20B	1
CHSPARR	SNCKPA16	1
COLTREE	SNCKEL16	1
CONCAT	IPC15P3C	1
COPR16A	COPR2016	1
COPR16B	COPR2016	1
COPR16C	COPR2016	1
COPR16D	COPR2016	1
COPR16E	COPR2016	1
COPR16F	COPR2016	1
COPR16G	COPR2016	1
COSH1505	COSH2015	1
CURR1	COCU2016	1
CURR3	COCU2016	1
CURR4	COCU2016	1
DATE	MTRX2014	1
DDISH	NOV12	1
DHSPP	COWH2016	1
DIRECTI	COOK29	1
EFLIP	LTIME89B	1
ENTEXAM	SNPB16RP	1
EXGCD	COOK29	1
FAIRPAIR	SNPB16RP	1
FIBEQN	IPC15P3B	1
FLEIJA	IPC15P3B	1
FUNKVAL	IPC15P3B	1
GIVCANDY	SNCKPA16	1
GRIDGAME	COOK29	1
HBIRD	MARCH16	1
HEADBOB	LTIME17	1
HOB	JAN13	1
INDPAK	COWH2016	1
INTRESEC	IPC15P3C	1
IOPC16A	IOPC2016	1
IOPC16B	IOPC2016	1
IOPC16D	IOPC2016	1
IOPC16E	IOPC2016	1
IOPC16G	IOPC2016	1
IOPC16I	IOPC2016	1
IOPC16J	IOPC2016	1
IOPC16L	IOPC2016	1
IOPC16M	IOPC2016	1
IOPC16N	IOPC2016	1
IOPC16O	IOPC2016	1
IOPC16P	IOPC2016	1
IOPC16Q	IOPC2016	1
IOPC16R	IOPC2016	1
IOPC16T	IOPC2016	1
IOPC16U	IOPC2016	1
ITRA03	ITRA2016	1
ITRA04	ITRA2016	1
ITRA05	ITRA2016	1
ITRA06	ITRA2016	1
ITRA07	ITRA2016	1
ITRA09	ITRA2016	1
ITRA10	ITRA2016	1
ITRIX16A	ITRX2016	1
ITRIX16B	ITRX2016	1
ITRIX16C	ITRX2016	1
ITRIX16D	ITRX2016	1
ITRIX16E	ITRX2016	1
JADMST	COWH2016	1
KOJS	COFW2020	1
LETSTOSS	IPC15P3B	1
LISLDS	SNPB16RP	1
LOCKS	IPC15P3C	1
LVTRI	COWH2016	1
MAKEART	SNCKPA16	1
MAKELIS	SNCKPA16	1
MARS	COCR2016	1
MAXISUM	MARCH16	1
MINSHIFT	SNPB16RP	1
MMPROD	SNPB16RP	1
MSDBIN	IPC15P3C	1
MUFFINS3	COOK29	1
NDIFFPAL	SNCKPA16	1
NPT	ITRA2016	1
OPC1602	SOPC1602	1
PARITREE	MARCH16	1
PHYSICS	LTIME17	1
POOH	PILT2019	1
PPCTS	COOK67	1
PPSUM	COOK67	1
PRMAX	IPC15P3C	1
PSHTBRTH	MARCH17	1
RAMSUR	IPC15P3C	1
RECAREA	COMN2016	1
REGIONS	SNPB16RP	1
SCET01	TECA2019	1
SEATSTR2	MARCH16	1
SEGSUMQ	SNCKEL16	1
SONAFOR	IPC15P3C	1
SORTROW	MARCH17	1
SPC19F4	SPCM2019	1
ALIENIN	LTIME87B	1
CDTR04	CDTR2014	1
STUDD	ASNE2016	0
STUD2	ASNE2016	0
STUD3	ASNE2016	0
WBYQ05	WBY1601	0
WBYQ08	WBY1601	0
WBYQ09	WBY1601	0
WBYQ10	WBY1601	0
WBYQ11	WBY1601	0
WBYQ12	WBY1601	0
WBYQ03	WBY1601	0
WLIST	PROC2020	0
VC711	PROC2020	0
TWD	PROC2020	0
TIMET	PROC2020	0
WRDSUM	FEB16	0
STROPR	FEB16	0
STR_FUNC	IPC15P2B	0
VERMIN	IPC15P2B	0
SROUTE	IPC15P2B	0
XRQRS	JAN15	0
SUBSFREQ	AUG20B	0
ARRGAME	LTIME87B	1
ARROTATE	CYAU2019	1
ASTRD	JAN16	1
BANQUNT	COOK119B	1
BBPS01	BBPSHACK	1
BDAYGIFT	COCL2016	1
BTCD1508	BYCD2015	1
CACHEHIT	COOK119B	1
CALLSCHE	FEB16	1
CARDLINE	COOK61	1
CDGLF01	CDGF2016	1
CDGLF02	CDGF2016	1
CDGLF04	CDGF2016	1
CDGLF05	CDGF2016	1
CDMN1603	COMA2016	1
CDTR05	CDTR2014	1
CDVA1601	CDVA16	1
CDVA1602	CDVA16	1
CDVA1603	CDVA16	1
CDVA1604	CDVA16	1
CDVA1605	CDVA16	1
CDVA1606	CDVA16	1
CDVA1607	CDVA16	1
CDVA1608	CDVA16	1
CDVA1610	CDVA16	1
CHEFARRP	COOK65	1
CHEFCH	FEB15	1
CHEFDETE	FEB16	1
CHEFHALF	COOK121A	1
CHEFJR	FEB16	1
CHEFNWRK	COOK121A	1
CHEFPART	LTIME87B	1
CHEFPRTY	COOK121A	1
CHEFZRON	LTIME84A	1
CHFBANK	PROC2020	1
CHFBINS	ENOC2018	1
CHNG	CDWA2016	1
CLATTK	COLE2016	1
CLBIT	COLE2020	1
CLBMUP	COLE2016	1
CLBRKT	COLE2020	1
CLDROP	COLE2016	1
CLDSIN	COLE2016	1
CLDSTR	COLE2016	1
CLLCM	COLE2020	1
CLLEXO	COLE2020	1
CLMARKS	COLE2020	1
CLMNTR	COLE2016	1
CLSHDN	COLE2016	1
CLUNQUE	COLE2020	1
CNTGRP	LTIME87B	1
COCR103	CROS2020	1
CODEJAM1	COJA2016	1
CODEJAM2	COJA2016	1
CODEJAM3	COJA2016	1
CODEJAM5	COJA2016	1
CODEJAM6	COJA2016	1
CODEJAM7	COJA2016	1
COPSUM	IPC15P2B	1
CRAZYMAT	COCL2016	1
CRES103	CRES2016	1
CRES104	CRES2016	1
CRES105	CRES2016	1
CWAM1602	COWA1601	1
CWAM1603	COWA1601	1
CWAM1604	COWA1601	1
CWAM1605	COWA1601	1
CWAM1606	COWA1601	1
DECA01	DECA2016	1
DECA02	DECA2016	1
DECA03	DECA2016	1
DECA04	DECA2016	1
DEVLDISC	FEB16	1
DUCK	PROC2020	1
ELEVATR	LTIME87B	1
ELOMAX	LTIME87B	1
ENGRIS	PROC2020	1
EURO	COOK70	1
EXUNC	EXPP2019	1
EZRMQ	COOK119B	1
FFL	LTIME83B	1
FRAKK	PROC2020	1
FZLKHN	ASNE2016	1
GCDMASK	LTIME84A	1
GUNG	CDWA2016	1
ICODE16B	ICOD2016	1
ICODE16D	ICOD2016	1
ICODE16E	ICOD2016	1
KFOLD	COOK121A	1
LCKYNUM	COCL2016	1
LFIRE	IPC15P2B	1
LISBYONE	IPC15P2B	1
LNDNCK	KA19MOS	1
MAGBALL	CDWA2016	1
MAXMEX	COOK119B	1
MODEFREQ	LTIME87B	1
MXSM	COOK66	1
NEELSTR	COCL2016	1
NOPI	IPC15P2B	1
NRWP	MAY20B	1
PATHS	IPC15P2B	1
PERCAPTA	COOK119B	1
PRDRAW	COOK119B	1
PRGAME	CDWA2016	1
QTREE7	IPC15P2B	1
RBTREES	COOK121A	1
RECTLOVE	FEB16	1
SAFETR	COOK121A	1
SATA03	IPC15P2A	1
SATA04	IPC15P2A	1
SATA05	IPC15P2A	1
SATA06	IPC15P2A	1
SATA07	IPC15P2A	1
SATA08	IPC15P2A	1
SATA09	IPC15P2A	1
SATA10	IPC15P2A	1
SATA11	IPC15P2A	1
SCRTCD	COCL2016	1
SEAPERMS	FEB16	1
SEATL	FEB16	1
SHENQ	LTIME87B	1
SPACEW	PROC2020	1
SPCOL	CDWA2016	1
AVGSHORT	LTIME39	1
TE3N	IEMCO16	0
AAZADI	CCOQ2019	1
AVH05	ENMA2019	1
AVN002	AVEN2019	1
AVNRSER	AVEN2018	1
AVSD	CAC2018	1
BAADSHAH	IEMCO16	1
BALLCOL	KH19MOS	1
BALNET	FEB20B	1
BANK123	PILT2019	1
BANPS	CDCL2013	1
BANROB	SEPT15	1
CLSAVE	COLG2017	1
COFSQ2	CFSA2020	1
DDLJ	IEMCO16	1
DON	IEMCO16	1
HARRYPSS	ALKH2018	1
LAALRANG	IEMCO16	1
MAZE	COOK70	1
SEAGM	MAY14	1
SMP161	SMPX2016	1
SOPC1501	SOPC2015	1
ABA15E	ABCS2015	1
ABACUS07	ABCS2016	1
UGLYF	COOK75	0
SWINDOW	COOK75	0
VTAMASHA	CDVT2016	0
ABA14B	ABCS2014	1
ABCSTR	ICPC14PR	1
ABES03	CDSP2016	1
ABSDIFFS	KOL18ROL	1
ABSEQ	COMA2020	1
ABSNX	LTIME84A	1
ABSTEPS	ISPC2019	1
ABSTR	DTCT2015	1
ABX01	LTIME55	1
ABX02	LTIME55	1
ACBALL	LTIME36	1
ACEBIT	CNES2017	1
ACEDSS	CNES2017	1
ACHESS	CDWV2013	1
ACM14KG1	KGP14ROL	1
ACMICL1	ICL2015	1
ACMP	COSS2020	1
ACODEX2	COX22020	1
ADACRA	COOK83	1
ADAFARM	COOK99B	1
ADAFUN	COOK102B	1
ADANTS	MARCH20B	1
ADAROKS	COOK102B	1
ADASUM	GOC2018	1
ADDMUL	JULY15	1
ADDONSEG	LTIME88A	1
ADGRAPHS	BLUP2018	1
ADIMAT	SNCKEL19	1
ADP	CORP2018	1
AIOL05	AIOL2019	1
AKACHOCO	BTCH2020	1
ALETHIO	TSTKAN14	1
ALEXTASK	NOV16	1
ALFRED	AMR18ROL	1
AOPN	IPC15P3A	1
BDG002	BUDE2016	1
BDG003	BUDE2016	1
BDGFT	COOK108B	1
BIKE	NOV16	1
BOOKCHEF	COOK75	1
BOUQUET	LTIME41	1
BTEST	IPC15P3A	1
BYCD1605	BYCO2016	1
CHEFDOMA	LTIME33	1
CHEFPOLY	LTIME33	1
CHEFSOCK	LTIME33	1
CHEFTIC	LTIME33	1
COUNTIES	LTIME41	1
COUNTWAY	COOK75	1
DECIME	DECI2016	1
DISLOG	DECI2016	1
DMSG	IPC15P3A	1
DPLGN	IPC15P3A	1
FFCOMB	LTIME41	1
FNYGAME1	CDVT2016	1
FRIEMEET	NOV16	1
GIFTCHEF	NOV16	1
GNRATR	DECI2016	1
HELPKSHV	CDVT2016	1
HEXCON	DECI2016	1
ICPC16A	ACMIND16	1
ICPC16B	ACMIND16	1
ICPC16C	ACMIND16	1
ICPC16D	ACMIND16	1
ICPC16E	ACMIND16	1
KIRMEME	NOV16	1
NICPRM	IPC15P3A	1
OBLIVI	DECI2016	1
PERMEXIS	COOK75	1
PFACT	CDVT2016	1
RESTPERM	LTIME41	1
SEAPERM3	NOV16	1
SEAWCU	NOV16	1
AGRAPH	IPC15P1A	1
BIGO01	BIGO2015	1
BINOP	JUNE16	1
BINTREEQ	COOK69	1
BIT1504	BBYB2015	1
BIT2B	BIT22019	1
BIT_AR	ONIG2019	1
BITMASK1	BITM2017	1
BITMASK4	BITM2017	1
BITOBYT	OCT18B	1
BOBLOCK	IPC15P1B	1
BOSSLOSS	LOCJUL17	1
BOXGAM97	LTIME77B	1
BRKTREE	ICOP1803	1
BROCLK	FEB18	1
BSPDP3	BGS12020	1
BSTOP	CCWC2018	1
BSTRLCP	IPC15P1B	1
BTCD14H	BTCD2014	1
BTREEKK	IPC15P1B	1
BWCELL	LTIME30	1
BWTREE	IPC15P1A	1
CDRN01	COON2019	1
CDRN02	COON2019	1
CDRN04	COON2019	1
CDRN05	COON2019	1
CHCINEMA	DEC15	1
CHEFFILT	DEC15	1
CHEFGIRL	DEC15	1
CHEFST	DEC15	1
CHN15A	CHN15ROL	1
CHN15B	CHN15ROL	1
CHN15C	CHN15ROL	1
CHN15D	CHN15ROL	1
CNTPERM	IPC15P1A	1
COMPNUM	COMN2015	1
DCOL	IPC15P1C	1
DJMATH	COMN2015	1
GCDMAX1	IPC15P1A	1
GCDTREE	IPC15P1A	1
GGAME	IPC15P1C	1
GRECT	IPC15P1C	1
KCONNECT	LTIME30	1
KOL15C	KOL15ROL	1
KOL15D	KOL15ROL	1
KOL15E	KOL15ROL	1
KTOUR	IPC15P1B	1
LVP	IPC15P1B	1
MAGICSTR	IPC15P1A	1
MAXMAGIC	IPC15P1A	1
MGCHPERM	DEC15	1
MHALL	COMN2015	1
MODQ	IPC15P1C	1
MUPDO	IPC15P1B	1
ODD86	COMN2015	1
ORACLCS	DEC15	1
PCHIPS	IPC15P1A	1
PLANEDIV	DEC15	1
PSEQ	IPC15P1C	1
QMAXTRIX	LTIME30	1
QPAIRS	IPC15P1B	1
SEAARASU	COOK64	1
SEADIV	DEC15	1
SEALINE	COOK64	1
SEAPAIR	COOK64	1
SEATR	COOK64	1
SEATR2	COOK64	1
SHINAPP	IPC15P1A	1
SOPC1502	SOPC2015	1
SOPC1503	SOPC2015	1
SOPC1504	SOPC2015	1
SOPC1505	SOPC2015	1
SOPC1506	SOPC2015	1
WAYPA	DEC15	0
TANKS	DEC15	0
WGAME	IPC15P1C	0
SSWAP	IPC15P1C	0
SSWAP2	IPC15P1C	0
TREEPROD	LTIME30	0
ZGSEQ	IPC15P1B	0
TOLL	IPC15P1B	0
ZIGZAGTR	IPC15P1B	0
SSUM	IPC15P1A	0
TREEPATH	NOV15	0
AMBALLS	TSTKGP14	1
AMMEAT	TSTKGP14	1
AMMEAT2	TSTKGP14	1
AMSTRING	TSTKGP14	1
AN01	AIPC2015	1
ASP	COOK63	1
BALSEQ	NPLTZ15	1
BITWO	TCFS15S	1
BUGCAL	LTIME53	1
BUILDIT	JUNE18A	1
BYCO17G	BYCO2017	1
BYTES6	TROK2014	1
BYTESB	BYTS2013	1
CARS	CACD2020	1
CARSELL	APRIL20B	1
CATCH	OVRN2013	1
CB2005	COBT2019	1
CBCP20P3	CBCP2020	1
CBS	INSO2018	1
CCUBE02	CCBE2015	1
CCWR02	CCWR2016	1
CD1IT5	DCOD2015	1
CDCUR01	COTS2020	1
CDGLF03	CDGF2016	1
CDMN01	CDMN2015	1
CDMN1601	COMA2016	1
CDOLP4	CDOL2013	1
CDON15A	CDON2015	1
CDQU04	CDQU1601	1
CDRN06	COON2019	1
CDSI17	COIS2017	1
CDTR06	CDTR2014	1
CDUTSV02	HEST2020	1
CDVA1503	CDVA2015	1
CDVA1609	CDVA16	1
CDYPA03	COYA2016	1
CEXE05	COME2018	1
CGEEK0X	COGE2017	1
CGPP2	CGRL2020	1
CGSURYA	CGSC2018	1
CHAIRS	COOK79	1
CHCOINSG	JUNE16	1
CHCUBE	JULY15	1
CHEF1002	BING2020	1
CHEFBATL	MAY17	1
CHEFBR	DEC14	1
CHEFCCYL	OCT17	1
CHEFGR	OCT14	1
CHEFIHG	COOK72	1
CHEFING	FEB19B	1
CHEFPSA	JAN20B	1
CHEFSETC	COOK77	1
CHEFSOCC	TNPC2019	1
CHEFSQUD	COOK118B	1
NYUMAT	NUPNMR15	1
NYUMTEA	NUPNMR15	1
NYUPIZZA	NUPNMR15	1
NYUPLOCK	NUPNMR15	1
NYUSTONE	NUPNMR15	1
NYUTITAN	NUPNMR15	1
PERM	TCFS15S	1
PRI01	AIPC2015	1
QBIT01	QBIT15	1
QBIT02	QBIT15	1
QBIT03	QBIT15	1
QBIT04	QBIT15	1
QBIT05	QBIT15	1
YA01	AIPC2015	0
QBIT06	QBIT15	1
SVNTR	LTIME29	0
QBIT07	QBIT15	1
ROTARR	NPLTZ15	1
STDPRGS	LTIME29	0
SCORES	NPLTZ15	1
STEM	COOK63	0
SUMMAND	TCFS15S	0
CHEFSUM	SEPT17	1
CHEFTMA	JAN16	1
CHFANS	SPIT1503	1
CM1401	CDMS2014	1
CM1402	CDMS2014	1
CM1403	CDMS2014	1
CM1404	CDMS2014	1
CM1504	COMS1501	1
CM1505	COMS1501	1
EMITL	LTIME29	1
FARET	TCFS15S	1
FINDEX	NPLTZ15	1
FSFSFS	COOK63	1
FSTSQ	LTIME29	1
KOKT01	KOKT2015	1
KOKT02	KOKT2015	1
KOKT03	KOKT2015	1
KOKT04	KOKT2015	1
KOKT05	KOKT2015	1
KOKT06	KOKT2015	1
LEFEED	TSTKGP14	1
LIZARDS	TCFS15S	1
MISNUM	NPLTZ15	1
MULMAGIC	NPLTZ15	1
NYUFARM	NUPNMR15	1
NYUFQFLY	NUPNMR15	1
NYUGRID	NUPNMR15	1
NU01	NUCD2015	1
WDTBAM	OCT15	0
ALPHA	KJCC2015	1
APTT0001	APTT2015	1
BERMUDA	KJCC2015	1
CHCOM	SPIT1503	1
CHFINTRO	DEC18B	1
CHFNSWPS	JULY20B	1
CHFQUEUE	LTIME05	1
CHKPTS	COOK119B	1
CHKSTR	FLFI2016	1
CHN16I	CHN16MOS	1
CHNGIT	COOK113B	1
CHNGSS	MARCH16	1
CHSEC	KJSC2018	1
CHSEQ22	FEB14	1
CHWORK	SPIT1503	1
CIRKILL	JULY13	1
CIS4	COIS2017	1
CLBATH	COLE2019	1
CLBMK	ALKH2016	1
CLCO02	CLCO2015	1
CLPNT	COLE2020	1
CLPOINT	LOCJUL18	1
CMX1P04	COMX2020	1
CN01	CONI2015	1
CNTDIGIT	COOK49	1
COCO2	COCO2018	1
COCR10	COCR2015	1
COCR106	CROS2020	1
COD05	CDR2014	1
COD22017	PRCD1701	1
CODEY305	CY302020	1
CODG1703	CODG2017	1
CODX003	CODX2019	1
CODX04	CDX2018	1
COFFEE	LTIME28	1
COI	SGHC2019	1
COMAPR03	COM2018	1
COMB3	COMB2018	1
COMB4SUM	COOK60	1
COMBR	CDGO2015	1
COMPILER	MAY14	1
COOK82C	COOK82	1
CORE2006	CORE2020	1
COSH1503	COSH2015	1
COW3B	COW42020	1
COZIB	COZI2017	1
CRANATOM	CRNM2014	1
CRANHYPL	CRNM2015	1
CREDCJ4	CLASH13	1
CREDCLRS	CLASH14	1
CRES102	CRES2016	1
CRNM1303	CRNM2013	1
CSCARE	CHPTRS01	1
CSP1	CDSK2015	1
CSP3	CDSK2015	1
CSP4	CDSK2015	1
CSP5	CDSK2015	1
CSTREE	AUG19B	1
NU02	NUCD2015	1
IGCDMAT	IGCD2015	1
TIMEASR	OCT15	0
NU03	NUCD2015	1
PATTMATC	LTIME28	1
PIZZA	KJCC2015	1
REIGN2	COOK62	1
IGCDMILK	IGCD2015	1
IGCDMNKY	IGCD2015	1
INSQ15_A	INSQ2015	1
INSQ15_B	INSQ2015	1
INSQ15_C	INSQ2015	1
INSQ15_D	INSQ2015	1
INSQ15_E	INSQ2015	1
INSQ15_F	INSQ2015	1
INSQ15_G	INSQ2015	1
INSQ15_H	INSQ2015	1
RGAME	JAN16	1
SNTYGE	CORU2015	1
WINNER	KJCC2015	0
JUMP	OCT15	1
LINEAR	KJCC2015	1
LOTERY	OCT15	1
SPALNUM	LTIME28	1
SUBGRAPH	COOK62	0
LOVEA	CORU2015	1
STACKS	COOK62	0
LUCKY	KJCC2015	1
SPRNMBRS	COOK62	1
MANYLIST	LTIME28	1
NEXUS00	NEPR2015	1
TGOC	CORU2015	0
TLA	CORU2015	0
NEXUS01	NEPR2015	1
NEXUS02	NEPR2015	1
NEXUS03	NEPR2015	1
CSUBSEQ	COOK91	1
CTEXT	ENJA2019	1
CTSHT	UVCNCD13	1
CURR2	COCU2016	1
CURREQ	PROJ2017	1
CUTPIZ	MOSCWJ19	1
CUTPLANT	APRIL18B	1
CW003	CODEWARS	1
CWAR01	CWAR2015	1
CWAR02	CWAR2015	1
CWAR03	CWAR2015	1
CWAR04	CWAR2015	1
CWAR05	CWAR2015	1
CWAR06	CWAR2015	1
DL2015B	DEAD2016	1
EFFDELIV	OCT15	1
FRGTNLNG	COOK62	1
HOLDIL	CORU2015	1
IGCDLIFT	IGCD2015	1
CSTRIKE2	COSE2015	1
CSTRIKE3	COSE2015	1
CW5	CDWR2014	1
CWAMR103	CDWR1501	1
CWHIZZ04	CODW2018	1
CYLINDER	APRIL13	1
CYPNOV03	CYNO2019	1
CZTC17	CZIL2017	1
DAT09	BCR12019	1
DCL2015G	DCL1501	1
DECA05	DECA2016	1
DECOGCD	DECO2020	1
DEPCHEF	FEB19B	1
DEVGOSTR	APRIL16	1
DEVSTR	MAY15	1
DICITIES	GW19MOS	1
DIREL	ICPC14PR	1
DISHOWN	JULY14	1
DIVIS	BYTR2017	1
CDMN05	CDMN2015	1
DL2015D	DEAD2016	1
DMNOS	OBFS2013	1
DOR	COOK111B	1
DSTAPLS	AUG19B	1
DSTROY	PLIN2020	1
DWW19J	DWWU2019	1
ECAUG205	ENAU2020	1
ECJN207	ENJU2020	1
EDGEST	MAY18A	1
EID	LTIME63B	1
EIGVAL	SHSTRA14	1
ELNIR	FOLG2020	1
ENIG10	CMEL2018	1
ENOC2	ENOC2019	1
EXEBIT02	EXBT2013	1
EXORO	CDER2015	1
EXPLORE2	EXCO1701	1
EXPVAL	POLP2019	1
F2NDMAX	COOK96B	1
FASTFOOD	LTIME71B	1
FATCHEF	OCT14	1
FCC03	FSCC2018	1
FCTDIG	GRCO2015	1
FCTR1	CDHU2015	1
FEMA2	NOV20B	1
FFC219E	FFC22019	1
FFT	LTIME59A	1
FIBCODE	INTO2015	1
FIBQ	APRIL16	1
FLOORDIS	MARCH16	1
FOOLS18A	FOPR2018	1
FROGV	JULY14	1
FSSYNC	ICPC14PR	1
FTFC	CYSE2018	1
GAMOFNUM	GWR18ROL	1
CSIXIERL	CODC2015	1
GCDSET	COOK106A	1
GEEK01	GKAH1701	1
GEHA1805	GEHA2018	1
GERALD2	NOV13	1
GGSPAG	COSE2017	1
GHATAK	ASNE2016	1
GKSMNLC	COFY2020	1
GMB04	CDSN2014	1
GOC04	GOC2014	1
GOLDEW	CYAU2018	1
GOOGOL04	GOOG2015	1
GRID01	INLO2015	1
GSFEB18B	GSF2018	1
GURUJI	TEWE2020	1
GVR	ENOC2019	1
HAMEL	COOK93A	1
HARRYWND	ALKH2018	1
HELPHAND	DEM2020	1
HIKARU	IPC15AMR	1
HLDOTS	LTIME21	1
HLPMIL	HK362020	1
HOF3	HACF2018	1
HOGON	COZI2017	1
HOTNCOLD	COCA2020	1
HPOWER	ICOP1805	1
HSHAKES	SGHC2019	1
HXTDC	JLUG2020	1
I13BL	INST2013	1
IALG4	INAL2019	1
ICL1703	ICL2017	1
IEMATIC8	IEMATICS	1
IEMCHEM7	IEMCHEMY	1
IEMCHM20	IEMCHEMY	1
IEMCO4D	IEMCO4	1
IF07	INEK2019	1
IITI09	DBYZ2013	1
IITI15	DBYZ2014	1
IITK1P04	WPC1401	1
IITK2P07	WPC1501	1
IMPPAL	PROJ2017	1
INF16E	INF16MOS	1
INF1805	INTY2018	1
INF1910	INFY2019	1
INGEN03	CEIN2019	1
INQU2001	INSO2020	1
INQU2002	INSO2020	1
INQU2003	INSO2020	1
INQU2004	INSO2020	1
INQU2005	INSO2020	1
INQU2006	INSO2020	1
INQU2007	INSO2020	1
INSCTS5	INSCRP13	1
INSQ17V	INQU2017	1
JERRYRUN	MTRX2014	1
INVUSTP	CHIL2020	1
IOPC13J	IOPC2013	1
IOPC14F	IOPC2014	1
IOPC14S	IOPC2014	1
IOPC15D	IOPC2015	1
IOPC15Q	IOPC2015	1
IOPC16F	IOPC2016	1
DYNAMO	JAN20B	1
ISBIAS	JAN20B	1
ISTA2003	ICOP1802	1
IT002	CEM2018	1
ITRA01	ITRA2016	1
ITRIX16F	ITRX2016	1
ITSMAGIC	IEMCO17	1
JCWC02	JCWR2019	1
JIGGLY	CDAV2014	1
JOJO	CORS2020	1
JUN4	COFJ2020	1
K15E	KRKS2015	1
KAN15RTH	KAN14ROS	1
KETEKI2A	KPM22019	1
KFIB	ICOP1803	1
KGO15	FOYO2019	1
KGP13H	KGP13ACM	1
KGP14E	KGP14ROS	1
KGP16K	KGP16MOS	1
KJCC08	KJCC1501	1
KNICOV	COOK83	1
KOK100	KOKO2017	1
KOL1506	KOL15MOS	1
KOL16F	KOL16MOS	1
KPERFMAT	IOITC181	1
KW6	CYNO2019	1
L56KTH	LTIME56	1
LAPIN	JUNE13	1
LASTRIDE	EXCT2015	1
LAZER	MARCH20B	1
LCOLLIS	LTIME37	1
LEBALONS	MAY14	1
LEWEED	ODCD2013	1
LINSUB	CFSN2015	1
LKYEDGE	OCT17	1
LOGIC4	LGCD2013	1
LOGO	ICPC14PR	1
LUCKPOLO	TCSG2013	1
M16B	KQ162019	1
MAAFIA	LOCJUL17	1
MAGPER	COOK109B	1
MANTREE	COFW2020	1
MATCHES	COOK110B	1
MATPER	MARCH19B	1
MCHN	COHR2018	1
MDOSA	LOCMAY16	1
MIKE3	MARCH14	1
MINARRS	LTIME71B	1
MINIMAX2	ALKH2019	1
MINMAX2	ICOP1806	1
MINOP06	BCR12019	1
MINVOTE	MARCH18A	1
MISPRNT	BOB22019	1
MLINE	CHIL2020	1
MONICA12	PILT2019	1
MONTRANS	ICPC14PR	1
MOON	GHC32020	1
MORTGAGE	AM19MOS	1
MOVCOIN2	SEPT20A	1
MRIU11	CDCRNC13	1
MTMXSUM	FEB16	1
MTRWY	MARCH15	1
MTRXMOD	COOK85	1
MXMN	JULY19B	1
NCC006	NCC2020	1
NCC04	NCC2016	1
NCC1807	NCC2018	1
NEO01	JUNE17	1
NFURY	CDWV2013	1
NI01	ACMKGP12	1
NITA04	BTFR2013	1
NPL1701A	NPLQ2017	1
NPLFLC	NPLQ1602	1
NPLQ18A	NPLQ2018	1
NPLQ19C	NPLQ2019	1
NUMCOMP	COOK95A	1
NWAYS	LTIME24	1
NXS3	REER2020	1
OMWG	LTIME37	1
P1310	CDNC2013	1
P1312	CDNC2013	1
PAINTBOX	LTIME22	1
PATROL	ISCC2017	1
PCJ18A	PCJ2018	1
PCJ19B	PCJ2019	1
PERMSUFF	COOK49	1
PIPSQUIK	DCOD19A	1
PLAYSTR	COOK108B	1
PLIND	COOK114B	1
PMARK	EXTE2015	1
PNTWLL	ENCO2018	1
POINPOLY	FEB18	1
POLY05	BCR12019	1
POLYCODE	COFN2019	1
POSSIBLE	FULU2020	1
PPNUM	COOK39	1
PPOW	CDSM2014	1
PRCN16D	PROC1601	1
PRESTI	ACMKAN12	1
PRIMECLO	LOCMAY18	1
PRIMESET	INTL2019	1
PRISTG	INCC2018	1
PRLIN	CDPH2015	1
PROM03	PRMT2014	1
PROM09	PRMT2014	1
PRVG155	PRVG2015	1
PRYS03	PRYS2015	1
BTENG	CMYC2020	1
PSTONES	AUG20B	1
PT5	PROM2013	1
PUNISH	PCO12020	1
PUPPYPLM	COOK67	1
QM12B	KM122018	1
QM13B	KQ132018	1
QPOINT	NOV13	1
QSTRING	OCT14	1
QUEHEA	COOK73	1
QUERYT	COMA2020	1
REA	ENJA2019	1
REATLAST	KQKM2020	1
RECIIDCD	REC2016	1
RECNDSTR	RC122020	1
RECTQUER	DEC13	1
REFORMS	AMR18ROL	1
REPML	COGA2017	1
RICHSTR	COOK109B	1
RIT04	CODE2015	1
RIVERLND	SNFL19MR	1
ROOMOFRM	ALKH2018	1
ROTSTRNG	ICPC14PR	1
RRECIPE	ICPC14PR	1
RUN	SICJ2017	1
RUSH04	UICC2019	1
SAMESNAK	SNCKQL17	1
SANDTIC	DAVC2018	1
SAT102	SATA2019	1
SATA01	IPC15P2A	1
SC_04	SCAT2020	1
SCC0106	SSC2016	1
SCLUSTER	AUG15	1
SCOAS	MITC2018	1
SDCOR7	SDCO2020	1
SEGTREE	IPC15P2B	1
SEQUA	ISCC2017	1
SERVING	UCOD2020	1
SFUNC	LTIME07	1
SH221B	CWCR2019	1
SHIT	KOKO2019	1
SHORTCUT	CDER2015	1
SIDPRIME	RECJ1601	1
SIMDISH	APRIL17	1
SIMPUL	COVO2020	1
SMCD6	SMCS2015	1
SNAKE	CDPH2015	1
SNAKY	ICPC14PR	1
SNCK99	JUNE19B	1
SNDISCUS	SNCKPB17	1
SNKLD	FICP2019	1
SNOWLIST	DMNT2015	1
SNOWPRIM	DMNT2015	1
SNOWWAVE	DMNT2014	1
SOCCIR	CORS2020	1
SONGIF	MAY19A	1
SOPC011	SHPC2019	1
SOPC18A	SOPC2018	1
SPC1602	SOPC2016	1
SPC1603	SOPC2016	1
SPC1604	SOPC2016	1
SPC1605	SOPC2016	1
CR197	CORD2019	1
SPECRK	BITF2016	1
SPOOKY	CDPH2015	1
PLMU	DEC19B	1
SPC19F6	SPCM2019	1
KQM17B	QM172019	1
CHFING	JUNE19B	1
RPLANET	GHC22019	1
T27	ISCC2018	0
CEXE07	COME2018	1
PREFINVS	LTIME48	1
FN	OCT13	1
BLTOUR	LOCAPR16	1
FDIVGAME	SNCKQL16	1
BDG001	BUDE2016	1
WWALK	LTIME84A	0
TREDIFF	LTIME84A	0
STIMEMCH	PCR12020	0
SUTCBIN	QTST2020	0
TOWCNT	COOK117B	0
TREESUB	COOK117B	0
ACRONYM	LOCFEB16	1
APCLYPSE	QTST2020	1
BHARAT	PCR12020	1
BTCO1611	BYCO2016	1
BYCD1610	BYCO2016	1
CHN01	CHN15MRP	1
CHN02	CHN15MRP	1
CHN03	CHN15MRP	1
CHN04	CHN15MRP	1
CHN05	CHN15MRP	1
CHN06	CHN15MRP	1
CHN07	CHN15MRP	1
CHN08	CHN15MRP	1
CHN09	CHN15MRP	1
CHN10	CHN15MRP	1
CHN11	CHN15MRP	1
CHOCOLAT	LOCFEB16	1
CONVSTR	LTIME84A	1
DL2015A	DEAD2016	1
ENDGAME	QTST2020	1
FXSEQ	PCR12020	1
HOSPBEDS	QTST2020	1
HTREE	PCR12020	1
ICECREAM	LOCFEB16	1
ICL16A	ICL2016	1
ICL16B	ICL2016	1
ICODE16G	ICOD2016	1
ICODE16H	ICOD2016	1
ICODE16I	ICOD2016	1
ICODE16J	ICOD2016	1
ICODE16K	ICOD2016	1
KARRAY	COOK117B	1
KPERM	COOK117B	1
LAXMAN	PCR12020	1
LIFTME	COOK117B	1
LOCRECT	LOCFEB16	1
LOSTWKND	LTIME84A	1
MATBREAK	COOK117B	1
MINOPS	COOK117B	1
NEGBFRAC	QTST2020	1
POLYDIFR	LOCFEB16	1
RAAVANCH	PCR12020	1
RPOWER	PCR12020	1
ABA14F	ABCS2014	1
SEALUP	LTIME44	1
SEBIHWY	COOK76	1
VORTEX6	COSU2017	0
VORTEX7	COSU2017	0
VORTEX2	COSU2017	0
SECUBE	COOK76	1
SEGMENTQ	LTIME44	1
SELECT	COOK76	1
SEQUAT2	COOK76	1
SETELE	COOK76	1
XRGRD	COOK78	0
UNGAME	COOK78	0
THREECOL	DEC16	0
ABA14D	ABCS2014	1
ABACUS04	ABCS2016	1
ABREPEAT	COOK81	1
TOMJERGA	LTIME42	0
ALEXROSE	DEC16	1
ALGFLXQA	AGOF2017	1
ALGFLXQB	AGOF2017	1
ALGFLXQD	AGOF2017	1
ALGFLXQE	AGOF2017	1
ALGFLXQF	AGOF2017	1
ALGFLXQG	AGOF2017	1
ALGFLXQH	AGOF2017	1
ALICGARD	FEB17	1
ANKTRAIN	DEC16	1
AWARA	IEMCO16	1
BALANPOL	LTIME42	1
BASE	DEC16	1
BOUNCE	DEC16	1
CDVA1701	CDVA17	1
CDVA1702	CDVA17	1
CDVA1703	CDVA17	1
CDVA1704	CDVA17	1
CDVA1705	CDVA17	1
CDVA1706	CDVA17	1
CDVA1707	CDVA17	1
CDVA1708	CDVA17	1
CDVA1709	CDVA17	1
CDVA1710	CDVA17	1
CHEFAFD	DEC16	1
CHEFAPAR	FEB17	1
CHEFBEST	FEB17	1
CHEFSSET	LTIME42	1
CHEFSTUD	LTIME42	1
CHEFYODA	FEB17	1
DIGITLIS	COOK78	1
DISTNUM3	FEB17	1
EDIT	DEC16	1
GERMANDE	FEB17	1
GOGL16T3	GOGL2016	1
GOGL16T5	GOGL2016	1
GOGL16T6	GOGL2016	1
GOGL16T7	GOGL2016	1
GOGL16T8	GOGL2016	1
IMPROVE	LTIME44	1
INTERVAL	FEB17	1
KBIGNUMB	FEB17	1
KIRLAB	DEC16	1
KTHMAX	DEC16	1
LISDIGIT	COOK78	1
MAKETRI	FEB17	1
MFREQ	FEB17	1
MTRNSFRM	COOK78	1
NOTINCOM	LTIME44	1
QRK01	QCDJ2016	1
QRK02	QCDJ2016	1
QRK04	QCDJ2016	1
QRK05	QCDJ2016	1
QRK07	QCDJ2016	1
RAMLEELA	IEMCO16	1
SEAINCR	DEC16	1
SEAINVS	FEB17	1
ABA14A	ABCS2014	1
ABROADS	LTIME31	1
ALTREE	IPC15CMR	1
BGQRS	OCT16	1
CHDOGS	OCT16	1
CHEFKEY	OCT16	1
CHEFTWOS	OCT16	1
DISTCODE	LTIME31	1
EXNETWRK	LTIME31	1
FENWITER	OCT16	1
GEOCHEAT	OCT16	1
GMCO16AP	GMCO2016	1
GMCO16CV	GMCO2016	1
GMCO16OG	GMCO2016	1
GMCO16PB	GMCO2016	1
GMCO16SS	GMCO2016	1
GMCO16TF	GMCO2016	1
GMCO16XT	GMCO2016	1
KOL1501	KOL15MOS	1
KOL1502	KOL15MOS	1
KOL1503	KOL15MOS	1
LBRACKET	IPC15CMR	1
LEMPLOY	IPC15CMR	1
LINES	IPC15CMR	1
LPALIN	IPC15CMR	1
MINWALK	IPC15CMR	1
POWSUMS	OCT16	1
SEAARI	OCT16	1
SEASTONE	OCT16	1
SEEDLING	LTIME31	1
TREEBAL	OCT16	0
SURESH	IPC15CMR	0
SVENGY	IPC15CMR	0
ROSES	LOCMAR16	1
TRYOUT	BITC2016	0
TVP	BITC2016	0
TBD	BITC2016	0
TWONIM	COOK68	0
ABIBST	NCC2017	1
VIPGF	CDWR2016	0
YUVRAJ	ALPH2016	0
VIRAT20	ALPH2016	0
VIRATGCD	ALPH2016	0
VALQ	IPC15P3A	0
SWPERMS	IPC15P3A	0
AFDMSD	BITC2016	1
ALTARAY	COOK68	1
AVGSCORE	ALPH2016	1
BRDG	COCR2016	1
CDFX01	CDFXOQ16	1
CDFX02	CDFXOQ16	1
CDFX03	CDFXOQ16	1
CDFX04	CDFXOQ16	1
CDFX05	CDFXOQ16	1
CDS1	CDST2016	1
CDS2	CDST2016	1
CDS3	CDST2016	1
CDS5	CDST2016	1
CF201	COFI2016	1
CF202	COFI2016	1
CF203	COFI2016	1
CF204	COFI2016	1
CF205	COFI2016	1
CF207	COFI2016	1
CF208	COFI2016	1
CF209	COFI2016	1
CF210	COFI2016	1
CF211	COFI2016	1
CF212	COFI2016	1
CF213	COFI2016	1
CHEFMGK	IPC15P3A	1
CNTMTX	ALPH2016	1
CULMYCA	CDWR2016	1
DETDET	IPC15P3A	1
DLHP	IPC15P3A	1
DMILK	BITC2016	1
FEST02	CDWR2016	1
FEST03	CDWR2016	1
FEST04	CDWR2016	1
FEST05	CDWR2016	1
FEST06	CDWR2016	1
FEST07	CDWR2016	1
FEST09	CDWR2016	1
FEST10	CDWR2016	1
FICE	COCR2016	1
FRAC	LOCMAR16	1
GOVT	COCR2016	1
GROADS	IPC15P3A	1
HFCQ1	HFCQ2016	1
HFCQ2	HFCQ2016	1
HFCQ3	HFCQ2016	1
HFCQ4	HFCQ2016	1
HFCQ5	HFCQ2016	1
INLO21	INLO2016	1
INLO22	INLO2016	1
INLO23	INLO2016	1
INLO24	INLO2016	1
INLO25	INLO2016	1
IOPC16H	IOPC2016	1
IOPC16K	IOPC2016	1
IOPC16S	IOPC2016	1
KING	BITC2016	1
LOCRPT	LOCMAR16	1
MANYCHEF	COOK30	1
MAXPER	ALPH2016	1
NPLANAR	COOK68	1
VSTMPL	COWS2016	0
TALAZY	COOK74	0
TAASEQ	COOK74	0
TACNTSTR	COOK74	0
TACTQUER	COOK74	0
TAPOINT	COOK74	0
AMCAS	ACM15AMR	1
UEMP01	UEMK2016	0
AMGIT	ACM15AMR	1
AMJMP	ACM15AMR	1
ANDOOR	JAN13	1
ANPB	COWS2016	1
ASH	SIC2016	1
AVDWAST	COOK30	1
BUG2K16A	GSTS1601	1
BUG2K16B	GSTS1601	1
BUG2K16C	GSTS1601	1
BUG2K16E	GSTS1601	1
BUG2K16F	GSTS1601	1
BUG2K16G	GSTS1601	1
BUG2K16H	GSTS1601	1
CDTN01	CDTN2016	1
CDTN02	CDTN2016	1
CDTN03	CDTN2016	1
CDTN04	CDTN2016	1
CHEFBGNM	LOCAUG16	1
CHEFHACK	JAN13	1
CHEFKC	SEPT16	1
CHEFLKJ	COOK72	1
CHEFONM	COOK72	1
CHEFSPAG	SEPT16	1
CHFNFRN	SEPT16	1
CHMTDV	SEPT16	1
CIELKARA	COOK30	1
CIRCLEQ	SEPT16	1
CUCUMBER	JAN13	1
CVOTE	JAN13	1
CVW	COWS2016	1
CWB	COWS2016	1
DCKHNT	COWS2016	1
DEFACING	COOK30	1
DIVMAC	SEPT16	1
DIVPRO	JAN13	1
FRCH	COWS2016	1
INSQ16A	INSQ2016	1
INSQ16B	INSQ2016	1
INSQ16C	INSQ2016	1
INSQ16D	INSQ2016	1
INSQ16E	INSQ2016	1
INSQ16F	INSQ2016	1
INSQ16G	INSQ2016	1
INSQ16H	INSQ2016	1
JKBMB	COWS2016	1
JTREE	SEPT16	1
KILOWHAT	JAN13	1
LEALCO	JAN13	1
LEXOPAL	SEPT16	1
LONGSEQ	SEPT16	1
LRDFRNG	COWS2016	1
LTM40AB	LTIME40	1
LTM40CD	LTIME40	1
LTM40EF	LTIME40	1
LTM40GH	LTIME40	1
NEAR	SIC2016	1
RESCALC	SEPT16	1
SALARY	JAN13	1
SANTA	SIC2016	1
SHINI	SIC2016	1
SPEC	SIC2016	1
ADTRI	OCT15	1
RD19	MAY18A	1
FTRIP	MAY13	1
TF01	ZERO1	0
CCFY	IC32016	1
CHN12	CHN15MRP	1
HBB	IC32016	1
ICODE16C	ICOD2016	1
K16A	KOPC2016	1
K16B	KOPC2016	1
K16C	KOPC2016	1
K16D	KOPC2016	1
K16E	KOPC2016	1
K16F	KOPC2016	1
K16G	KOPC2016	1
K16H	KOPC2016	1
K16I	KOPC2016	1
K16J	KOPC2016	1
TINT	IC32016	0
STD	IC32016	0
\.


--
-- Data for Name: problem_old; Type: TABLE DATA; Schema: public; Owner: nandeesh
--

COPY public.problem_old (code, contest) FROM stdin;
WATMELON	LTIME88A
GCDOPS	LTIME88A
ROOTTREE	LTIME88A
UKROBOT	LTIME88A
PERMSPL	LTIME88A
FEWDIFF	LTIME88A
ADDONSEG	LTIME88A
COFSQ1	CFSA2020
COFSQ2	CFSA2020
TREE2	SEPT20A
COVID19B	SEPT20A
ADAMAT	SEPT20A
CRDGAME2	SEPT20A
FINXOR	SEPT20A
CHFNSWAP	SEPT20A
EQDIV	SEPT20A
ROTATPOL	SEPT20A
MOVCOIN2	SEPT20A
MVCN2TST	SEPT20A
CHEFSUMS	SEPT20A
VBR	SEPT20A
PHEONIX	IEMCO17
FCRYPT	IEMCO17
DDLJR	IEMCO17
SMRITI	IEMCO17
ITSMAGIC	IEMCO17
YUMMYPIE	IEMCO17
BEARSEG	LTIME47
SEGM01	LTIME47
CLOSESTQ	LTIME47
DIGVIRUS	LTIME47
ABHIAMBI	LOCAPR17
LOC171	LOCAPR17
SANBAN	LOCAPR17
DRS	LOCAPR17
CHEFTOUR	LOCAPR17
JMBOOK	LOCAPR17
XORSUMS	COOK81
BESTTRI	COOK81
SHOPTRIP	COOK81
CANDY123	COOK81
ABREPEAT	COOK81
IOPC17A	IOPC2017
IOPC17B	IOPC2017
IOPC17C	IOPC2017
IOPC17D	IOPC2017
IOPC17E	IOPC2017
IOPC17F	IOPC2017
IOPC17G	IOPC2017
EXPLOREI	EXCO1701
EXPLORE2	EXCO1701
EXPLORE3	EXCO1701
EXPLORE4	EXCO1701
EXPLORE5	EXCO1701
EXPLORE6	EXCO1701
EXPLORE7	EXCO1701
DISHLIFE	APRIL17
CHEFDIV	APRIL17
HLD	APRIL17
SMARKET	APRIL17
ROWSOLD	APRIL17
CLIQUED	APRIL17
SEABIL	APRIL17
DGTCNT	APRIL17
SIMDISH	APRIL17
RNDGRID	APRIL17
ICL1701	ICL2017
ICL1704	ICL2017
ICL1702	ICL2017
ICL1706	ICL2017
ICL1703	ICL2017
ICL1705	ICL2017
BRLADDER	LTIME46
SPECIES	LTIME46
HAIRCUT	LTIME46
ALMROW	LTIME46
SHEBRU	ALKH2017
ARRQRS	ALKH2017
XORPRO	ALKH2017
TREEQRS	ALKH2017
DEADFOOL	ALKH2017
INCDEC	ALKH2017
CHEFGRUP	ALKH2017
DIGIMU	ALKH2017
LOGMAT	ALKH2017
EURSTR	ALKH2017
ROBOTG	COOK80
INCXOR	COOK80
CARDS777	COOK80
MEETUP	COOK80
RAINBOW	COOK80
INCPR02	PWCE2017
INCPR03	PWCE2017
INCPR04	PWCE2017
INCPR05	PWCE2017
INCPR06	PWCE2017
INCPR01	PWCE2017
MONDICT	KJSC17
BUSHO	KJSC17
BALLOOON	KJSC17
ABGCD	KJSC17
ATTACKOT	KJSC17
CODA2017	PRCD1701
CODB2017	PRCD1701
CODC2017	PRCD1701
COD12017	PRCD1701
COD22017	PRCD1701
COD32017	PRCD1701
COD417	PRCD1701
COD52017	PRCD1701
COD72017	PRCD1701
COD82017	PRCD1701
ABCS04	ABCS2017
ABCS03	ABCS2017
ABCS01	ABCS2017
ABCS05	ABCS2017
ABCS06	ABCS2017
ABCS02	ABCS2017
COZIA	COZI2017
COZID	COZI2017
COZIC	COZI2017
HOGON	COZI2017
COZIB	COZI2017
COZIE	COZI2017
BYCO17A	BYCO2017
BYCO17B	BYCO2017
BYCO17C	BYCO2017
BYCO17E	BYCO2017
BYCO17D	BYCO2017
BYCO17G	BYCO2017
BYCO17F	BYCO2017
BYCO17H	BYCO2017
BYCO17I	BYCO2017
BYCO17J	BYCO2017
TUPLES2	MARCH17
FAVGAME	MARCH17
SUMDIS	MARCH17
PSHTBRTH	MARCH17
XENTASK	MARCH17
BEARTRAP	MARCH17
SORTROW	MARCH17
SCHEDULE	MARCH17
BANDMATR	MARCH17
EXTRAN	MARCH17
NCL1701	NCL2017
NCL1702	NCL2017
NCL1705	NCL2017
NCL21704	NCL2017
NCL1706	NCL2017
GRHARSH	NCC2017
GKYLOVE	NCC2017
WANBASE	NCC2017
ABIBST	NCC2017
BXDIST	NCC2017
VARGAME	NCC2017
ALGOA	ALGR2017
ALGOB	ALGR2017
ALGOC	ALGR2017
ALGOD	ALGR2017
ALGOE	ALGR2017
CLPLCS	COLG2017
CLWALL	COLG2017
CLHMSG	COLG2017
CLVSTR	COLG2017
CLTRTS	COLG2017
CLSAVE	COLG2017
CLNUMG	COLG2017
CLSTRN	COLG2017
QHOUSE	LTIME45
COOMILK	LTIME45
BRIBETR	LTIME45
OVERPNT	LTIME45
DL2016A	DEAD2017
DL2016B	DEAD2017
DL2016C	DEAD2017
DL2016D	DEAD2017
CRES03	CRES2017
CRES04	CRES2017
CRES01	CRES2017
CRES02	CRES2017
CRES05	CRES2017
CDMN17A	COMA2017
CDMN17C	COMA2017
CDMN17B	COMA2017
CDMN17D	COMA2017
CDMN17E	COMA2017
CDMN17F	COMA2017
DWNLD	COOK79
CHAIRS	COOK79
ADDMULT	COOK79
MIXFLVOR	COOK79
COOKGAME	COOK79
MODNIM	BYTR2017
ADWAR	BYTR2017
BATGRAPH	BYTR2017
DIVIS	BYTR2017
FGAME	BYTR2017
CHARR	BYTR2017
ARH1701	DECA2017
ARH1702	DECA2017
ARH1704	DECA2017
ARH1703	DECA2017
VORTEX1	COSU2017
VORTEX3	COSU2017
VORTEX4	COSU2017
VORTEX5	COSU2017
VORTEX6	COSU2017
VORTEX7	COSU2017
VORTEX2	COSU2017
SEAINVS	FEB17
INTERVAL	FEB17
CHEFYODA	FEB17
MAKETRI	FEB17
CHEFAPAR	FEB17
JAKKU	FEB17
DISTNUM3	FEB17
MFREQ	FEB17
GERMANDE	FEB17
ALICGARD	FEB17
KBIGNUMB	FEB17
CHEFBEST	FEB17
CDVA1703	CDVA17
CDVA1701	CDVA17
CDVA1702	CDVA17
CDVA1705	CDVA17
CDVA1707	CDVA17
CDVA1704	CDVA17
CDVA1706	CDVA17
CDVA1708	CDVA17
CDVA1709	CDVA17
CDVA1710	CDVA17
ALGFLXQA	AGOF2017
ALGFLXQB	AGOF2017
ALGFLXQD	AGOF2017
ALGFLXQF	AGOF2017
ALGFLXQG	AGOF2017
ALGFLXQH	AGOF2017
ALGFLXQE	AGOF2017
SEALUP	LTIME44
IMPROVE	LTIME44
NOTINCOM	LTIME44
SEGMENTQ	LTIME44
DIGITLIS	COOK78
XRGRD	COOK78
MTRNSFRM	COOK78
LISDIGIT	COOK78
UNGAME	COOK78
GGBUNNY	COSE2017
GGSPAG	COSE2017
GGCURR	COSE2017
GGSQR	COSE2017
GGBHAI	COSE2017
COLGQU	LTC2017
WGME	LTC2017
OSQUE	LTC2017
MFQUE	LTC2017
PARQUE	LTC2017
CAPIMOVE	JAN17
CHEFCIRC	JAN17
TUPLES	JAN17
FOURSQ	JAN17
CATSDOGS	JAN17
DIGITSEP	JAN17
SEABOX	JAN17
TOURISTS	JAN17
RESERVOI	JAN17
SEACIR	JAN17
DISTINCT	KQPM2017
SUMALPHA	KQPM2017
FLYMODE	LTIME43
SUPVIL	LTIME43
MSTQS	LTIME43
SBSWAP	LTIME43
INF16A	INF16MOS
INF16B	INF16MOS
INF16C	INF16MOS
INF16D	INF16MOS
INF16E	INF16MOS
INF16F	INF16MOS
INF16H	INF16MOS
INF16I	INF16MOS
INF16J	INF16MOS
INF16K	INF16MOS
INF16L	INF16MOS
KOL16A	KOL16MOS
KOL16B	KOL16MOS
KOL16C	KOL16MOS
KOL16D	KOL16MOS
KOL16E	KOL16MOS
KOL16F	KOL16MOS
KOL16G	KOL16MOS
KOL16H	KOL16MOS
KOL16I	KOL16MOS
KOL16J	KOL16MOS
KOL16K	KOL16MOS
KOL16L	KOL16MOS
THESAV	BITF2016
SPECRK	BITF2016
APJSWG	BITF2016
JUMBSTRY	BITF2016
DMNTION	BITF2016
SPC1601	SOPC2016
SPC1602	SOPC2016
SPC1603	SOPC2016
SPC1604	SOPC2016
SPC1605	SOPC2016
AMR16A	AMR16MOS
AMR16B	AMR16MOS
AMR16C	AMR16MOS
AMR16D	AMR16MOS
AMR16F	AMR16MOS
AMR16E	AMR16MOS
AMR16H	AMR16MOS
AMR16G	AMR16MOS
AMR16I	AMR16MOS
AMR16J	AMR16MOS
AMR16K	AMR16MOS
CHN16A	CHN16MOS
CHN16B	CHN16MOS
CHN16C	CHN16MOS
CHN16D	CHN16MOS
CHN16E	CHN16MOS
CHN16F	CHN16MOS
CHN16G	CHN16MOS
CHN16H	CHN16MOS
CHN16I	CHN16MOS
CHN16J	CHN16MOS
CHEFSETC	COOK77
CHEFARRB	COOK77
CHEFNUMK	COOK77
CHEFTRI4	COOK77
CHEFINS	COOK77
KGP16A	KGP16MOS
KGP16B	KGP16MOS
KGP16C	KGP16MOS
KGP16D	KGP16MOS
KGP16E	KGP16MOS
KGP16F	KGP16MOS
KGP16G	KGP16MOS
KGP16H	KGP16MOS
KGP16I	KGP16MOS
KGP16J	KGP16MOS
KGP16K	KGP16MOS
GOGL16T2	GOGL2016
GOGL16T5	GOGL2016
GOGL16T6	GOGL2016
GOGL16T3	GOGL2016
GOGL16T7	GOGL2016
GOGL16T8	GOGL2016
SEAINCR	DEC16
ALEXROSE	DEC16
ANKTRAIN	DEC16
KIRLAB	DEC16
EDIT	DEC16
KTHMAX	DEC16
BASE	DEC16
THREECOL	DEC16
BOUNCE	DEC16
CHEFAFD	DEC16
CHEFSTUD	LTIME42
CHEFSSET	LTIME42
BALANPOL	LTIME42
TOMJERGA	LTIME42
SEQUAT2	COOK76
SECUBE	COOK76
SELECT	COOK76
SEBIHWY	COOK76
SETELE	COOK76
QRK02	QCDJ2016
QRK05	QCDJ2016
QRK04	QCDJ2016
QRK01	QCDJ2016
QRK07	QCDJ2016
AWARA	IEMCO16
RAMLEELA	IEMCO16
DON	IEMCO16
LAALRANG	IEMCO16
BAADSHAH	IEMCO16
TE3N	IEMCO16
DDLJ	IEMCO16
SMP161	SMPX2016
SMP162	SMPX2016
SMP163	SMPX2016
SMP164	SMPX2016
SMP165	SMPX2016
SMP166	SMPX2016
CHSQR	NOV16
URBANDEV	NOV16
CPERM	NOV16
GIFTCHEF	NOV16
FRIEMEET	NOV16
KIRMEME	NOV16
ALEXTASK	NOV16
SEAPERM3	NOV16
BIKE	NOV16
SEAWCU	NOV16
BOUQUET	LTIME41
RESTPERM	LTIME41
FFCOMB	LTIME41
COUNTIES	LTIME41
COUNTWAY	COOK75
PERMEXIS	COOK75
UGLYF	COOK75
BOOKCHEF	COOK75
SWINDOW	COOK75
VTAMASHA	CDVT2016
AAKASHB	CDVT2016
FNYGAME1	CDVT2016
PFACT	CDVT2016
HELPKSHV	CDVT2016
ICPC16A	ACMIND16
ICPC16B	ACMIND16
ICPC16C	ACMIND16
ICPC16D	ACMIND16
ICPC16E	ACMIND16
ICPC16G	ACMIND16
ICPC16F	ACMIND16
AMR15A	TSTIND16
AMR15B	TSTIND16
CHN15E	TSTIND16
CHN15F	TSTIND16
KOL15A	TSTIND16
KOL15B	TSTIND16
NPLFLA	NPLQ1602
NPLFLD	NPLQ1602
NPLFLE	NPLQ1602
NPLFLB	NPLQ1602
NPLFLF	NPLQ1602
NPLFLC	NPLQ1602
NPLELA	NPLQ1601
NPLELB	NPLQ1601
RRTREGAM	NPLQ1601
NPLELD	NPLQ1601
NPLELF	NPLQ1601
NPLELE	NPLQ1601
NPLELG	NPLQ1601
GMCO16RI	GMCO2016
GMCO16SS	GMCO2016
GMCO16AP	GMCO2016
GMCO16CV	GMCO2016
GMCO16OG	GMCO2016
GMCO16PB	GMCO2016
GMCO16TF	GMCO2016
GMCO16XT	GMCO2016
CHEFKEY	OCT16
CHDOGS	OCT16
CHEFTWOS	OCT16
BGQRS	OCT16
POWSUMS	OCT16
SEAARI	OCT16
FENWITER	OCT16
GEOCHEAT	OCT16
SEASTONE	OCT16
TREEBAL	OCT16
LBRACKET	IPC15CMR
LINES	IPC15CMR
LEMPLOY	IPC15CMR
SURESH	IPC15CMR
ALTREE	IPC15CMR
MINWALK	IPC15CMR
SVENGY	IPC15CMR
LPALIN	IPC15CMR
EXNETWRK	LTIME31
ABROADS	LTIME31
SEEDLING	LTIME31
DISTCODE	LTIME31
KOL1501	KOL15MOS
KOL1502	KOL15MOS
KOL1503	KOL15MOS
KOL1504	KOL15MOS
CHEFCLO	IPC15BMR
CHEFEXAM	IPC15BMR
CANGAME	IPC15BMR
CHEFCOL	IPC15BMR
HGCD	IPC15BMR
MINMAGIC	IPC15BMR
KOL1505	KOL15MOS
KOL1506	KOL15MOS
KOL1507	KOL15MOS
KOL1508	KOL15MOS
KOL1509	KOL15MOS
KOL1510	KOL15MOS
ABES01	CDSP2016
ABES02	CDSP2016
ABES03	CDSP2016
ABES04	CDSP2016
ABES05	CDSP2016
SGRSTR	KJCS16
COLDPLAY	KJCS16
ROBOWALL	KJCS16
VIACST	KJCS16
GCDOFFIB	KJCS16
HIKARU	IPC15AMR
TREE02	IPC15AMR
BOBPRIME	IPC15AMR
ASYA2	IPC15AMR
ASYAPATH	IPC15AMR
ENTRY	IPC15AMR
DIAGON	IPC15AMR
TREEPAL	IPC15AMR
LUFFY	IPC15AMR
KOL1511	KOL15MOS
AMSS	ACM15AMR
AMBDAY	ACM15AMR
AMCAM	ACM15AMR
AMMAM	ACM15AMR
AMJMP	ACM15AMR
AMCAS	ACM15AMR
AMGIT	ACM15AMR
LTM40EF	LTIME40
LTM40GH	LTIME40
LTM40AB	LTIME40
LTM40CD	LTIME40
FRCH	COWS2016
VSTMPL	COWS2016
CWB	COWS2016
CVW	COWS2016
JKBMB	COWS2016
LRDFRNG	COWS2016
ANPB	COWS2016
DCKHNT	COWS2016
TALAZY	COOK74
TAASEQ	COOK74
TACNTSTR	COOK74
TACTQUER	COOK74
TAPOINT	COOK74
BUG2K16A	GSTS1601
BUG2K16B	GSTS1601
BUG2K16E	GSTS1601
BUG2K16F	GSTS1601
BUG2K16G	GSTS1601
BUG2K16H	GSTS1601
BUG2K16C	GSTS1601
SHINI	SIC2016
SANTA	SIC2016
SPEC	SIC2016
ASH	SIC2016
NEAR	SIC2016
CDTN01	CDTN2016
CDTN02	CDTN2016
CDTN03	CDTN2016
CDTN04	CDTN2016
INSQ16F	INSQ2016
INSQ16C	INSQ2016
INSQ16E	INSQ2016
INSQ16A	INSQ2016
INSQ16B	INSQ2016
INSQ16D	INSQ2016
INSQ16G	INSQ2016
INSQ16H	INSQ2016
JTREE	SEPT16
DIVMAC	SEPT16
CHFNFRN	SEPT16
CHMTDV	SEPT16
LONGSEQ	SEPT16
RESCALC	SEPT16
LEXOPAL	SEPT16
CIRCLEQ	SEPT16
CHEFKC	SEPT16
CHEFSPAG	SEPT16
CHEFBGNM	LOCAUG16
BSQUARE	LOCAUG16
CHEFCHSS	LOCAUG16
MINMO	LOCAUG16
ALPHABET	LTIME39
AVGSHORT	LTIME39
TREEDIAM	LTIME39
LFSTACK	LTIME39
ALICE	COOK73
TWEED	COOK73
MADHAT	COOK73
QUEHEA	COOK73
MCKTUR	COOK73
CCWR02	CCWR2016
CCWR03	CCWR2016
CCWR04	CCWR2016
CCWR01	CCWR2016
CCWR05	CCWR2016
CCWR06	CCWR2016
CJ01	CDJA2016
IN01	CDJA2016
MRXCHOC	CDJA2016
KM01	CDJA2016
BST01	CDJA2016
RC01	CDJA2016
PRCS16A	PROC2016
PRCS16B	PROC2016
PRCS16C	PROC2016
PRCS16D	PROC2016
PRCS16E	PROC2016
PRCS16F	PROC2016
GSRM01A	GSTS2016
GSRM01B	GSTS2016
SHAIKHGN	AUG16
MAXGRID	AUG16
CHEFRRUN	AUG16
CHEFCRUN	AUG16
CHCHCL	AUG16
CHAHG	AUG16
GOODPROB	AUG16
TRICONT	AUG16
EBOLA	AUG16
CHEFTRE	AUG16
ORMNDST	CDGO2016
SKMGMT	CDGO2016
CDGO1601	CDGO2016
CDGO1602	CDGO2016
CDGO1603	CDGO2016
CHEFCLOS	LTIME38
STUDVOTE	LTIME38
LUMPYBUS	LTIME38
CLOSEFAR	LTIME38
PRCN16A	PROC1601
PRCN16B	PROC1601
PRCN16C	PROC1601
PRCN16D	PROC1601
PRCN16E	PROC1601
PRCN16F	PROC1601
PRCN16G	PROC1601
PRCN16H	PROC1601
NUMHOLMS	LOCJUL16
LEVENSUB	LOCJUL16
PROGCOMP	LOCJUL16
CHEFSPCL	LOCJUL16
FORALN	LOCJUL16
LOSTPW	CYPH2016
HITBIT	CYPH2016
ANOSTR	CYPH2016
CHEFCBA	COOK72
CHEFFED	COOK72
CHEFIHG	COOK72
CHEFONM	COOK72
CHEFLKJ	COOK72
UEMP01	UEMK2016
UEMP02	UEMK2016
TREECAKE	SNFL16MR
SEGTREE2	SNFL16MR
XORPATH	SNFL16MR
BIGTREE	SNFL16MR
EQUALIZE	SNFL16MR
BEAUTY	SNFL16MR
GAMCOUNT	SNFL16MR
JRNTREE	SNFL16MR
SUMPP	SNFL16MR
RAINFALL	SNFL16MR
CATCHSM	SNFL16MR
SBSTCNT	SNFL16MR
POLYEVAL	JULY16
CHEFARC	JULY16
CHEFELEC	JULY16
CHSGMNTS	JULY16
EGRANDR	JULY16
WORKCHEF	JULY16
CHEFTET	JULY16
ALLPOLY	JULY16
CHEFPOL	JULY16
CLUSSCHE	JULY16
CAKECUT	COOK71
RIGHTTRI	COOK71
STICKS	COOK71
ANDMIN	COOK71
CHEFLAND	COOK71
TRAVTREE	LTIME37
SQNUMBF	LTIME37
OMWG	LTIME37
LCOLLIS	LTIME37
CHEFLIQD	LOCJUN16
CHSHIFU	LOCJUN16
MXSUBARR	LOCJUN16
GOODNUMB	LOCJUN16
PEOPLOVE	LOCJUN16
EXAMCOPY	LOCJUN16
SKYSCR	LOCJUN16
ALLIANCE	SNCKEL16
VCAKE	SNCKEL16
ARITHM	SNCKEL16
RWALK	SNCKEL16
MAZETRAV	SNCKEL16
CUBTOWER	SNCKEL16
NUMSET	SNCKEL16
SEGSUMQ	SNCKEL16
COLTREE	SNCKEL16
MMPROD	SNPB16RP
FAIRPAIR	SNPB16RP
LISLDS	SNPB16RP
REGIONS	SNPB16RP
MINSHIFT	SNPB16RP
ENTEXAM	SNPB16RP
AMLPALIN	ACM15AMR
AMCOINS	ACM15AMR
AMCOP	ACM15AMR
HEADBOB	LTIME17
ANDTUPLE	LTIME17
PHYSICS	LTIME17
MAKEART	SNCKPA16
CSS2	LTIME17
MAKELIS	SNCKPA16
GIVCANDY	SNCKPA16
CHSPARR	SNCKPA16
NDIFFPAL	SNCKPA16
SUBSEG2	SNCKPA16
MGCHGEOM	JUNE16
CHEARMY	JUNE16
CHEFARK	JUNE16
CHSQARR	JUNE16
CHNWGM	JUNE16
CHCOINSG	JUNE16
DEVARRAY	JUNE16
FRJUMP	JUNE16
BINOP	JUNE16
SADPAIRS	JUNE16
ALOST	LTIME36
ACBALL	LTIME36
AHWORK	LTIME36
ASTRING	LTIME36
KTTABLE	SNCKQL16
FDIVGAME	SNCKQL16
KGOOD	SNCKQL16
MMSUM	SNCKQL16
CRACE	LOCMAY16
VSQ3	LOCMAY16
TEACHTR	LOCMAY16
MDOSA	LOCMAY16
POSTIT	LOCMAY16
P1Z2S	COOK70
EURO	COOK70
TANDEM	COOK70
EZNO	COOK70
MAZE	COOK70
LADDU	MAY16
CHEFNUM	MAY16
CHBLLS	MAY16
SHOP2	MAY16
FORESTGA	MAY16
CHEFSOC2	MAY16
CHEFMATH	MAY16
DISTNUM2	MAY16
SEAGCD2	MAY16
STARROAD	MAY16
KSUM	LTIME35
COLORING	LTIME35
LABEL	LTIME35
TRICOIN	LTIME35
SPC0101	SSC2016
SCC0103	SSC2016
SCC0104	SSC2016
SCC0105	SSC2016
SCC0102	SSC2016
SCC0106	SSC2016
VSQ2	LOCAPR16
BLTOUR	LOCAPR16
ACDEMY	LOCAPR16
ROLLDEEP	LOCAPR16
RUNNING	LOCAPR16
SIDSTR	RECJ1601
ABHSTR	RECJ1601
DORAEMON	RECJ1601
SIDPRIME	RECJ1601
ABHMNSTR	RECJ1601
SQUE1	COWO1601
DEB002	COWO1601
BW001	COWO1601
SEG003	COWO1601
WAY004	COWO1601
MOVIEWKN	COOK69
ODDDIV	COOK69
BINTREEQ	COOK69
LCPMAX	COOK69
BITTWIST	COOK69
GTH	BIGO2016
WATSY	BIGO2016
SURF	BIGO2016
SACHGF	BIGO2016
WKIMAAL	BIGO2016
CDQU01	CDQU1601
CDQU02	CDQU1601
CDQU03	CDQU1601
CDQU04	CDQU1601
CDQU05	CDQU1601
CDQU06	CDQU1601
CDQU07	CDQU1601
CDQU08	CDQU1601
CDQU09	CDQU1601
CDQU10	CDQU1601
DDCC	DMNT2016
POFACT	DMNT2016
SHISTR	DMNT2016
POMUSE	DMNT2016
ISD	ALKH2016
NRTKH	ALKH2016
VVR	ALKH2016
POPT	ALKH2016
PETRM	ALKH2016
VLB	ALKH2016
DRTVG	ALKH2016
CLBMK	ALKH2016
LFS	ALKH2016
VLD	ALKH2016
NTSK	ALKH2016
NCC01	NCC2016
NCC02	NCC2016
NCC04	NCC2016
NCC05	NCC2016
NCC06	NCC2016
NCC07	NCC2016
FURGRAPH	APRIL16
FIBQ	APRIL16
CHBLLNS	APRIL16
BIPIN3	APRIL16
CHEFPATH	APRIL16
CHNBGMT	APRIL16
AMAEXPER	APRIL16
COLOR	APRIL16
SNAKGAME	APRIL16
DEVGOSTR	APRIL16
ABABAABA	LTIME34
SIMPSTAT	LTIME34
PAIRCLST	LTIME34
ARRAYSUM	LTIME34
INTROSRM	SRMC2016
DRCTNSRM	SRMC2016
BRCKTSRM	SRMC2016
MULTISRM	SRMC2016
CHEFREC	LOCMAR16
BTREAT	LOCMAR16
MOD	LOCMAR16
VSQ	LOCMAR16
ROSES	LOCMAR16
LOCRPT	LOCMAR16
FRAC	LOCMAR16
TRYOUT	BITC2016
TVP	BITC2016
DMILK	BITC2016
KING	BITC2016
AFDMSD	BITC2016
TBD	BITC2016
CDS1	CDST2016
CDS2	CDST2016
CDS3	CDST2016
CDS5	CDST2016
ALTARAY	COOK68
ONOZ	COOK68
TWONIM	COOK68
NPLANAR	COOK68
KTHCON	COOK68
CB20Q1	CLDB2016
CB20Q3	CLDB2016
CB20Q4	CLDB2016
CB20Q5	CLDB2016
KJCC11	KJSP1602
KJCC12	KJSP1602
KJCC13	KJSP1602
KJCC14	KJSP1602
KJCC15	KJSP1602
KJCC16	KJSP1602
KJCC17	KJSP1602
ESYSUM	ODCO2016
COMPX	ODCO2016
O2CTST03	ODCO2016
O2CTST04	ODCO2016
CHKTRE	FLFI2016
CHKAR	FLFI2016
CHKSEL	FLFI2016
CHKSTR	FLFI2016
CHKDST	FLFI2016
ROBBERY	REC2016
RECIITRK	REC2016
RECIICHA	REC2016
RECIIDCD	REC2016
RECIIBKS	REC2016
RNGMOD	COBL2016
PERFECT	COBL2016
SWEGARR	COBL2016
SWEGIRL	COBL2016
SWEGSTR	COBL2016
NIKKLIN	COMN2016
MINION	COMN2016
SUMTOUR	COMN2016
ZOMBIE	COMN2016
THANPK	COMN2016
RECAREA	COMN2016
IOPC16A	IOPC2016
IOPC16R	IOPC2016
IOPC16M	IOPC2016
IOPC16T	IOPC2016
IOPC16I	IOPC2016
IOPC16G	IOPC2016
IOPC16B	IOPC2016
IOPC16Q	IOPC2016
IOPC16J	IOPC2016
IOPC16O	IOPC2016
IOPC16L	IOPC2016
IOPC16D	IOPC2016
IOPC16P	IOPC2016
IOPC16F	IOPC2016
IOPC16U	IOPC2016
IOPC16E	IOPC2016
IOPC16N	IOPC2016
IOPC16H	IOPC2016
IOPC16S	IOPC2016
IOPC16K	IOPC2016
CF201	COFI2016
CF202	COFI2016
CF204	COFI2016
CF207	COFI2016
CF203	COFI2016
CF205	COFI2016
CF208	COFI2016
CF209	COFI2016
CF210	COFI2016
CF212	COFI2016
CF211	COFI2016
CF213	COFI2016
INLO21	INLO2016
INLO23	INLO2016
INLO22	INLO2016
INLO24	INLO2016
INLO25	INLO2016
HFCQ1	HFCQ2016
HFCQ3	HFCQ2016
HFCQ4	HFCQ2016
HFCQ2	HFCQ2016
HFCQ5	HFCQ2016
CULMYCA	CDWR2016
VIPGF	CDWR2016
FEST02	CDWR2016
FEST10	CDWR2016
FEST03	CDWR2016
FEST09	CDWR2016
FEST07	CDWR2016
FEST06	CDWR2016
FEST05	CDWR2016
FEST04	CDWR2016
CNTMTX	ALPH2016
AVGSCORE	ALPH2016
YUVRAJ	ALPH2016
VIRAT20	ALPH2016
VIRATGCD	ALPH2016
MAXPER	ALPH2016
ABACUS02	ABCS2016
ABACUS04	ABCS2016
ABACUS03	ABCS2016
ABACUS01	ABCS2016
ABACUS05	ABCS2016
ABACUS06	ABCS2016
ABACUS07	ABCS2016
FICE	COCR2016
GOVT	COCR2016
BRDG	COCR2016
MARS	COCR2016
LOCKS	IPC15P3C
PRMAX	IPC15P3C
BRCKMT	IPC15P3C
MSDBIN	IPC15P3C
RAMSUR	IPC15P3C
ARRGM	IPC15P3C
VALMAX	IPC15P3C
SUMBITS	IPC15P3C
SONAFOR	IPC15P3C
CONCAT	IPC15P3C
INTRESEC	IPC15P3C
TREE01	IPC15P3B
XORSACK	IPC15P3B
ASYA1	IPC15P3B
ASYA3	IPC15P3B
FLEIJA	IPC15P3B
STR	IPC15P3B
SROADS	IPC15P3B
LETSTOSS	IPC15P3B
FUNKVAL	IPC15P3B
FIBEQN	IPC15P3B
ITRA07	ITRA2016
ITRA05	ITRA2016
ITRA06	ITRA2016
ITRA04	ITRA2016
ITRA10	ITRA2016
NPT	ITRA2016
ITRA09	ITRA2016
ITRA03	ITRA2016
ITRA01	ITRA2016
CDYPA01	COYA2016
CDYPA02	COYA2016
CDYPA03	COYA2016
CDYPA04	COYA2016
CDYPA06	COYA2016
CDYPA05	COYA2016
CDYPA07	COYA2016
CDYPA08	COYA2016
CDYPA09	COYA2016
CDYPA10	COYA2016
STRPALIN	MARCH16
HBIRD	MARCH16
SEATSTR2	MARCH16
FLOORDIS	MARCH16
MAXISUM	MARCH16
PARITREE	MARCH16
CHEFPC	MARCH16
CHNGSS	MARCH16
TULIPS	MARCH16
CHEFSPL	MARCH16
BDG001	BUDE2016
BDG003	BUDE2016
BDG005	BUDE2016
BDG004	BUDE2016
BDG002	BUDE2016
CDFX01	CDFXOQ16
CDFX02	CDFXOQ16
CDFX03	CDFXOQ16
CDFX05	CDFXOQ16
CDFX04	CDFXOQ16
VALQ	IPC15P3A
CHEFMGK	IPC15P3A
DETDET	IPC15P3A
DLHP	IPC15P3A
GROADS	IPC15P3A
SWPERMS	IPC15P3A
DMSG	IPC15P3A
DPLGN	IPC15P3A
BTEST	IPC15P3A
AOPN	IPC15P3A
NICPRM	IPC15P3A
DECIME	DECI2016
GNRATR	DECI2016
HEXCON	DECI2016
OBLIVI	DECI2016
DISLOG	DECI2016
CHEFSOCK	LTIME33
CHEFTIC	LTIME33
CHEFPOLY	LTIME33
CHEFDOMA	LTIME33
BYCD1605	BYCO2016
BYCD1606	BYCO2016
BYCD1603	BYCO2016
BYCD1604	BYCO2016
BYCD1607	BYCO2016
BYCD1601	BYCO2016
BYCD1602	BYCO2016
BYCD1610	BYCO2016
BTCO1611	BYCO2016
BYCO1612	BYCO2016
CHOCOLAT	LOCFEB16
ACRONYM	LOCFEB16
ICECREAM	LOCFEB16
LOCRECT	LOCFEB16
POLYDIFR	LOCFEB16
DL2015A	DEAD2016
DL2015B	DEAD2016
DL2015C	DEAD2016
DL2015D	DEAD2016
CDMN1601	COMA2016
CDMN1603	COMA2016
CDMN1602	COMA2016
CDMN1605	COMA2016
CDMN1604	COMA2016
TUZTRN	COOK67
PPCTS	COOK67
PUPPYPLM	COOK67
PPSUM	COOK67
TUZGMBR	COOK67
COPR16A	COPR2016
COPR16C	COPR2016
COPR16B	COPR2016
COPR16D	COPR2016
COPR16F	COPR2016
COPR16E	COPR2016
COPR16G	COPR2016
ITRIX16A	ITRX2016
ITRIX16B	ITRX2016
ITRIX16C	ITRX2016
ITRIX16D	ITRX2016
ITRIX16E	ITRX2016
ITRIX16F	ITRX2016
LVTRI	COWH2016
DHSPP	COWH2016
WT20	COWH2016
INDPAK	COWH2016
JADMST	COWH2016
CURR1	COCU2016
CURR2	COCU2016
CURR3	COCU2016
CURR4	COCU2016
GUNG	CDWA2016
SPCOL	CDWA2016
MAGBALL	CDWA2016
CHNG	CDWA2016
PRGAME	CDWA2016
NEELSTR	COCL2016
SCRTCD	COCL2016
BDAYGIFT	COCL2016
CRAZYMAT	COCL2016
LCKYNUM	COCL2016
STUDD	ASNE2016
STUD2	ASNE2016
GHATAK	ASNE2016
FZLKHN	ASNE2016
STUD3	ASNE2016
CDGLF01	CDGF2016
CDGLF02	CDGF2016
CDGLF03	CDGF2016
CDGLF04	CDGF2016
CDGLF05	CDGF2016
WBYQ05	WBY1601
WBYQ08	WBY1601
WBYQ09	WBY1601
WBYQ10	WBY1601
WBYQ11	WBY1601
WBYQ12	WBY1601
WBYQ03	WBY1601
CRES102	CRES2016
CRES103	CRES2016
CRES104	CRES2016
CRES105	CRES2016
CWAM1602	COWA1601
CWAM1603	COWA1601
CWAM1604	COWA1601
CWAM1605	COWA1601
CWAM1606	COWA1601
ICODE16E	ICOD2016
ICODE16D	ICOD2016
ICODE16B	ICOD2016
ICODE16C	ICOD2016
ICODE16I	ICOD2016
ICODE16J	ICOD2016
ICODE16H	ICOD2016
ICODE16G	ICOD2016
ICODE16K	ICOD2016
CHN01	CHN15MRP
CHN02	CHN15MRP
CHN03	CHN15MRP
CHN04	CHN15MRP
CHN05	CHN15MRP
CHN06	CHN15MRP
CHN07	CHN15MRP
CHN08	CHN15MRP
CHN09	CHN15MRP
CHN10	CHN15MRP
CHN11	CHN15MRP
CHN12	CHN15MRP
K16C	KOPC2016
K16G	KOPC2016
K16I	KOPC2016
K16B	KOPC2016
K16A	KOPC2016
K16D	KOPC2016
K16E	KOPC2016
K16H	KOPC2016
K16F	KOPC2016
K16J	KOPC2016
HBB	IC32016
TINT	IC32016
CCFY	IC32016
STD	IC32016
MODEFREQ	LTIME87B
ELOMAX	LTIME87B
ARRGAME	LTIME87B
ALIENIN	LTIME87B
CNTGRP	LTIME87B
ELEVATR	LTIME87B
CHEFPART	LTIME87B
SHENQ	LTIME87B
CHEFNWRK	COOK121A
KFOLD	COOK121A
POLYREL	COOK121A
RBTREES	COOK121A
CHEFHALF	COOK121A
CHEFPRTY	COOK121A
SAFETR	COOK121A
BBPS01	BBPSHACK
CLLCM	COLE2020
CLPNT	COLE2020
CLBRKT	COLE2020
CLLEXO	COLE2020
CLBIT	COLE2020
CLMARKS	COLE2020
CLUNQUE	COLE2020
WLIST	PROC2020
ENGRIS	PROC2020
FRAKK	PROC2020
VC711	PROC2020
CHFBANK	PROC2020
DUCK	PROC2020
TWD	PROC2020
TIMET	PROC2020
SPACEW	PROC2020
CACHEHIT	COOK119B
MAXMEX	COOK119B
PERCAPTA	COOK119B
CHKPTS	COOK119B
BANQUNT	COOK119B
EZRMQ	COOK119B
PRDRAW	COOK119B
GCDMASK	LTIME84A
CHEFZRON	LTIME84A
ABSNX	LTIME84A
LOSTWKND	LTIME84A
WWALK	LTIME84A
CONVSTR	LTIME84A
TREDIFF	LTIME84A
RPOWER	PCR12020
FXSEQ	PCR12020
HTREE	PCR12020
RAAVANCH	PCR12020
BHARAT	PCR12020
LAXMAN	PCR12020
STIMEMCH	PCR12020
HOSPBEDS	QTST2020
APCLYPSE	QTST2020
ENDGAME	QTST2020
NEGBFRAC	QTST2020
SUTCBIN	QTST2020
LIFTME	COOK117B
KPERM	COOK117B
MATBREAK	COOK117B
MINOPS	COOK117B
KARRAY	COOK117B
TOWCNT	COOK117B
TREESUB	COOK117B
ICL16A	ICL2016
ICL16B	ICL2016
ICL16C	ICL2016
ICL16D	ICL2016
ICL16E	ICL2016
BYTES11	BYTE2016
BYTES12	BYTE2016
BYTES13	BYTE2016
BYTES14	BYTE2016
BYTES15	BYTE2016
KSTACKS	IPC15P2C
NETDES	IPC15P2C
FUNC1	IPC15P2C
FUNC2	IPC15P2C
PALGAME	IPC15P2C
IPCASH	IPC15P2C
SUBSGCD	IPC15P2C
TANSWTCH	IPC15P2C
JIMMA	IPC15P2C
FISHY	IPC15P2C
DECA02	DECA2016
DECA03	DECA2016
DECA01	DECA2016
DECA04	DECA2016
DECA05	DECA2016
CODEJAM1	COJA2016
CODEJAM2	COJA2016
CODEJAM3	COJA2016
CODEJAM5	COJA2016
CODEJAM6	COJA2016
CODEJAM7	COJA2016
CLATTK	COLE2016
CLBMUP	COLE2016
CLDSTR	COLE2016
CLMNTR	COLE2016
CLDROP	COLE2016
CLSHDN	COLE2016
CLDSIN	COLE2016
MTMXSUM	FEB16
CALLSCHE	FEB16
WRDSUM	FEB16
DEVLDISC	FEB16
STROPR	FEB16
SEAPERMS	FEB16
CHEFDETE	FEB16
SEATL	FEB16
RECTLOVE	FEB16
CHEFJR	FEB16
PATHS	IPC15P2B
SEGTREE	IPC15P2B
STR_FUNC	IPC15P2B
LISBYONE	IPC15P2B
NOPI	IPC15P2B
QTREE7	IPC15P2B
VERMIN	IPC15P2B
LFIRE	IPC15P2B
COPSUM	IPC15P2B
SROUTE	IPC15P2B
CDVA1601	CDVA16
CDVA1602	CDVA16
CDVA1603	CDVA16
CDVA1604	CDVA16
CDVA1605	CDVA16
CDVA1606	CDVA16
CDVA1607	CDVA16
CDVA1608	CDVA16
CDVA1609	CDVA16
CDVA1610	CDVA16
SATA09	IPC15P2A
SATA05	IPC15P2A
SATA06	IPC15P2A
SATA07	IPC15P2A
SATA08	IPC15P2A
SATA04	IPC15P2A
SATA11	IPC15P2A
SATA10	IPC15P2A
SATA03	IPC15P2A
SATA01	IPC15P2A
SATA02	IPC15P2A
PEAKS	LTIME32
EXPALIN	LTIME32
TRIANGCL	LTIME32
TABLECOV	LTIME32
DZ16TREE	DIBZ2016
DBZ16SP	DIBZ2016
DZ16SHOP	DIBZ2016
DZ16HITE	DIBZ2016
DBZ16XOR	DIBZ2016
DZ16MAT	DIBZ2016
DZ16KNAP	DIBZ2016
DZ16SUBA	DIBZ2016
DBZ16XS1	DIBZ2016
DBZ16RS	DIBZ2016
DESTROY	COOK66
PALSTR	COOK66
CFTREE	COOK66
MXSM	COOK66
FRUITS	COOK66
WBUP101	WBY2016
WBUP102	WBY2016
WBUP104	WBY2016
WBUP103	WBY2016
WBUP105	WBY2016
CWAM1501	COWA2016
CWAM1502	COWA2016
CWAM1503	COWA2016
CWAM1505	COWA2016
CWAM1506	COWA2016
ANUSFR	COOK51
ANUARM	COOK51
ANUWTA	COOK51
ANUTDP	COOK51
ANUMLA	COOK51
CDRN03	COON2019
CHEFARRP	COOK65
CHEFQUE	COOK65
CHEFKLCS	COOK65
CHEFTREE	COOK65
CHEFVEC	COOK65
VOWELDP	KQPM2015
AUSASA	AUST2016
AUSAG	AUST2016
AUEC	AUST2016
AUDH	AUST2016
AUTCN	AUST2016
AUPM	AUST2016
AUNX	AUST2016
AUSF	AUST2016
AUASIF	AUST2016
AUHASH	AUST2016
PATHSG	KQPM2015
SUMMATH	KQPM2015
AMR15C	AMR15ROL
AMR15D	AMR15ROL
AMR15E	AMR15ROL
OPC1601	SOPC1602
OPC1602	SOPC1602
OPC1603	SOPC1602
OPC1604	SOPC1602
CB2	COBA2016
CB3	COBA2016
CB1	COBA2016
CB4	COBA2016
KETSWAP	KQPM2016
KETFAST	KQPM2016
RGAME	JAN16
ASTRD	JAN16
DMCS	JAN16
CHMKTRPS	JAN16
DEVPERF	JAN16
CBALLS	JAN16
SEAKAM	JAN16
CYCLRACE	JAN16
CHEFTMA	JAN16
CHINFL	JAN16
COSH1501	COSH2015
COSH1502	COSH2015
COSH1503	COSH2015
COSH1504	COSH2015
COSH1505	COSH2015
SOPC1501	SOPC2015
SOPC1502	SOPC2015
SOPC1503	SOPC2015
SOPC1504	SOPC2015
SOPC1506	SOPC2015
SOPC1505	SOPC2015
CDRN05	COON2019
CDRN01	COON2019
CHN15A	CHN15ROL
CHN15B	CHN15ROL
CHN15C	CHN15ROL
CHN15D	CHN15ROL
CDRN02	COON2019
CDRN04	COON2019
KOL15C	KOL15ROL
KOL15D	KOL15ROL
KOL15E	KOL15ROL
PLANEDIV	DEC15
CHEFST	DEC15
ORACLCS	DEC15
CHEFFILT	DEC15
CHCINEMA	DEC15
SEADIV	DEC15
MGCHPERM	DEC15
WAYPA	DEC15
CHEFGIRL	DEC15
TANKS	DEC15
GGAME	IPC15P1C
MODQ	IPC15P1C
PSEQ	IPC15P1C
WGAME	IPC15P1C
SSWAP	IPC15P1C
DCOL	IPC15P1C
SSWAP2	IPC15P1C
GRECT	IPC15P1C
QMAXTRIX	LTIME30
KCONNECT	LTIME30
BWCELL	LTIME30
TREEPROD	LTIME30
ZGSEQ	IPC15P1B
QPAIRS	IPC15P1B
LVP	IPC15P1B
KTOUR	IPC15P1B
TOLL	IPC15P1B
ZIGZAGTR	IPC15P1B
MUPDO	IPC15P1B
BOBLOCK	IPC15P1B
BSTRLCP	IPC15P1B
BTREEKK	IPC15P1B
SHINAPP	IPC15P1A
GCDMAX1	IPC15P1A
BWTREE	IPC15P1A
AGRAPH	IPC15P1A
PCHIPS	IPC15P1A
CNTPERM	IPC15P1A
GCDTREE	IPC15P1A
SSUM	IPC15P1A
MAXMAGIC	IPC15P1A
MAGICSTR	IPC15P1A
SEALINE	COOK64
SEAARASU	COOK64
SEAPAIR	COOK64
SEATR	COOK64
SEATR2	COOK64
MHALL	COMN2015
DJMATH	COMN2015
ODD86	COMN2015
COMPNUM	COMN2015
TREEPATH	NOV15
RECRECOV	NOV15
KFUNC	NOV15
CHSTAMP	NOV15
SMPLSUM	NOV15
TREEP	NOV15
EGRCAKE	NOV15
CHEFSHOP	NOV15
REBTET	NOV15
SCRABBLE	NOV15
CHAOS	EXTE2015
RKIRON	EXTE2015
PALSUB	EXTE2015
PMARK	EXTE2015
DDPROB	EXTE2015
CM1501	COMS1501
CM1503	COMS1501
CM1504	COMS1501
CM1505	COMS1501
CDRN06	COON2019
CM1401	CDMS2014
CM1402	CDMS2014
CM1403	CDMS2014
CM1404	CDMS2014
AMMEAT	TSTKGP14
AMSTRING	TSTKGP14
LEFEED	TSTKGP14
AMBALLS	TSTKGP14
AMMEAT2	TSTKGP14
LIZARDS	TCFS15S
YA01	AIPC2015
AN01	AIPC2015
PRI01	AIPC2015
SVNTR	LTIME29
EMITL	LTIME29
FSTSQ	LTIME29
STDPRGS	LTIME29
KOKT01	KOKT2015
KOKT02	KOKT2015
KOKT03	KOKT2015
KOKT04	KOKT2015
KOKT05	KOKT2015
KOKT06	KOKT2015
SCORES	NPLTZ15
FINDEX	NPLTZ15
ROTARR	NPLTZ15
MULMAGIC	NPLTZ15
MISNUM	NPLTZ15
BALSEQ	NPLTZ15
SLIS	COOK63
FSFSFS	COOK63
PP	COOK63
STEM	COOK63
ASP	COOK63
QBIT01	QBIT15
QBIT02	QBIT15
QBIT03	QBIT15
QBIT04	QBIT15
QBIT05	QBIT15
QBIT06	QBIT15
QBIT07	QBIT15
NYUMTEA	NUPNMR15
NYUMAT	NUPNMR15
NYUPIZZA	NUPNMR15
NYUSTONE	NUPNMR15
NYUPLOCK	NUPNMR15
NYUGRID	NUPNMR15
NYUFQFLY	NUPNMR15
NYUFARM	NUPNMR15
NYUTITAN	NUPNMR15
PERM	TCFS15S
SUMMAND	TCFS15S
BITWO	TCFS15S
FARET	TCFS15S
CDRN07	COON2019
CDON15C	CDON2015
CDON15D	CDON2015
CDON15A	CDON2015
CDON15B	CDON2015
CDON15F	CDON2015
CDON15E	CDON2015
KETYES	KTBC2015
DELSUM	KTBC2015
ACM14AM1	TSTAM15
ACM14AM2	TSTAM15
ACM14AM3	TSTAM15
ACM14AM4	TSTAM15
ACM14AM5	TSTAM15
CODEXTRY	CDX2015
CODEXLMB	CDX2015
CDXLRG	CDX2015
CDXNPL	CDX2015
CDXOPTM	CDX2015
LINSUB	CFSN2015
SUYBOB	CFSN2015
PUNBAN	CFSN2015
LINNUM	CFSN2015
AMR14A	TSTAMR15
AMR14B	TSTAMR15
AMR14C	TSTAMR15
AMR14D	TSTAMR15
AMR14E	TSTAMR15
AMR14F	TSTAMR15
AMR14G	TSTAMR15
AMR14H	TSTAMR15
AMR14I	TSTAMR15
AMR14J	TSTAMR15
SLX01	SIMPLX15
SLX02	SIMPLX15
SLX03	SIMPLX15
SLX04	SIMPLX15
SLX05	SIMPLX15
SUBINC	OCT15
KSPHERES	OCT15
PERSHFTS	OCT15
MGCHGYM	OCT15
ADTRI	OCT15
JUMP	OCT15
WDTBAM	OCT15
LOTERY	OCT15
EFFDELIV	OCT15
TIMEASR	OCT15
NEXUS01	NEPR2015
NEXUS00	NEPR2015
NEXUS02	NEPR2015
NEXUS03	NEPR2015
CWAR01	CWAR2015
CWAR02	CWAR2015
CWAR03	CWAR2015
CWAR04	CWAR2015
CWAR05	CWAR2015
CWAR06	CWAR2015
CSP1	CDSK2015
CSP3	CDSK2015
CSP4	CDSK2015
CSP5	CDSK2015
LINEAR	KJCC2015
LUCKY	KJCC2015
WINNER	KJCC2015
PIZZA	KJCC2015
ALPHA	KJCC2015
BERMUDA	KJCC2015
COFFEE	LTIME28
MANYLIST	LTIME28
SPALNUM	LTIME28
PATTMATC	LTIME28
SPRNMBRS	COOK62
SUBGRAPH	COOK62
REIGN2	COOK62
FRGTNLNG	COOK62
STACKS	COOK62
IGCDLIFT	IGCD2015
IGCDMILK	IGCD2015
IGCDMAT	IGCD2015
IGCDMNKY	IGCD2015
NU01	NUCD2015
NU02	NUCD2015
NU03	NUCD2015
HOLDIL	CORU2015
SNTYGE	CORU2015
LOVEA	CORU2015
TGOC	CORU2015
TLA	CORU2015
APTT0001	APTT2015
INSQ15_A	INSQ2015
INSQ15_B	INSQ2015
INSQ15_C	INSQ2015
INSQ15_D	INSQ2015
INSQ15_E	INSQ2015
INSQ15_F	INSQ2015
INSQ15_G	INSQ2015
INSQ15_H	INSQ2015
CHCOM	SPIT1503
CHWORK	SPIT1503
CHPLNTS	SPIT1503
CHTKN	SPIT1503
CHOPRT	SPIT1503
CHFANS	SPIT1503
CODECRCK	SEPT15
MGCH3D	SEPT15
DONUTS	SEPT15
MSTEP	SEPT15
REBXOR	SEPT15
CHTTRS	SEPT15
LIGHTHSE	SEPT15
BANROB	SEPT15
THEGAME	SEPT15
TERVEC	SEPT15
CW002	CODEWARS
CW003	CODEWARS
CW004	CODEWARS
CW005	CODEWARS
CW006	CODEWARS
CW007	CODEWARS
CW008	CODEWARS
MNMX	LTIME27
CLOST	LTIME27
MAKPALIN	LTIME27
INVERT	LTIME27
DUALPAL	COOK61
XORNUBER	COOK61
SEQLCS	COOK61
CARDLINE	COOK61
TWOSTR	COOK61
CREDSNET	CCWC2015
CREDSQR	CCWC2015
CREDCHES	CCWC2015
CREDMNY	CCWC2015
CREDFIBO	CCWC2015
CSTRIKE1	COSE2015
CSTRIKE2	COSE2015
CSTRIKE3	COSE2015
CSTRIKE5	COSE2015
CSTRIKE4	COSE2015
CDBSTR03	CDBU2015
CDBSTR04	CDBU2015
CDBSTR05	CDBU2015
CDBSTR06	CDBU2015
CDBSTR02	CDBU2015
CDBSTR07	CDBU2015
LINCAN	COFU2015
LINXOR	COFU2015
LINCOM	COFU2015
LINFRI	COFU2015
LINGRP	COFU2015
PRCNSR2	PROCON15
PRCNSR3	PROCON15
PRCNSR1	PROCON15
PRCNSR4	PROCON15
PRCNSR6	PROCON15
PRCNSR5	PROCON15
DCGAME	AUG15
GRGUY	AUG15
COOKMACH	AUG15
WOUT	AUG15
CHINSM	AUG15
SCLUSTER	AUG15
ADMAG	AUG15
CLOWAY	AUG15
STETSKLX	AUG15
DISTNUM	AUG15
DIRTBYTE	INTO2015
T9BYTE	INTO2015
MINTOXIA	INTO2015
WEEKDAY	INTO2015
FIBCODE	INTO2015
NBSUM	PRCNJR15
PLGRM	PRCNJR15
STKENC	PRCNJR15
WOLVXR	PRCNJR15
AOU	PRCNJR15
CSKR	PRCNJR15
SNCHT2	PRCNJR15
GDOG	LTIME26
PUPPYGM	LTIME26
PUPPYCT	LTIME26
PUPPYGCD	LTIME26
COPS	COOK60
SUMPAIR	COOK60
KNODES	COOK60
SEQTOWER	COOK60
COMB4SUM	COOK60
AMCS01	AMSC2015
AMCS02	AMSC2015
AMCS03	AMSC2015
AMCS04	AMSC2015
AMCS05	AMSC2015
AMCS06	AMSC2015
WWE	DTMA2015
CHEFU	DTMA2015
LNUM	DTMA2015
CHEFHAR	DTMA2015
RSTRING	DTMA2015
NGAME	DTMA2015
MCHEF	JULY15
HAMILG	JULY15
CHCUBE	JULY15
LCKYST	JULY15
ADDMUL	JULY15
EGBOBRD	JULY15
MAXDIFFW	JULY15
ARYGRD	ALKH2019
CERSOL	ALKH2019
WINHERE	ALKH2019
ENETIRE	ALKH2019
MINIMAX2	ALKH2019
MIRTREE	ALKH2019
NTHCIR	JULY15
EASYEX	JULY15
SEAGM2	JULY15
NOWAYS	HOCO2015
MQRY	HOCO2015
CHEFAOR	LTIME25
CHEFAXR	LTIME25
CHEFSTLT	LTIME25
CHEFDTRE	LTIME25
ANDMAT	SD15FLMR
SHUFFLE2	SD15FLMR
WMIS	SD15FLMR
GUARDS	SD15FLMR
RAMSINSP	SD15FLMR
FUZZYADD	SD15FLMR
TENNIS	SD15FLMR
CHEFNKCH	SD15FLMR
BUGATACK	SD15FLMR
TIMETRAV	SD15FLMR
NICENESS	SD15FLMR
NOLOGIC	TSTAMR14
ROWCOLOP	TSTAMR14
CHEFHCK2	TSTAMR14
MINWDSUM	TSTAMR14
HOB2	TSTAMR14
MARKS	TCFS15P
CAMERAS	TCFS15P
SPIDY2	TCFS15P
PUCK	TCFS15P
PALINREV	TCFS15P
CANDIS	TCFS15P
ANKPAREN	COOK59
ANKMARKS	COOK59
ANKGAME	COOK59
ANKNIM2	COOK59
UTMOPR	COOK59
ANKLEX	SD15ELOP
FFUNCT	SD15ELOP
DIVNINE	SD15ELOP
ANKPAL	SD15ELOP
MAXDIST	SD15ELOP
TTENIS	SD15ELOP
TRINT	TCFS15P
LIZARDS2	TCFS15P
FEYNMAN	TCFS15P
STATSHW	TCFS15P
SPIDY	TCFS15P
CAMERAS2	TCFS15P
RIT01	CODE2015
RIT02	CODE2015
RIT03	CODE2015
RIT04	CODE2015
DEVJERRY	SNCK151C
DEVSHOW	SNCK151C
ANKINTER	SNCK151C
ANCOIMP	JUNE15
FRNDMTNG	JUNE15
CBARG	JUNE15
CHSTR	JUNE15
STDYTAB	JUNE15
MOREFB	JUNE15
CHEFBOOK	JUNE15
CHPLGNS	JUNE15
CONPOIN	JUNE15
SEADIVM	JUNE15
DEVUGRAP	LTIME24
NWAYS	LTIME24
MDIST	LTIME24
MAXMATCH	LTIME24
MXZERO	SNCK151B
RNUM	SNCK151B
ISONUM	SNCK151B
DEVBDAY	COOK58
CFRTEST	COOK58
REARRSTR	COOK58
XORGRID	COOK58
MINPOLY	COOK58
CHEFVOTE	SNCK151A
DINING	SNCK151A
HISTJUNK	SNCK151A
PINOCH1	KOAT2015
PINOCH2	KOAT2015
MASTRIAN	KOAT2015
MASNUM	KOAT2015
KDATZERO	KOAT2015
ALTRTREE	KOAT2015
CYCENCR	KOAT2015
TRAXORB	KOAT2015
HOBB	EXCT2015
TORR	EXCT2015
RACEWARS	EXCT2015
LEGO	EXCT2015
LASTRIDE	EXCT2015
DEVHAND	MAY15
SHOPPING	MAY15
CHEFRP	MAY15
SETDIFF	MAY15
CHAPD	MAY15
CBAL	MAY15
GRAPHCNT	MAY15
CHEFCK	MAY15
SEZ	MAY15
DEVSTR	MAY15
CLCO01	CLCO2015
CLCO02	CLCO2015
CLCO03	CLCO2015
CLCO04	CLCO2015
CLCO05	CLCO2015
CLCO06	CLCO2015
CLCO07	CLCO2015
CLCO08	CLCO2015
HCLEAN	LTIME23
TICKETS5	LTIME23
XETF	LTIME23
PALPROB	LTIME23
SMCD5	SMCS2015
SMCD6	SMCS2015
SMCD7	SMCS2015
ZEROES	INLO2015
GRID01	INLO2015
SCHEME01	INLO2015
MOUSCH01	INLO2015
LAZY01	INLO2015
VCS	COOK57
EQUALITY	COOK57
TDRIVER	COOK57
AGENTS	COOK57
LFIVES	COOK57
SPIT1	SPT2015
SPIT2	SPT2015
SPIT3	SPT2015
SPIT04	SPT2015
SPIT05	SPT2015
PERFTIME	COST2015
TWOFRNDS	COST2015
TOFFEES	COST2015
SFRNDS	COST2015
GWBUT	COST2015
VIRAT	DTCT2015
ABSTR	DTCT2015
WSERIES	DTCT2015
SSEQ	DTCT2015
SUPERCUP	DTCT2015
ICQ1	CDQT2015
ICQ2	CDQT2015
ICQ3	CDQT2015
ICQ4	CDQT2015
BITCJ1	BTCJ2015
BITCJ2	BTCJ2015
BITCJ3	BTCJ2015
BITCJ4	BTCJ2015
BITCJ5	BTCJ2015
GOC201	GOCD2015
GOC202	GOCD2015
GOC203	GOCD2015
GOC204	GOCD2015
GOC205	GOCD2015
GOOGOL01	GOOG2015
GOOGOL03	GOOG2015
GOOGOL06	GOOG2015
GOOGOL05	GOOG2015
GOOGOL02	GOOG2015
GOOGOL04	GOOG2015
PSUDO5	PSCD2015
PSUDO1	PSCD2015
PSUDO2	PSCD2015
PSUDO4	PSCD2015
CSEQ	APRIL15
FRMQ	APRIL15
CARLOS	APRIL15
CHEFLCM	APRIL15
BROKPHON	APRIL15
LPARTY	APRIL15
DIVLAND	APRIL15
DEVVOTE	APRIL15
BWGAME	APRIL15
PIANO1	APRIL15
KAN15RTA	KAN14ROS
KAN15RTB	KAN14ROS
KAN15RTC	KAN14ROS
KAN15RTD	KAN14ROS
KAN15RTE	KAN14ROS
KAN15RTF	KAN14ROS
KAN15RTG	KAN14ROS
KAN15RTH	KAN14ROS
KAN15RTK	KAN14ROS
KAN15RTI	KAN14ROS
KAN15RTJ	KAN14ROS
KAN15RTL	KAN14ROS
SNOWPRIM	DMNT2015
BANKPASS	DMNT2015
SNOWLIST	DMNT2015
AUSCRIC	DMNT2015
BIGO01	BIGO2015
BIGO02	BIGO2015
BIGO03	BIGO2015
BIGO04	BIGO2015
BIGO05	BIGO2015
DBYZ15A	DBYZ15
DBYZ15F	DBYZ15
DBYZ15T	DBYZ15
STRMCH	DBYZ15
DBYZ15C	DBYZ15
DBYZ15B	DBYZ15
DBYZ15T2	DBYZ15
ASHIGIFT	LTIME22
PAINTBOX	LTIME22
UNPAIR	LTIME22
CHEFANUP	LTIME22
NCC3	NCC2015
NCC4	NCC2015
NCC6	NCC2015
NCC8	NCC2015
NCC9	NCC2015
PCSC1	PITTCS15
PCSC2	PITTCS15
PCSC3	PITTCS15
PCSC4	PITTCS15
PCSC5	PITTCS15
PCSC6	PITTCS15
PCSC7	PITTCS15
PCSC8	PITTCS15
PCSC9	PITTCS15
PCSC10	PITTCS15
KINT	COOK56
DIVGOLD	COOK56
STRAB	COOK56
STRBIT	COOK56
VISITALL	COOK56
ITM001	GOC2015
ITM002	GOC2015
ITM003	GOC2015
ITM004	GOC2015
COMA01	COMA2015
COMA02	COMA2015
COMA03	COMA2015
COMA04	COMA2015
CHEFBDAY	COMA2015
CDMN04	CDMN2015
CDMN01	CDMN2015
CDMN05	CDMN2015
CDMN02	CDMN2015
CDMN03	CDMN2015
CHEFBWN	CDGO2015
COMBR	CDGO2015
AMAGIC	CDGO2015
RTREE	CDGO2015
FROOT4	CDGO2015
INC1	PRDN2015
INC2	PRDN2015
INC3	PRDN2015
INC4	PRDN2015
INC5	PRDN2015
LUCBULB	ABYN2015
LDIGIT	ABYN2015
LUCXOR	ABYN2015
LUCKYBIT	ABYN2015
IOPC15A	IOPC2015
IOPC15B	IOPC2015
IOPC15C	IOPC2015
IOPC15D	IOPC2015
IOPC15F	IOPC2015
IOPC15G	IOPC2015
IOPC15H	IOPC2015
IOPC15I	IOPC2015
IOPC15J	IOPC2015
IOPC15K	IOPC2015
IOPC15L	IOPC2015
IOPC15M	IOPC2015
IOPC15O	IOPC2015
IOPC15P	IOPC2015
IOPC15Q	IOPC2015
IOPC15R	IOPC2015
IOPC15N	IOPC2015
IOPC15E	IOPC2015
KJCC01	KJCC1501
KJCC02	KJCC1501
KJCC03	KJCC1501
KJCC04	KJCC1501
KJCC05	KJCC1501
KJCC06	KJCC1501
KJCC07	KJCC1501
KJCC08	KJCC1501
PRLIN	CDPH2015
SPOOKY	CDPH2015
SNAKE	CDPH2015
PRIMPAL	CDPH2015
TRIDIM	CDPH2015
FASTFUR	MTHX2015
CHOCS	MTHX2015
PSG01	COTG2015
PSG02	COTG2015
PSG05	COTG2015
PSG03	COTG2015
PSG04	COTG2015
ESYYSE	CDER2015
FACT25	CDER2015
MATHS	CDER2015
DISPLAY	CDER2015
PALIND	CDER2015
HELPND	CDER2015
EXORO	CDER2015
SHORTCUT	CDER2015
REVER	CDER2015
LUCKYR	CDER2015
DEVCLASS	MARCH15
CNOTE	MARCH15
RNG	MARCH15
SIGNWAVE	MARCH15
MTRWY	MARCH15
QCHEF	MARCH15
SEAPROAR	MARCH15
TREECNT2	MARCH15
STRSUB	MARCH15
EMBED	MARCH15
FCTR1	CDHU2015
HOLES2	CDHU2015
PRPAL3	CDHU2015
ATM5	CDHU2015
SORT4	CDHU2015
CCUBE01	CCBE2015
CCUBE02	CCBE2015
CCUBE03	CCBE2015
CCUBE04	CCBE2015
CCUBE05	CCBE2015
CHEFLAPT	HUMP15R
YJUMP	HUMP15R
STICK	HUMP15R
OVERTAKE	HUMP15R
SWAPMATR	HUMP15R
CHEFGARD	HUMP15R
CHEFCYCL	HUMP15R
FBFRW1	FBFRW15
FBFRW2	FBFRW15
FBFRW3	FBFRW15
FBFRW4	FBFRW15
FBFRW5	FBFRW15
ACUGRAY	ACMN2015
ACUPALIN	ACMN2015
ACUSET	ACMN2015
ACULIST	ACMN2015
ACUGRAM	ACMN2015
ACUPARA	ACMN2015
DCL2015A	DCL1501
DCL2015B	DCL1501
DCL2015D	DCL1501
DCL2015E	DCL1501
DCL2015G	DCL1501
DCL2015F	DCL1501
RAGOOD	BRCD2015
TTEACH	BRCD2015
CKTFEV	BRCD2015
SURFRN	BRCD2015
PALHAPPY	BRCD2015
NGTBIT	BRCD2015
BIT1502	BBYB2015
BIT1501	BBYB2015
BIT1504	BBYB2015
BIT1505	BBYB2015
BIT1506	BBYB2015
TIME	CDTR1502
MULTIPLY	CDTR1502
QUERIES	CDTR1502
TOUR	CDTR1502
COCR01	COCR2015
COCR02	COCR2015
COCR03	COCR2015
COCR04	COCR2015
COCR05	COCR2015
COCR06	COCR2015
COCR07	COCR2015
COCR08	COCR2015
COCR09	COCR2015
COCR10	COCR2015
PRYS01	PRYS2015
PRYS03	PRYS2015
PRYS05	PRYS2015
PRYS07	PRYS2015
PRYS11	PRYS2015
PRYS08	PRYS2015
PRYS02	PRYS2015
PRYS04	PRYS2015
PRYS06	PRYS2015
PRYS09	PRYS2015
BTCD1501	BYCD2015
BTCD1502	BYCD2015
BTCD1503	BYCD2015
BTCD1504	BYCD2015
BTCD1505	BYCD2015
BTCD1506	BYCD2015
BTCD1507	BYCD2015
BTCD1508	BYCD2015
BTCD1509	BYCD2015
BTCD1510	BYCD2015
LPATH	CDME2015
DGAME	CDME2015
PRFUN	CDME2015
DRKNGHT	CDME2015
CDSW151	CDSH2015
CDSW152	CDSH2015
CDSW155	CDSH2015
CDSW154	CDSH2015
CDSW153	CDSH2015
MORALE99	INTW2020
MBIDOL	INTW2020
UCL1	INTW2020
NUMWAY	INTW2020
LMS	INTW2020
LOLCHOC	INTW2020
GBPMAX	INTW2020
SSHOES	INTW2020
XORSEQ	GHC32020
MOON	GHC32020
BCK2	GHC32020
CHRIST02	GHC32020
FTALES01	GHC32020
CHRIST01	GHC32020
GIFTSRC	COOK116B
CHCBOX	COOK116B
MAXBTY	COOK116B
RANDCHCL	COOK116B
MYSARA	COOK116B
TRERMB	COOK116B
ESCTRE	COOK116B
RACING	TCFS15P
CUBEMOD	TCFS15P
CW1	CDWR2014
CW2	CDWR2014
CW6	CDWR2014
CW4	CDWR2014
CW3	CDWR2014
COG2002	COG2020
COG2005	COG2020
COG2001	COG2020
COG2003	COG2020
COG2004	COG2020
COG2006	COG2020
COG2007	COG2020
REATLAST	KQKM2020
HRJMP	KQKM2020
DRSTRNGE	COSQ2020
PRGOTHAM	COSQ2020
ONEPIECE	COSQ2020
LARA	COSQ2020
VISIONMS	COSQ2020
DLVORMIR	COSQ2020
CORE2001	CORE2020
CORE2002	CORE2020
CORE2003	CORE2020
CORE2004	CORE2020
CORE2005	CORE2020
CORE2006	CORE2020
CORE2007	CORE2020
ALPR2000	AGPR2020
ALPR2002	AGPR2020
ALPR2005	AGPR2020
ALPR2003	AGPR2020
ALPR2004	AGPR2020
STRNM	CBEN2020
PERMWAR	CBEN2020
RESVATK	CBEN2020
TOARR	CBEN2020
RPTBIN	CBEN2020
ENGXOR	MARCH20B
BREAK	MARCH20B
LAZER	MARCH20B
LAZERTST	MARCH20B
CHEFDAG	MARCH20B
INVXOR	MARCH20B
CHPINTU	MARCH20B
MDSWIN2	MARCH20B
ADANTS	MARCH20B
ADASHOP2	MARCH20B
GOODSEGS	MARCH20B
EGGFREE	MARCH20B
CW5	CDWR2014
CHEFGR	OCT14
CHEFPNT	OCT14
FATCHEF	OCT14
CHEFSQUA	OCT14
QSTRING	OCT14
BTREE	OCT14
SEATSR	OCT14
TRIPS	OCT14
PRPOTION	OCT14
PRLADDU	OCT14
IITK1P01	WPC1401
VERYTALL	UPGD2020
WOWSTRNG	UPGD2020
QUADEQN	UPGD2020
UPGD2001	UPGD2020
UPGD2002	UPGD2020
UPGD2003	UPGD2020
UPGD2004	UPGD2020
UPGD2005	UPGD2020
UPGD2006	UPGD2020
UPGD2007	UPGD2020
UPGD2008	UPGD2020
UPGD2009	UPGD2020
UPGD2010	UPGD2020
SALARSQL	UPGD2020
KQM24A	QM242020
KQM24B	QM242020
ALR20B	ALRA2020
ALR20C	ALRA2020
ALR20D	ALRA2020
ALR20E	ALRA2020
ALR20A	ALRA2020
ALR20F	ALRA2020
PPPR	CACD2020
MODME	CACD2020
CARS	CACD2020
SGE	CACD2020
RRMM	CACD2020
STOCKMAX	CACD2020
AJP	CACD2020
CHFDGT	CACD2020
TCFL20B	TCFL2020
TCFL20C	TCFL2020
TCFL20D	TCFL2020
TCFL20E	TCFL2020
TCFL20A	TCFL2020
TCFL20F	TCFL2020
CORTREE	LTIME81B
PAINTERP	LTIME81B
POPGATES	LTIME81B
SWAPPALI	LTIME81B
NOTALLFL	LTIME81B
MONSTBAT	LTIME81B
IITK1P02	WPC1401
SECRETMI	LTIME81B
IITK1P03	WPC1401
IITK1P04	WPC1401
IITK1P05	WPC1401
IITK1P06	WPC1401
IITK1P07	WPC1401
IITK1P08	WPC1401
IITK1P09	WPC1401
CC003	HECS2020
CC001	HECS2020
CC002	HECS2020
CC005	HECS2020
CC004	HECS2020
CC000	HECS2020
UWCOI20A	UWCOI20
UWCOI20B	UWCOI20
UWCOI20C	UWCOI20
UWCOI20D	UWCOI20
UWCOI20E	UWCOI20
UWCOI20F	UWCOI20
UWCOI20G	UWCOI20
STROCK	CUBE2020
BDRYIIST	CUBE2020
ROBINFW	CUBE2020
SUBTWOPO	CUBE2020
KQM23A	KQM2020
KQM23B	KQM2020
BC20R101	LEED2020
BC20R102	LEED2020
BC20R103	LEED2020
BC20R104	LEED2020
BC20R105	LEED2020
ECFEB201	ENFE2020
ECFEB202	ENFE2020
ECFEB203	ENFE2020
ECFEB204	ENFE2020
ECFEB205	ENFE2020
ECFEB206	ENFE2020
ECFEB207	ENFE2020
NCC005	NCC2020
NCC002	NCC2020
NCC006	NCC2020
NCC004	NCC2020
NCC003	NCC2020
CODE_00	COM12020
CODE_01	COM12020
CODE_02	COM12020
CODE_03	COM12020
CODE_04	COM12020
LUCKYNO	STRT2020
BOXINBOX	STRT2020
RANPRO	STRT2020
TEMPLE	STRT2020
PROFDE	STRT2020
CEMENT	STRT2020
PRIMEBIT	STRT2020
CRWDCN	STRT2020
TMHA01	TMHA2020
MAKEOR	ZING2020
LGST	ZING2020
MSITNT	ZING2020
BEEANCES	ZING2020
SUBMAXA	COOK115B
CHFDIV	COOK115B
CYCLCSUM	COOK115B
XORGM	COOK115B
PEPPERA	COOK115B
PSHOT	COOK115B
SLAB	COOK115B
IITK1P10	WPC1401
IITK1P11	WPC1401
CHEFA	LTIME16
CHEFB	LTIME16
CHEFC	LTIME16
CHEFD	LTIME16
INSM01	INSM2014
QM22A	KQ222020
QM22B	KQ222020
ICM2001	ICM2020
ICM2002	ICM2020
ICM2005	ICM2020
ICM2004	ICM2020
ICM2007	ICM2020
ICM2003	ICM2020
ICM2006	ICM2020
ICM2008	ICM2020
DCC201	DCC2020
DCC202	DCC2020
DCC203	DCC2020
DCC204	DCC2020
DCC205	DCC2020
DCC206	DCC2020
NXS1	REER2020
NXS2	REER2020
NXS3	REER2020
NXS4	REER2020
KAMLIKE	CORS2020
PENEVAL	CORS2020
JOJO	CORS2020
SOCCIR	CORS2020
OWNPC	CORS2020
CDCUR01	COTS2020
CDCUR02	COTS2020
CDCUR03	COTS2020
CDCUR05	COTS2020
DECOXOR	DECO2020
DECOREST	DECO2020
DECOGCD	DECO2020
DECOSUM	DECO2020
DECOSNKE	DECO2020
DECOPAIR	DECO2020
QM21A	QM212020
QM21B	QM212020
MGLISD	ONCO2020
COC	ONCO2020
LDRBRD	ONCO2020
PSWRD	ONCO2020
TRNSN	ONCO2020
BOMB	ONCO2020
DDCP	DOEX2015
CHBILL	DOEX2015
LETRI	DOEX2015
VIVAL	DOEX2015
HELPME	DOEX2015
ACMICL1	ICL2015
ACMICL2	ICL2015
ACMICL3	ICL2015
ACMICL4	ICL2015
ACMICL5	ICL2015
FCUBE	LTIME21
WPROB	LTIME21
HLDOTS	LTIME21
LUCKFOUR	LTIME21
CDMU02	CDMU2015
CDMU04	CDMU2015
CDMU03	CDMU2015
CDMU05	CDMU2015
CDMU06	CDMU2015
CDMU01	CDMU2015
JNTUV1	CDTR2015
JNTUV2	CDTR2015
JNTUV3	CDTR2015
JNTUV4	CDTR2015
ABA15A	ABCS2015
ABA15B	ABCS2015
ABA15C	ABCS2015
ABA15D	ABCS2015
ABA15E	ABCS2015
ABA15F	ABCS2015
ABA15G	ABCS2015
IGNUS15A	IGNU2015
IGNUS15B	IGNU2015
IGNUS15C	IGNU2015
IGNUS15D	IGNU2015
IGNUS15E	IGNU2015
SUBARRAY	COOK55
FOMBRO	COOK55
SPSHORT	COOK55
TRISQ	COOK55
WORLDCUP	COOK55
BI03	BION2015
BI02	BION2015
BI01	BION2015
CRANHYPL	CRNM2015
CRANPAIR	CRNM2015
CRANREVG	CRNM2015
CRANQRYS	CRNM2015
CRNMBDRP	CRNM2015
CWAMR101	CDWR1501
CWAMR102	CDWR1501
CWAMR103	CDWR1501
CWAMR104	CDWR1501
CWAMR105	CDWR1501
CZPR01	CSZLPR15
CZPR02	CSZLPR15
CZPR03	CSZLPR15
CZPR04	CSZLPR15
IDCLOVE	MDSW2015
IDCMSG	MDSW2015
CDTHN	MDSW2015
JOV	MDSW2015
ALNUM	MDSW2015
CHEFCH	FEB15
STFM	FEB15
STRQ	FEB15
RANKLIST	FEB15
CUSTPRIM	FEB15
CHEFGRPH	FEB15
CHEFEQ	FEB15
XRMTRX	FEB15
DEVLOCK	FEB15
CHPUZZLE	FEB15
CSIXIERL	CODC2015
CSIXIEAN	CODC2015
CSIXIEVR	CODC2015
CSIXIEPA	CODC2015
CDVA1501	CDVA2015
CDVA1502	CDVA2015
CDVA1503	CDVA2015
CDVA1504	CDVA2015
CDVA1505	CDVA2015
CDVA1507	CDVA2015
CDVA1508	CDVA2015
CDVS1506	CDVA2015
CDVA1509	CDVA2015
CDVA1510	CDVA2015
CPAL	CDCRF15R
TSORTA	CDCRF15R
COPERM	CDCRF15R
CSUBARR	CDCRF15R
CWAYS	CDCRF15R
DSET	CDCRF15R
LOLOL	CDCRF15R
PNUM	CDCRF15R
QUTREE	CDCRF15R
SMAUG	CDCRF15R
THIEF	CDCRF15R
CDBSTR1	CDBR2015
CDBSTR2	CDBR2015
CDBSTR3	CDBR2015
CDBSTR4	CDBR2015
CDBSTR5	CDBR2015
CDBSTR6	CDBR2015
CDBSTR7	CDBR2015
XC201	XCPT2015
XC103	XCPT2015
XC204	XCPT2015
XC202	XCPT2015
XC203	XCPT2015
CDCR15_3	CDCR2015
CDCR15_4	CDCR2015
CDCR15_5	CDCR2015
CDCR15_1	CDCR2015
CDCR15_2	CDCR2015
SWAPS	CDSU2015
MHTPAIR	CDSU2015
PRDIV	CDSU2015
MHTCLASS	CDSU2015
MHTBAG	CDSU2015
VOGOZO	INPR1503
TWINRO	INPR1503
REACAR	INPR1502
GLBEGA	INPR1502
CD1IT1	DCOD2015
CD1IT2	DCOD2015
CD1IT4	DCOD2015
CD1IT5	DCOD2015
CD1IT3	DCOD2015
CULPRO	INPR1501
DOMSOL	INPR1501
ALMA01	ALMA2015
ALMA02	ALMA2015
ALMA03	ALMA2015
ALMA04	ALMA2015
ALMA05	ALMA2015
IWIN	PSYC2015
PRAC	PSYC2015
REPUB	PSYC2015
SWEET	PSYC2015
CHOC	PSYC2015
RECCKT	RCSN2015
RECMSG	RCSN2015
RECPLA	RCSN2015
RECREP	RCSN2015
RECBOX	RCSN2015
LCH15JAB	LTIME20
LCH15CD	LTIME20
LCH15JEF	LTIME20
LCH15JGH	LTIME20
K15A	KRKS2015
K15B	KRKS2015
K15C	KRKS2015
K15D	KRKS2015
K15E	KRKS2015
K15F	KRKS2015
K15G	KRKS2015
K15H	KRKS2015
K15I	KRKS2015
K15J	KRKS2015
K15K	KRKS2015
FCTDIG	GRCO2015
NUMMAX3	GRCO2015
MAJNUM	GRCO2015
SUBMAT	GRCO2015
EQUINUM	GRCO2015
NXTBIG	GRCO2015
SUBSORT	GRCO2015
IITK2P01	WPC1501
IITK2P02	WPC1501
IITK2P03	WPC1501
IITK2P04	WPC1501
IITK2P05	WPC1501
IITK2P06	WPC1501
IITK2P07	WPC1501
IITK2P08	WPC1501
IITK2P09	WPC1501
IITK2P10	WPC1501
ANURRZ	COOK54
ANUBTG	COOK54
ANUTHM	COOK54
ANUAAA	COOK54
ANUAHR	COOK54
PRVG151	PRVG2015
PRVG152	PRVG2015
PRVG153	PRVG2015
PRVG154	PRVG2015
PRVG155	PRVG2015
CDXM2	EQBR2014
CDXM4	EQBR2014
CDXM3	EQBR2014
CDXM1	EQBR2014
CN01	CONI2015
CN02	CONI2015
CN03	CONI2015
CN04	CONI2015
CN05	CONI2015
INSM02	INSM2014
INSM03	INSM2014
INSM04	INSM2014
INSM05	INSM2014
INSM06	INSM2014
CCCS2	CDST2014
CCCS3	CDST2014
CCCS4	CDST2014
CCCS1	CDST2014
SUBGCD	COOK50
FIBGCD	DINP1501
CHEFROAD	DINP1501
CHEFMOON	DINP1501
CHEFARR	DINP1501
CHEFHILL	DINP1501
CHEFPOW	DINP1501
ARHN01	ARHN1502
ARHN04	ARHN1502
ARHN06	ARHN1502
ARHN07	ARHN1502
ARHN08	ARHN1502
ARHN09	ARHN1502
ARHN10	ARHN1502
SEAVOTE	JAN15
SEALCM	JAN15
SEAND2	JAN15
RANKA	JAN15
QSET	JAN15
ONEKING	JAN15
CHEFSTON	JAN15
CLPERM	JAN15
XRQRS	JAN15
GCDQ	JAN15
TADELIVE	LTIME19
TASUMOBC	LTIME19
TAQTREE	LTIME19
TASTRMAT	LTIME19
KGP14A	KGP14ROS
KGP14B	KGP14ROS
KGP14C	KGP14ROS
KGP14D	KGP14ROS
KGP14E	KGP14ROS
KGP14F	KGP14ROS
KGP14G	KGP14ROS
KGP14H	KGP14ROS
KGP14I	KGP14ROS
KGP14J	KGP14ROS
RRSERVER	COOK53
RRMTRX2	COOK53
RRJAM	COOK53
RRJOKE	COOK53
RRPLAYER	COOK53
QUCOITA	QUCO2014
QUCOBIC	QUCO2014
QUCOATO	QUCO2014
QUCOCYL	QUCO2014
QUCOLCM	QUCO2014
XC102	XCEP2014
XC104	XCEP2014
XC105	XCEP2014
XC106	XCEP2014
XC107	XCEP2014
CAPPLE	DEC14
XORSUB	DEC14
SANSKAR	DEC14
CHEFBR	DEC14
SEAGCD	DEC14
DIVIDEN	DEC14
RIN	DEC14
KALKI	DEC14
CHEFPRES	DEC14
GOODGAL	DEC14
PUZZLES	ICPC14PR
PREPARE	ICPC14PR
COMMUTE	ICPC14PR
PAIRING	ICPC14PR
SEEDS	ICPC14PR
EXPCOMM	ICPC14PR
MONTRANS	ICPC14PR
PALIPALI	ICPC14PR
SNAKY	ICPC14PR
GROUPING	ICPC14PR
NDLVOTE	ICPC14PR
DRAGNXOR	ICPC14PR
ROTSTRNG	ICPC14PR
KCHIPS	ICPC14PR
TKCHOCS	ICPC14PR
LASTDIG	ICPC14PR
DIGROT	ICPC14PR
TARPRACT	ICPC14PR
YASEQ	ICPC14PR
HOTEL	ICPC14PR
COLLIDE	ICPC14PR
KSUBSUM	ICPC14PR
FALLDOWN	ICPC14PR
FLOORSMV	ICPC14PR
TAKEAWAY	ICPC14PR
CIELNUM1	ICPC14PR
CIELNUM2	ICPC14PR
CIELGAME	ICPC14PR
CIELWEB	ICPC14PR
CIELLAND	ICPC14PR
PTOSS	ICPC14PR
PPERM	ICPC14PR
RRECIPE	ICPC14PR
CARVANS	ICPC14PR
COALSCAM	ICPC14PR
ATKCTR	ICPC14PR
CBLOCKS	ICPC14PR
DQPERMS	ICPC14PR
BALL	ICPC14PR
FSSYNC	ICPC14PR
LIGHTS	ICPC14PR
MSTRINGS	ICPC14PR
MINMAX	ICPC14PR
PSTRINGS	ICPC14PR
RNEST	ICPC14PR
FINDHOLE	ICPC14PR
SNAPE	ICPC14PR
TAVISUAL	ICPC14PR
TAPALIN	ICPC14PR
TABUS	ICPC14PR
TASTR	ICPC14PR
TABISHOP	ICPC14PR
LOGO	ICPC14PR
BICO	ICPC14PR
TCP	ICPC14PR
DFSGRID	ICPC14PR
GRIDCOL	ICPC14PR
RIGHTRI	ICPC14PR
DIVQUERY	ICPC14PR
STRDIG	ICPC14PR
GERALD3	ICPC14PR
GERALD03	ICPC14PR
KAN13A	ICPC14PR
KAN13B	ICPC14PR
KAN13C	ICPC14PR
KAN13D	ICPC14PR
KAN13E	ICPC14PR
KAN13F	ICPC14PR
KAN13G	ICPC14PR
KAN13H	ICPC14PR
KAN13I	ICPC14PR
GERALD04	ICPC14PR
GERALD05	ICPC14PR
GERALD06	ICPC14PR
DIVGAME	ICPC14PR
ABCSTR	ICPC14PR
MINXOR	ICPC14PR
PALIN3	ICPC14PR
DIREL	ICPC14PR
DIVIDING	ICPC14PR
ANUSAR	ICPC14PR
ANUBGC	ICPC14PR
ANUDTC	ICPC14PR
ANUUND	ICPC14PR
ANUBTT	ICPC14PR
WTHINGS	ICPC14PR
FLAGS	ICPC14PR
KNPSK	ICPC14PR
PNTNG	ICPC14PR
IDOLS	ICPC14PR
AMRIT13A	ICPC14PR
AMRIT13B	ICPC14PR
AMRIT13C	ICPC14PR
AMRIT13D	ICPC14PR
AMRIT13E	ICPC14PR
AMRIT13F	ICPC14PR
ACM14KP1	KG14ROL2
ACM14KP2	KG14ROL2
ACM14KP3	KG14ROL2
ACM14KP4	KG14ROL2
ACM14KP5	KG14ROL2
WSC	LTIME18
WSCAGAIN	LTIME18
DIVIDE	LTIME18
GRIDCONN	LTIME18
ACM14KG1	KGP14ROL
ACM14KG2	KGP14ROL
ACM14KG3	KGP14ROL
ACM14KG4	KGP14ROL
ACM14KG5	KGP14ROL
CDTR01	CDTR2014
CDTR02	CDTR2014
CDTR04	CDTR2014
CDTR05	CDTR2014
CDTR06	CDTR2014
ACM14KN1	KAN14ROL
ACM14KN2	KAN14ROL
ACM14KN3	KAN14ROL
ACM14KN4	KAN14ROL
BRACKETS	COOK52
PETERSEN	COOK52
LSTGRPH	COOK52
MOSTDIST	COOK52
COVERING	COOK52
TOMJER	MTRX2014
JERRYRUN	MTRX2014
STIKGAME	MTRX2014
JERYFIBO	MTRX2014
APPUZZLE	MTRX2014
FLITKT	MTRX2014
DATE	MTRX2014
CHFBOOKS	CDSM2014
CHFFIELD	CDSM2014
CHEFTR	CDSM2014
PPOW	CDSM2014
CHFMAX	CDSM2014
PND	CDAV2014
THUNT	CDAV2014
POWER	CDAV2014
TRAP	CDAV2014
JIGGLY	CDAV2014
CCH	CDAV2014
LCK	CDAV2014
CHEFSEG	NOV14
CHEFWORD	NOV14
DISCHAR	NOV14
POWERMUL	NOV14
RBTREE	NOV14
SEAPERM2	NOV14
SEAORD	NOV14
PRPALN	NOV14
FNCS	NOV14
SPELL	NOV14
DCQ1401	COQU2014
DCQ1402	COQU2014
DCQ1403	COQU2014
DCQ1404	COQU2014
DCQ1405	COQU2014
RADRAM	CDZP2014
AMM45	CDZP2014
BKW	CDZP2014
PRST	CDZP2014
CAN1	CDZP2014
SUBLCM	COOK50
GRID	COOK50
WW2	COOK50
UPDTREE	COOK50
ATTIC	TSTKAN14
ALETHIO	TSTKAN14
TYTACTIC	TSTKAN14
TRANSFIG	TSTKAN14
INVITES	TSTKAN14
ROTATION	SEPT14
UASEQ	SEPT14
QRECT	SEPT14
FIBTREE	SEPT14
SEABUB	SEPT14
RAINBOWB	SEPT14
CHEFLR	SEPT14
FLOORI4	SEPT14
CHEFINV	SEPT14
FACTORIZ	SEPT14
CREDEXAM	CLASH14
CREDROPE	CLASH14
CREDLEAD	CLASH14
CREDMAEX	CLASH14
CREDCHOC	CLASH14
CREDDIST	CLASH14
CREDPLWD	CLASH14
CREDCLRS	CLASH14
CREDNCSM	CLASH14
CREDVOLC	CLASH14
HHAL	LTIME15
WALL	LTIME15
IRONISL	LTIME15
DRAGONST	LTIME15
TREEGAME	COOK49
PERMSUFF	COOK49
TREERGB	COOK49
SHOOTING	COOK49
CNTDIGIT	COOK49
PLTGRP	PRCNSR14
GAME2048	PRCNSR14
HLPSUG	PRCNSR14
HPYBDAY	PRCNSR14
HTLPLM	PRCNSR14
CRAWA	AUG14
SEASHUF	AUG14
REVERSE	AUG14
PUSHFLOW	AUG14
CLETAB	AUG14
MOU2H	AUG14
TSHIRTS	AUG14
SIGFIB	AUG14
EQUAKE	AUG14
PRGIFT	AUG14
TAAND	LTIME14
TASHIFT	LTIME14
TALCA	LTIME14
TAEDITOR	LTIME14
RRCOPY	COOK48
RRDAG	COOK48
RRTREE2	COOK48
RRSUM	COOK48
RRFRNDS	COOK48
CSUB	JULY14
DISHOWN	JULY14
GNUM	JULY14
LUCKG	JULY14
SGARDEN	JULY14
RETPO	JULY14
FROGV	JULY14
GERALD09	JULY14
LEPAINT	JULY14
SEAEQ	JULY14
WATER	UCOD2020
BOARDS	UCOD2020
DSEXAM	UCOD2020
SERVING	UCOD2020
ODDARRAY	UCOD2020
SNUG_FIT	FEB20B
NOCHANGE	FEB20B
BALNET	FEB20B
CHEFRAIL	FEB20B
EXPCH	FEB20B
CHGORAM2	FEB20B
THEATRE	FEB20B
RAISINS	FEB20B
CASH	FEB20B
LONGCOOK	FEB20B
POLCHAIN	FEB20B
PROMLIV	ALKH2019
DANOW	ALKH2019
THCOM	ALKH2019
SATY0000	ALKH2019
CTST	CDUT2019
OMNA	CDUT2019
DIVGM	CDUT2019
WWCD	CDUT2019
MILC	CDUT2019
DELV	CDUT2019
XORMIN	APRIL19A
BEGEVY	FOLG2020
BRUET	FOLG2020
CLSRE	FOLG2020
ELNIR	FOLG2020
FEARNG	FOLG2020
TINBIT	FOLG2020
GMPLAY	FOLG2020
PRLM1	BLIT2020
PRLM2	BLIT2020
WW3	BLIT2020
ESY2	BLIT2020
DICT	BLIT2020
CRRPOS	BLIT2020
ONELAND	HK362020
FPAIRS	HK362020
MULSTR	HK362020
PLEAS	HK362020
CANYOU	HK362020
HLPMIL	HK362020
NOTSO	HK362020
TREETR	HK362020
QM20A	QM202020
QM20B	QM202020
CHOCOPI	COFW2020
MANTREE	COFW2020
DIMON	COFW2020
MXVAL	COFW2020
KOJS	COFW2020
GIVENGET	COFW2020
LEXANALZ	COFW2020
FFC320D	FFC32020
FFC320A	FFC32020
FFC320E	FFC32020
FFC320B	FFC32020
FFC320C	FFC32020
FFC320G	FFC32020
HCODE01	HOCO2020
HCODE02	HOCO2020
HCODE03	HOCO2020
HCODE04	HOCO2020
HCODE05	HOCO2020
HCODE06	HOCO2020
CJQK01	CJQK2020
CJQK02	CJQK2020
CJQK03	CJQK2020
CJQK04	CJQK2020
CJQK05	CJQK2020
ABSEQ	COMA2020
PRDSUM	COMA2020
SERIES	COMA2020
WORK	COMA2020
BPAIRS	COMA2020
QUERYT	COMA2020
CUPID	COMA2020
KQM19A	QM192020
KQM19B	QM192020
ECJAN20G	ENJA2020
ECJAN20A	ENJA2020
ECJAN20B	ENJA2020
ECJAN20C	ENJA2020
ECJAN20D	ENJA2020
ECJAN20E	ENJA2020
ECJAN20F	ENJA2020
ECJAN20H	ENJA2020
ECJAN20I	ENJA2020
CBCP20P1	CBCP2020
CPCP20P2	CBCP2020
CBCP20P3	CBCP2020
CCDSAP	LTIME80B
STFOOD	LTIME80B
CARR	LTIME80B
MINMAXIN	LTIME80B
BFRIEND	LTIME80B
POPTUNNL	LTIME80B
PAPER	LTIME80B
KLPM	APRIL19A
CHEFOFR	APRIL19A
SUBREM	APRIL19A
SJ1	APRIL19A
STRCH	APRIL19A
FENCE	APRIL19A
MAXREM	APRIL19A
JGEC	AABH2020
CRICBZ	AABH2020
ODTPIC	AABH2020
XYBACT	AABH2020
STRTLN	AABH2020
TWKNGS	AABH2020
XORSGT	AABH2020
SDCOR1	SDCO2020
SDCOR2	SDCO2020
SDCOR3	SDCO2020
SDCOR4	SDCO2020
SDCOR5	SDCO2020
SDCOR6	SDCO2020
SDCOR7	SDCO2020
SCGOR1	SCGO2020
SCGOR2	SCGO2020
SCGOR3	SCGO2020
SCGOR4	SCGO2020
SCGOR5	SCGO2020
PRT	COOK114B
PLIND	COOK114B
EXAMCHT	COOK114B
CHFCHK	COOK114B
CNTIT	COOK114B
RGAND	COOK114B
CFINASUM	COOK114B
EDGY	APRIL19A
RECTARAN	APRIL19A
SONIQUE	APRIL19A
PARTCNT	ICOP1806
ANURAJ	ICOP1806
MINMAX2	ICOP1806
MINMAX3	ICOP1806
TM19A	KQM12020
TM19B	KQM12020
SRCOR1	SRCO2020
SRCOR2	SRCO2020
SRCOR3	SRCO2020
SRCOR4	SRCO2020
SRCOR5	SRCO2020
COWA19A	COWR2020
COWA19B	COWR2020
COWA19C	COWR2020
COWA19E	COWR2020
COWA19F	COWR2020
LZYG	COSS2020
MATP	COSS2020
SNAR	COSS2020
ACMP	COSS2020
AYPA	COSS2020
SAMN	COSS2020
MINIKILL	PLIT2020
GRUMARS	PLIT2020
GRUBAN	PLIT2020
BANSTR	PLIT2020
CUPACO	PLIT2020
MINIAND	PLIT2020
GRUSORT	PLIT2020
VILLINE	PLIT2020
SOPC001	SAPC2019
SOPC006	SAPC2019
SOPC008	SAPC2019
SOPC010	SAPC2019
SOPC012	SAPC2019
SOPC019	SAPC2019
SOPC016	SAPC2019
SOPC013	SAPC2019
CDUTSV01	HEST2020
CDUTSV02	HEST2020
CDUTSV03	HEST2020
CDUTSV04	HEST2020
CDUTSV05	HEST2020
GCDFUN	PLIN2020
SPACEWLK	PLIN2020
SRCHENGN	PLIN2020
UKP1	PLIN2020
SPCEXM	PLIN2020
SPCWAR	PLIN2020
BALASEQ	PLIN2020
DSTROY	PLIN2020
CNTSET	PLIN2020
TRIPPY	PLIN2020
OTSERC	PLIN2020
PJCYP	PLIN2020
ARRQRY	KA19MOS
BEAUAR	KA19MOS
GVAWAY	KA19MOS
LNDNCK	KA19MOS
WGTNKLC	KA19MOS
PRMPRT	KA19MOS
FCIPL	KA19MOS
MINDIST	KA19MOS
WALK4	KA19MOS
KPRB	KA19MOS
MAGC	NITC2020
MTLS	NITC2020
FIXT	NITC2020
MITLOV	NITC2020
TATU	NITC2020
CHUNO	NITC2020
MADOMA	NITC2020
ISBIAS	JAN20B
CHFDORA	JAN20B
DYNAMO	JAN20B
CHEFPSA	JAN20B
DFMTRX	JAN20B
OWCAFILE	JAN20B
ARMYOFME	JAN20B
BRKBKS	JAN20B
ANTHILL	JAN20B
CHEFARMY	JAN20B
ENGLISH	JAN20B
BOWLERS	COOK122B
BULBS	COOK122B
MININS	COOK122B
MVAL	COOK122B
JTSARTR	COOK122B
BRBAL	COOK122B
GPHLBL	COOK122B
ABX01	LTIME55
NW1	LTIME55
ABX02	LTIME55
ABX03	LTIME55
BLKWID	BITF2017
AVGRTRP	BITF2017
CFS2001	CFUS2020
CFS2002	CFUS2020
CFS2003	CFUS2020
CFS2004	CFUS2020
CFS2005	CFUS2020
CFS2006	CFUS2020
CFS2007	CFUS2020
SC_01	SCAT2020
SC_02	SCAT2020
SC_03	SCAT2020
DIG11	FOYO2019
SC_04	SCAT2020
SC_05	SCAT2020
EVOTECH4	EVOT2020
SSEC0004	SSCC2020
SSEC0005	SSCC2020
SSEC0006	SSCC2020
SSEC0010	SSCC2020
SSEC0020	SSCC2020
SSEC0015	SSCC2020
IRVS	CSEP2020
JOJOA	CSEP2020
TOBY	CSEP2020
NIRURAM2	CSEP2020
GORIV	CSEP2020
GKSMNLC	COFY2020
GKSMNHM	COFY2020
GKSMNIP	COFY2020
GKSMNRTD	COFY2020
GKSMNRSK	COFY2020
GKSMNIVC	COFY2020
PASSHACK	ABCC2020
GFPOOL	ABCC2020
MATHCHEF	ABCC2020
POINT	ABCC2020
STRING	ABCC2020
NCR19	FOYO2019
IMI55	FOYO2019
EIG8	FOYO2019
KGO15	FOYO2019
PRF8	FOYO2019
MAR14	FOYO2019
BTC55	FOYO2019
TWOGREAT	FOYO2019
PUZZ15	FOYO2019
LULD	FOYO2019
POGOSTCK	LTIME70B
TSTROBOT	LTIME70B
ECAUG201	ENAU2020
ECAUG202	ENAU2020
ECAUG203	ENAU2020
ECAUG204	ENAU2020
ECAUG205	ENAU2020
ECAUG206	ENAU2020
ECAUG207	ENAU2020
ECAUG208	ENAU2020
ECAUG209	ENAU2020
CMX1P01	COMX2020
CMX1P03	COMX2020
CMX1P05	COMX2020
CMX1P02	COMX2020
CMX1P04	COMX2020
TREF	LTIME70B
SEVENSEG	LTIME70B
TRVLCHEF	LTIME70B
PERMPART	LTIME70B
GCDS	LTIME70B
ANAVIL	BITF2017
WONWOM	BITF2017
SUPGLRES	BITF2017
SERIESTO	CEFT2020
INTER	CEFT2020
MAKEHAPP	CEFT2020
QFUN	CEFT2020
BUNKGUY	CEFT2020
GRIG	COVO2020
COV2TREE	COVO2020
SARRAY	COVO2020
SIMPUL	COVO2020
BINARR	COVO2020
CHEF1001	BING2020
CHEF1002	BING2020
CHEF1003	BING2020
CHEF1004	BING2020
CHEF1005	BING2020
CHEFJUMP	PAHC2020
HALFBDAY	PAHC2020
BINCOIN	PAHC2020
ARMYHELP	PAHC2020
ROTPTS	COOK89
ISOARRAY	COOK89
MINSUBAR	COOK89
BTAR	COOK89
HTST8	ENMA2019
NUTMONEY	ENMA2019
NUTLOOP	ENMA2019
CENS20D	CENS2020
CENS20G	CENS2020
CENS20A	CENS2020
CENS20E	CENS2020
CENS20F	CENS2020
CENS20C	CENS2020
CENS20B	CENS2020
MINMXSTR	DEM2020
BEACIRC	DEM2020
HELPHAND	DEM2020
TOWIN	DEM2020
SPPSTR	DEM2020
MLINE	CHIL2020
BININSC	CHIL2020
TOPCHEF	CHIL2020
INVUSTP	CHIL2020
CHLOVE	CHIL2020
WANNABET	CHIL2020
WSQUER	CHIL2020
BREAKUP	CHIL2020
LINCHESS	AUG20B
CHEFWARS	AUG20B
CRDGAME3	AUG20B
CHEFWED	AUG20B
SKMP	AUG20B
ACCBIP	AUG20B
SUBSFREQ	AUG20B
RGY	AUG20B
PSTONES	AUG20B
ANTS	AUG20B
CHEFCOMP	AUG20B
AVH03	ENMA2019
AVH04	ENMA2019
AVH05	ENMA2019
CHGM	ENMA2019
CHFOP	ENMA2019
CHFQ	ENMA2019
SCET03	TECA2019
SCET01	TECA2019
SCET02	TECA2019
ADCHEF	TECA2019
ICL1903	ICL2019
IEMCO01	IEM82020
IEMCO02	IEM82020
IEMCO03	IEM82020
BHPORSRP	COMT2020
EQUALNUM	COMT2020
HELPTECH	COMT2020
ROOTSQR	COMT2020
RACETIME	COMT2020
CHEFSTEP	LTIME86B
CHECHOC	LTIME86B
BINFUN	LTIME86B
PRT2	LTIME86B
GOLOMB	LTIME86B
POFP	LTIME86B
COPAIR	LTIME86B
ICL1901	ICL2019
ICL1905	ICL2019
ICL1904	ICL2019
ICL1906	ICL2019
ICL1902	ICL2019
CATSRATS	COOK104B
NBONACCI	COOK104B
CKOJ20A	COJK2020
CKOJ20B	COJK2020
CKOJ20C	COJK2020
CKOJ20D	COJK2020
CKOJ20E	COJK2020
BOJACK	COOK120B
EVENTUAL	COOK120B
ORTHODOX	COOK120B
PATHETIC	COOK120B
TOTEM	COOK120B
XORCIST	COOK120B
EXTREME	COOK120B
CHEFMOD	COOK120B
UCL	COOK104B
TFB2DW	COOK104B
MARCAPS	COOK104B
CNVX4HUL	COOK104B
SONGSHOP	COOK104B
FBMT	COOK89
OPC1701	SOPC2017
OPC1702	SOPC2017
OPC1703	SOPC2017
CHEFCAKE	QFUN2020
CRCLJUMP	QFUN2020
SCTFIGHT	QFUN2020
CHEMFACT	QFUN2020
MAGICMED	QFUN2020
DGTMAGIC	QFUN2020
MCURIOUS	MCOD2020
MCUBES	MCOD2020
MGOLD	MCOD2020
MLECTURE	MCOD2020
MBARS	MCOD2020
BSPDP1	BGS12020
BSPDP0	BGS12020
BSPSTR	BGS12020
BSP1	BGS12020
BSPDP3	BGS12020
BSPDP2	BGS12020
CHEFSTR1	JULY20B
CRDGAME	JULY20B
ADAKING	JULY20B
PTMSSNG	JULY20B
CHFNSWPS	JULY20B
DRCHEF	JULY20B
LCMCONST	JULY20B
DRGNDEN	JULY20B
GEOXD	JULY20B
EXPREP	JULY20B
WEIRDMUL	JULY20B
EXPTREES	JULY20B
DYNHUL	JULY20B
OPC1704	SOPC2017
PRGCUP01	PROC2017
PRGCUP03	PROC2017
PRWR1907	PWCR2019
PRWR1904	PWCR2019
PRWR1902	PWCR2019
PRWR1906	PWCR2019
PRWR1903	PWCR2019
PRWR1905	PWCR2019
VWL	BION2019
MATPH	BION2019
WHRL	BION2019
SPAR3	BION2019
ECJN201	ENJU2020
ECJN202	ENJU2020
ECJN203	ENJU2020
ECJN204	ENJU2020
ECJN205	ENJU2020
ECJN206	ENJU2020
ECJN207	ENJU2020
ECJN208	ENJU2020
ECJN209	ENJU2020
CHFMOT18	LTIME85B
INCRDEC	LTIME85B
GOLMINE	LTIME85B
MAXAND18	LTIME85B
SQRSUBMA	LTIME85B
RESTCH	LTIME85B
COWSHEDS	LTIME85B
SPAR2	BION2019
SHOOTIT	CORU2019
ROBRESC	CORU2019
CONVOLVE	CORU2019
BITREE	CORU2019
CHEF10Y	CORU2019
TCF2019B	TCM2019
RIPUGEMS	COH12020
RAWATDS0	COH12020
XORGRAPH	COH12020
BIT3B	BIT32020
BIT3E	BIT32020
BIT3C	BIT32020
BIT3D	BIT32020
BIT3F	BIT32020
HOTNCOLD	COCA2020
COCA2001	COCA2020
TWOARM	COCA2020
COCA2003	COCA2020
PRTWHY	COCA2020
COCA2006	COCA2020
DCANDY	LICO2020
SEGTREES	LICO2020
ISHGAME	LICO2020
OMYGAME	LICO2020
ISHGRAPH	LICO2020
PATTERNG	LICO2020
TCF2019D	TCM2019
TCF2019C	TCM2019
TCF2019A	TCM2019
TCF2019E	TCM2019
MUJ	CPN12019
BINSRT	CPN12019
ANACNT	CPN12019
COCR101	CROS2020
COCR102	CROS2020
COCR103	CROS2020
COCR104	CROS2020
COCR105	CROS2020
COCR106	CROS2020
COCR107	CROS2020
COCR108	CROS2020
SUBALGO	COTH2020
MINCARDS	COTH2020
STKGAME	COTH2020
UNIQSTR	COTH2020
ONEVALUE	COTH2020
OPTTRVL	COTH2020
JUN1	COFJ2020
JUN2	COFJ2020
JUN3	COFJ2020
JUN4	COFJ2020
BTENG	CMYC2020
TRPTTONY	CMYC2020
YOUCAN	CMYC2020
PENCRYPT	CMYC2020
CXORJ	CMYC2020
PRICECON	JUNE20B
XYSTR	JUNE20B
CHFICRM	JUNE20B
EVENM	JUNE20B
EOEO	JUNE20B
TTUPLE	JUNE20B
CONTAIN	JUNE20B
GUESSG	JUNE20B
CONVAIR	JUNE20B
DIFVAL	JUNE20B
PPARTS	JUNE20B
COVDSMPL	JUNE20B
CMD	CPN12019
SLDDEV	CPN12019
TRIMETER	CPN12019
UEM1901	UEMCO19
UEM1902	UEMCO19
UEM1904	UEMCO19
UEM1905	UEMCO19
UEM1906	UEMCO19
UEMC07	UEMCO19
CONPRI01	BCR12019
CONV02	BCR12019
PANDIG03	BCR12019
NOSEM	COPT2020
GRDAY1	COPT2020
ANTHUNT	COPT2020
FORCOWS	COPT2020
AUREOLE	COPT2020
MORECAKE	PCO12020
PUNISH	PCO12020
LOTR1	PCO12020
LVPOL	PCO12020
POWK	PCO12020
HELCARP	PCO12020
MANSQ	PCO12020
MATE	PCO12020
BRACK04	BCR12019
POLY05	BCR12019
MINOP06	BCR12019
LEVI07	BCR12019
MAT08	BCR12019
DAT09	BCR12019
NUMTH10	BCR12019
QM25P5A	KM252020
KM25P5B	KM252020
KM25P5C	KM252020
CHEFRECP	COOK118B
CHFIMPRS	COOK118B
CROADS	COOK118B
CHEFSHIP	COOK118B
CHEFSQUD	COOK118B
CHEFTRIP	COOK118B
CURSQURS	COOK118B
ICM05	ICMT2019
ICM06	ICMT2019
ICM01	ICMT2019
ICM07	ICMT2019
ICM08	ICMT2019
ICM09	ICMT2019
SMALLSQR	POLP2019
ARYROT	LDT42020
DRONEDEL	LDT42020
NAMEVAL	LDT42020
PARNTHSS	LDT42020
WALKREC	LDT42020
SMVOL	HALO2020
MINIST	HALO2020
HAPSET	HALO2020
SIMNUM	HALO2020
INDMOV	HALO2020
LOGIC	HALO2020
BUGC001	BUGC2020
BUGC002	BUGC2020
BUGC003	BUGC2020
BUGC004	BUGC2020
NBOTS	MAY20B
COVID19	MAY20B
CHANDF	MAY20B
TWOSTRS	MAY20B
BINLAND	MAY20B
SORTVS	MAY20B
NRWP	MAY20B
TRPLSRT	MAY20B
PRECPAIR	MAY20B
RNBWROAD	MAY20B
CORUS	MAY20B
BIPPAIR	MAY20B
SUBNUMS	POLP2019
EXPVAL	POLP2019
GAMETREE	POLP2019
MITSCP5	POLP2019
SUMSUM	POLP2019
TXORP	POLP2019
COEN01	COEN2019
COEN02	COEN2019
COEN03	COEN2019
COEN04	COEN2019
COEN06	COEN2019
COEN05	COEN2019
COW3A	COW42020
COW3B	COW42020
COW3C	COW42020
COW3D	COW42020
COW3E	COW42020
COW3F	COW42020
COW3G	COW42020
RECNDNOS	RC122020
RECNDSTR	RC122020
RECNDNUM	RC122020
RECNDROT	RC122020
RECNDORO	RC122020
RECNDSUB	RC122020
RECNDARY	RC122020
ECAPR203	ENCD2020
ECAPR205	ENCD2020
ECAPR202	ENCD2020
ECAPR204	ENCD2020
ECAPR209	ENCD2020
ECAPR206	ENCD2020
ECAPR201	ENCD2020
ECAPR207	ENCD2020
ECAPR208	ENCD2020
VIEW2001	QTCC2020
VIEW2002	QTCC2020
VIEW2003	QTCC2020
VIEW2004	QTCC2020
VIEW2005	QTCC2020
MEXUM	LTIME83B
TRIQRY	LTIME83B
DOTTIME	LTIME83B
HXR	LTIME83B
JMPFVR	LTIME83B
SHUFFLE	LTIME83B
FFL	LTIME83B
MANIAC1	ALMA2019
MANIAC2	ALMA2019
MANIAC3	ALMA2019
MANIAC4	ALMA2019
MANIAC5	ALMA2019
CR195	CORD2019
CR193	CORD2019
BBALLS	SMTC2020
BJAGGU	SMTC2020
RROUNDS	SMTC2020
TSALES	SMTC2020
MCOINS	SMTC2020
CR191	CORD2019
CR192	CORD2019
CR196	CORD2019
CR194	CORD2019
CR197	CORD2019
CHONQ	MARCH19B
SONATR	MARCH19B
CHEFGB	BTCH2020
AKACHOCO	BTCH2020
CHEFXAM	BTCH2020
MMHAPPY	BTCH2020
CHEFKIT	BTCH2020
UNQCARD	BTCH2020
MOTU001	CCOD2020
NITGOC	CCOD2020
PALL9	CCOD2020
FILLBOX	CCOD2020
ECODOWN	CCOD2020
BRKTBRK	JLUG2020
LTRCHNG	JLUG2020
HXTDC	JLUG2020
STAYIN	SITC2020
WESUM	SITC2020
FACPOW	SITC2020
CODEY301	CY302020
CODEY302	CY302020
CODY303	CY302020
CODEY304	CY302020
CODEY305	CY302020
STRNO	APRIL20B
REBIT	APRIL20B
SQRDSUB	APRIL20B
FCTRE	APRIL20B
PPDIV	APRIL20B
TRIPWAYS	APRIL20B
CARSELL	APRIL20B
UNITGCD	APRIL20B
COVIDLQ	APRIL20B
LLLGRAPH	APRIL20B
ANSLEAK	APRIL20B
CHNUM	MARCH19B
TREASURE	MARCH19B
SUBPRNJL	MARCH19B
JAIN	MARCH19B
PTREE	MARCH19B
CHDIGER	MARCH19B
CHEFSOC	MARCH19B
MATPER	MARCH19B
INTERLEA	MARCH19B
PRGCUP02	PROC2017
PRGCUP04	PROC2017
STICKY	MYL2020
ALEX	MYL2020
PQBIC	MYL2020
EXPAND	MYL2020
ASHISH	MYL2020
GAMP	MYL2020
MPRODMUL	CHPTRS01
CSCARE	CHPTRS01
FUNRUN	CHPTRS01
ARTPNT	CHPTRS01
WASHHAND	CHPTRS01
CARLOT	CHPTRS01
GAMENUM	CHPTRS01
CODEKARO	CHPTRS01
COVID	CHPTRS01
NCOV19	COVDHACK
ARMY1N	FULU2020
TWO2D8TH	FULU2020
GOOG32	FULU2020
TAX	FULU2020
POSSIBLE	FULU2020
SIFTING	FULU2020
FONT3S	FULU2020
ONE23	FULU2020
MAY19F1	IIITDS20
HASHRAD	IIITDS20
PRGCUP05	PROC2017
DBOY	IIITDS20
NOKIA	IIITDS20
PRGCUP06	PROC2017
MXMLCM	LTIME82A
RNDRATIO	LTIME82A
SWPDGT	LTIME82A
STRPTRE	LTIME82A
PRFXGD	LTIME82A
NSTROT	LTIME82A
SCRRCP	LTIME82A
CHEFFB	ICOP1805
HPOWER	ICOP1805
POSH	ICOP1805
ZORG	ICOP1805
VK18	DEC17
CHEFFIB	DEC17
EARTSEQ	JAN19B
MXDIST	JAN19B
PARRTY	JAN19B
DPAIRS	JAN19B
MGAME	JAN19B
FANCY	JAN19B
MATCHIT	JAN19B
XYPIZQ	JAN19B
CHEFUNI	DEC17
GIT01	DEC17
CHEFEXQ	DEC17
CPLAY	DEC17
DWW19A	DWWU2019
DWW19B	DWWU2019
DWW19C	DWWU2019
DWW19D	DWWU2019
DWW19E	DWWU2019
DWW19F	DWWU2019
DWW19G	DWWU2019
DWW19H	DWWU2019
DWW19I	DWWU2019
DWW19J	DWWU2019
DWW19K	DWWU2019
USANBOLT	AM19MOS
POLCON	AM19MOS
COLPOLLY	AM19MOS
COLINT	AM19MOS
SDIFFSTR	AM19MOS
TRGRPH	AM19MOS
MOBCNT	AM19MOS
MORTGAGE	AM19MOS
PERMDIST	AM19MOS
COMPLEXG	AM19MOS
LALALANT	AM19MOS
EXPCAN	AM19MOS
STICK2	LTIME79B
TREEQ1	LTIME79B
EVIPRO	LTIME79B
STUPMACH	LTIME79B
CHEALG	LTIME79B
FREQFUN	LTIME79B
GUESSNUM	LTIME79B
REDBLUE	DEC17
DSANTAP	DEC17
CHEFHAM	DEC17
WESTAND	DEC17
SMRSTR	LTIME54
SHUFFL	LTIME54
LRQUER	LTIME54
CFD020	COFN2019
TRAPLOOP	COFN2019
POLYCODE	COFN2019
CFD019	COFN2019
CFD018	COFN2019
CFD021	COFN2019
CFD022	COFN2019
CHNGIT	COOK113B
PRFYIT	COOK113B
XORIT	COOK113B
CRSHIT	COOK113B
MKIT	COOK113B
DAND	COOK113B
DCRTIT	COOK113B
SPC19F1	SPCM2019
SPC19F2	SPCM2019
SPC19F4	SPCM2019
SPC19F5	SPCM2019
SPC19F6	SPCM2019
CNTFAIL	AMR18ROL
ARMYFGT	AMR18ROL
GUESSMID	GW19MOS
INVSACK	GW19MOS
TRANSACT	GW19MOS
BINPALIN	GW19MOS
DICITIES	GW19MOS
UNBAL	GW19MOS
SMTOUR	GW19MOS
TRGAME	GW19MOS
TELNET	GW19MOS
EAREA	GW19MOS
MEANPROB	GW19MOS
SAFEROBO	GW19MOS
SOPC003A	SHPC2019
SOPC003C	SHPC2019
SOPC014	SHPC2019
SOPC009	SHPC2019
SOPC011	SHPC2019
SOPC015	SHPC2019
CB2000	COBT2019
CB2001	COBT2019
CB2002	COBT2019
CB2003	COBT2019
CB2004	COBT2019
CB2005	COBT2019
QM18A	QM182019
QM18B	QM182019
BALLCOL	KH19MOS
GRAPHCON	KH19MOS
VARMIN	KH19MOS
BALLSUM	KH19MOS
AWKMINI	KH19MOS
RECARR	KH19MOS
WALKFAST	KH19MOS
SEGDIR2	KH19MOS
SUBMATCH	KH19MOS
MAXDIVER	KH19MOS
RANDID	KH19MOS
ANAJOBS	KH19MOS
PLMU	DEC19B
SUBSPLAY	DEC19B
BINXOR	DEC19B
CHFRAN	DEC19B
STICNOT	DEC19B
APAIRS	DEC19B
TESTGEN	DEC19B
BINOFEV	DEC19B
CUBVIRUS	DEC19B
WATSCORE	DEC19B
BINADD	DEC19B
PALPATH	AMR18ROL
ISITCAKE	AMR18ROL
BALSUB	AMR18ROL
KHULJA	AMR18ROL
ALIENINV	AMR18ROL
REFORMS	AMR18ROL
SAUNA	AMR18ROL
SQRECT	AMR18ROL
ALFRED	AMR18ROL
MARTING1	AMR18ROL
AVLBLT	AMR18ROL
PLANT	LTIME78B
DEADEND	LTIME78B
PIBRO	LTIME78B
APARTS	LTIME78B
CMPRSS	LTIME78B
PRFCTN	LTIME78B
SRVR	LTIME78B
PPATTERN	LTIME67A
BUCKETS	LTIME67A
DLINE	LTIME67A
NOSS	LTIME67A
BESTPATH	LTIME67A
KETEKIR1	KRPM2019
KETEKIR2	KRPM2019
XORFIB	BOB22019
MAGIC07	BOB22019
DIWLIGFT	BOB22019
MISPRNT	BOB22019
DUNIHLP	BOB22019
NNN	CYNO2019
CYPNOV03	CYNO2019
GRSH	CYNO2019
JOND	CYNO2019
KW6	CYNO2019
BIGRES	COOK112B
BLWHTREE	COOK112B
MMNN01	COOK112B
SIGNTURE	COOK112B
CHADAY	COOK112B
DIET	COOK112B
ROBOTS	COOK112B
COMA19A	CONA2019
COMA19C	CONA2019
COMA19D	CONA2019
COMA19E	CONA2019
COMA19F	CONA2019
COMA19B	CONA2019
DRCYS	COMR2019
GK1901	GKAH1901
GK1902	GKAH1901
GK1903	GKAH1901
GK1904	GKAH1901
GK1905	GKAH1901
INGEN01	CEIN2019
INGEN02	CEIN2019
INGEN03	CEIN2019
INGEN04	CEIN2019
INGEN05	CEIN2019
INGEN06	CEIN2019
MINIGAME	ISPC2019
DORACAKE	ISPC2019
CCHW	ISPC2019
ABSTEPS	ISPC2019
CNT21	ISPC2019
SAT101	SATA2019
SAT102	SATA2019
SAT103	SATA2019
REC09A	REC92019
REC09B	REC92019
REC09E	REC92019
REC09F	REC92019
REC09C	REC92019
SCAP	AFZQ2019
WORD	AFZQ2019
VIEW	AFZQ2019
CHOCOS	AFZQ2019
XASD	AFZQ2019
REVT	AFZQ2019
CHFLOL	BCF12019
WRLDSTR	BCF12019
MOBGAME	BCF12019
CHFLOL2	BCF12019
QCOUNT	DEFI2019
PGRID	DEFI2019
SPDG	DEFI2019
GAOT	DEFI2019
IEMCO8A	IEMCO8
IEMCO8C	IEMCO8
IEMCO8D	IEMCO8
IEMCO8E	IEMCO8
IEMCO8F	IEMCO8
IEMC08B	IEMCO8
MXCH	CNMP2019
INFTINCR	CNMP2019
LOG_EQN	CNMP2019
TWEGRA	CNMP2019
MCHEF001	MACF2019
SHUBCHE2	MACF2019
MCHEF002	MACF2019
MCHEF003	MACF2019
ANTSCH	CCRU2019
HATS	CCRU2019
TJ	CCRU2019
KQM17A	QM172019
KQM17B	QM172019
UCS201	UEM22019
UCS202	UEM22019
UCS203	UEM22019
UCS204	UEM22019
UCS205	UEM22019
SCHTEST	ZCOSC19
ZCOPREP	ZCOSC19
ZCOSCH	ZCOSC19
TAPSY	COOW2019
PROTEIN	COOW2019
SUDH	COOW2019
UNINUM	COOW2019
POWSUB	COOW2019
PIPSQUIK	DCOD19A
ISHVALA	DCOD19A
GRUMPMA	DCOD19A
LEQEX	DCOD19A
LAYERS	DCOD19A
DEFECTS	DCOD19A
MXPOWER	DCOD19A
MLSDV	COMR2019
STRWN	COMR2019
WILCRSI	COMR2019
TDT	COMR2019
TNK	COMR2019
FNBTL	COMR2019
CLBATH	COLE2019
PHCUL	NOV19B
HRDSEQ	NOV19B
LSTBTF	NOV19B
WEIRDO	NOV19B
FAILURE	NOV19B
MDSWIN	NOV19B
SC31	NOV19B
PBOXES	NOV19B
TRICOL	NOV19B
DDART	NOV19B
CAMC	NOV19B
CLTNIS	COLE2019
CLMTRO	COLE2019
CLTREE	COLE2019
CLIPLX	COLE2019
CLGAME	COLE2019
C32K19P2	CCED2019
C32K19P3	CCED2019
C32K19P1	CCED2019
PALINKEY	CCOQ2019
PERMPAIN	CCOQ2019
BARDAVON	CCOQ2019
SS4	ENOC2019
SS5	ENOC2019
ENOC1	ENOC2019
ENOC2	ENOC2019
TVT	ENOC2019
GVR	ENOC2019
ENOC3	ENOC2019
ENOC4	ENOC2019
DEARRERR	ENOC2019
EN123	ENOC2019
ASHSEK	COX2019
MLOCK	COX2019
KANICHEF	COX2019
CHELEC	COX2019
CHESHCYC	COX2019
SONPI	COX2019
HIT	LTIME77B
INVZCNT	LTIME77B
BOXGAM97	LTIME77B
INVYCNT	LTIME77B
KTH97	LTIME77B
RNG97	LTIME77B
DDQUERY	LTIME77B
MCLOSET	CCOQ2019
AAZADI	CCOQ2019
DRAGONS	CCOQ2019
MILKCAKE	CCOQ2019
CHEFLBW	TNPC2019
CHEFBATS	TNPC2019
CHEFDEST	TNPC2019
NPLQ19A	NPLQ2019
NPLQ19B	NPLQ2019
NPLQ19C	NPLQ2019
NPLQ19D	NPLQ2019
NPLQ19E	NPLQ2019
NPLQ19F	NPLQ2019
DVL	COOK111B
MDL	COOK111B
DFNC	COOK111B
MNWLK	COOK111B
CKWLK	COOK111B
HDDN	COOK111B
DOR	COOK111B
CHEFSOCC	TNPC2019
CHEFSCOR	TNPC2019
DCC1	DCC2019
DCC2	DCC2019
INF1900	INFY2019
INF1902	INFY2019
INF1904	INFY2019
INF1906	INFY2019
INF1908	INFY2019
INF1910	INFY2019
INF1912	INFY2019
INF1914	INFY2019
SHIT	KOKO2019
SADVAL	KOKO2019
DISTCHOC	KOKO2019
ARITHEXP	KOKO2019
MTKR	KOKO2019
SETH0002	HCS12019
SETH0001	HCS12019
SETH0004	HCS12019
SETH0005	HCS12019
SETH0006	HCS12019
SETH0007	HCS12019
ICHN01	ICHN2019
ICHN02	ICHN2019
ICHN03	ICHN2019
ICHN04	ICHN2019
KQM16A	QM162019
KQM16B	QM162019
CHACAND	ACD2019
LITEPHRS	ACD2019
LYPLNK	ACD2019
DIV1	ACD2019
CHJERRY	ACD2019
CHTIME	ACD2019
JKR1	EOLC2019
JKR2	EOLC2019
JKR3	EOLC2019
JKR5	EOLC2019
JKR6	EOLC2019
CODEFA1	COFO2019
CODEFA2	COFO2019
CODEFA5	COFO2019
CODEFA7	COFO2019
CODEFA8	COFO2019
EXUNA	EXPP2019
EXUNB	EXPP2019
EXUND	EXPP2019
EXUNF	EXPP2019
EXUNC	EXPP2019
EXUNE	EXPP2019
RACE01	CWCR2019
WCTC01	CWCR2019
AVGAGE	CWCR2019
GAMSTR99	CWCR2019
SH221B	CWCR2019
MKFR77	CWCR2019
B4EF19B	B4EM2019
B4EF19C	B4EM2019
B4EF19A	B4EM2019
B4EF19D	B4EM2019
B4EF19E	B4EM2019
B4EF19F	B4EM2019
MARM	OCT19B
MSV	OCT19B
BACREP	OCT19B
EVEDG	OCT19B
MAXLIS	OCT19B
SAKTAN	OCT19B
S10E	OCT19B
CNNCT2	OCT19B
JIIT	OCT19B
MSNG	OCT19B
DCC3	DCC2019
DCC4	DCC2019
DCC7	DCC2019
DCC5	DCC2019
DCC6	DCC2019
GYMTRNR	FICP2019
SNKLD	FICP2019
BAHOTHRD	FICP2019
GRPHVIP	FICP2019
UNQPAL	FICP2019
FFC219A	FFC22019
FFC219B	FFC22019
FFC219C	FFC22019
FFC219D	FFC22019
FFC219E	FFC22019
FFC219F	FFC22019
FFC219G	FFC22019
FRINUM	KJCS2019
TSHACK	KJCS2019
CHOCOPRO	KJCS2019
PLYBETS	KJCS2019
PBLCT	KJCS2019
CATFEED	LTIME76B
WATCHFB	LTIME76B
ICECREM	LTIME76B
TREEVERS	LTIME76B
ALLSUB	LTIME76B
PAIRSUM2	LTIME76B
APPLE42	LTIME76B
HTST9	ENFE2019
DIETCOKE	ENFE2019
RICHMICH	ENFE2019
TR	ENFE2019
GR	ENFE2019
ZMMA	ENFE2019
HXPRIM	ENFE2019
SAVJEW	COOK110B
ANGGRA	COOK110B
PALMACH	COOK110B
HIRING	COOK110B
EXERCISE	COOK110B
TWOGRS	COOK110B
MATCHES	COOK110B
CHGM1	ENFE2019
CHWLD	ENFE2019
UICC01	UICC2019
RUSH05	UICC2019
RUSH04	UICC2019
RUSH02	UICC2019
RUSH01	UICC2019
BIT2A	BIT22019
BIT2B	BIT22019
GTN	BIT22019
BIT2C	BIT22019
NMN	BIT22019
MATHL	BIT22019
CCWI1901	CCWI2019
CCWI1904	CCWI2019
CCWI1902	CCWI2019
CCWI1906	CCWI2019
CCWI1907	CCWI2019
CCWI1908	CCWI2019
BFLSEQ	SGHC2019
COI	SGHC2019
HSHAKES	SGHC2019
A2J001	COZI2019
HOLY	COZI2019
DAGXOR	COZI2019
FINDFN	COZI2019
PRSTRING	COZI2019
KS3	COZI2019
SWITOG	COZI2019
SHERCH	COZI2019
AIOL01	AIOL2019
AIOL02	AIOL2019
AIOL03	AIOL2019
AIOL04	AIOL2019
AIOL05	AIOL2019
AIOL06	AIOL2019
INQU1900	INQU2019
INQU1901	INQU2019
INQU1902	INQU2019
INQU1903	INQU2019
INQU1904	INQU2019
INQU1905	INQU2019
INQU1906	INQU2019
EXPGCD	SEPT19B
LAPD	SEPT19B
FUZZYLIN	SEPT19B
GDSUB	SEPT19B
FIBEASY	SEPT19B
DOOFST	SEPT19B
PSUM	SEPT19B
CHEFK1	SEPT19B
CHEFINSQ	SEPT19B
SEBICPU	SEPT19B
DODGERS	SEPT19B
RUSH03	UICC2019
IF01	INEK2019
IF03	INEK2019
IF04	INEK2019
IF05	INEK2019
IF06	INEK2019
IF07	INEK2019
IF08	INEK2019
IF09	INEK2019
IF10	INEK2019
GRAPHTRE	LTIME69B
ROLLBAR	LTIME69B
ALC002	ALCM2019
ALC005	ALCM2019
ALC003	ALCM2019
ALC001	ALCM2019
ALC006	ALCM2019
EQAVG	LTIME75B
EID2	LTIME75B
BOFS	LTIME75B
BOFP	LTIME75B
DESTCELL	LTIME75B
COKE2	LTIME75B
TRIP2	LTIME75B
AVG	LTIME69B
PERMLIST	LTIME69B
TRICKYDL	LTIME69B
CHFCH	LTIME69B
STRQUER	LTIME54
GEEK01	GKAH1701
GEEK02	GKAH1701
RPH001	COHA2019
BULLETS	COHA2019
GHOME	COHA2019
RHSAT	COHA2019
AASHRAM	COHA2019
GOTCHI	COHA2019
PRKLOT	CYAU2019
ARROTATE	CYAU2019
JILLU1	CYAU2019
CYAUG01	CYAU2019
CYAUG02	CYAU2019
LGCD	ENAU2019
SAVKONO	ENAU2019
SS1	ENAU2019
AVPN6	ENAU2019
ADDI	ENAU2019
ALIEN1	ENAU2019
AVN9	ENAU2019
AVNP5	ENAU2019
ENS1	ENAU2019
MAGPER	COOK109B
WARRIORS	COOK109B
RICHSTR	COOK109B
PEPPERON	COOK109B
FRICAN	COOK109B
CIRCLES2	COOK109B
COKE	COOK109B
GEEK03	GKAH1701
GEEK04	GKAH1701
GEEK05	GKAH1701
PPDAY	COWZ2019
TRACMAT	COWZ2019
NCC1908	NCC2019
NCC1902	NCC2019
DC101	DEER2019
DC102	DEER2019
DC103	DEER2019
DC104	DEER2019
DC105	DEER2019
DC106	DEER2019
PCJ19A	PCJ2019
PCJ19B	PCJ2019
PCJ19C	PCJ2019
PCJ19D	PCJ2019
PCJ19E	PCJ2019
PCJ19G	PCJ2019
JCWC03	JCWR2019
JCWC01	JCWR2019
JCWC04	JCWR2019
JCWC05	JCWR2019
JCWC02	JCWR2019
JCWC00	JCWR2019
KETEKI3A	KPM32019
KETEKI3D	KPM32019
KETEKI3C	KPM32019
KETEKI3B	KPM32019
MSNSADM1	AUG19B
DSTAPLS	AUG19B
CHEFDIL	AUG19B
KS1	AUG19B
CHGORAM	AUG19B
ENCODING	AUG19B
MAXEXPR	AUG19B
TSEQ	AUG19B
CSTREE	AUG19B
ZOMCAV	AUG19B
SYNBAC	AUG19B
NCC1901	NCC2019
NCC1903	NCC2019
NCC1904	NCC2019
NCC1905	NCC2019
NCC1906	NCC2019
WCSA	WCS2019
WCSB	WCS2019
WCSC	WCS2019
WCSD	WCS2019
WCSE	WCS2019
WCSF	WCS2019
DELARRAY	LTIME74A
POLICE	LTIME74A
PROFTRIP	LTIME74A
EQMD	LTIME74A
TWOLANE	LTIME74A
RPD	LTIME74A
SFRV	LTIME74A
TONYFOOD	PLUM2019
ANTMAN	PLUM2019
VISION	PLUM2019
SPCSTONE	PLUM2019
CAPMARVL	PLUM2019
TABLET	COOK103B
EVILAND	COOK103B
MGICMENU	COOK108B
MNMXAR	COOK108B
EXPTPROD	COOK108B
WARTLND	COOK108B
BDGFT	COOK108B
TWOVRIBL	COOK108B
PLAYSTR	COOK108B
SECPASS	COOK103B
MAXREMOV	COOK103B
CHFPARTY	COOK103B
TWOARR	COOK103B
KTRANS	ICOP1804
TOORICH	ICOP1804
OAGREEDY	ICOP1804
KETEKI2A	KPM22019
KETEKI2B	KPM22019
KETEKI2C	KPM22019
KETEKI2D	KPM22019
SNKAPT	JULY19B
CIRMERGE	JULY19B
GUESSPRM	JULY19B
CHFWAR	JULY19B
LVMFFN	JULY19B
MXMN	JULY19B
CCC	JULY19B
PRTAGN	JULY19B
CHFWAR2	JULY19B
MMAX	JULY19B
CHFM	JULY19B
SINGLAZY	ICOP1804
AMANCRZY	ICOP1804
PALHAM	COOK88
CIRCBIN	SNFL19MR
STRSUM	SNFL19MR
RAFFLE	SNFL19MR
ORDNCHS	SNFL19MR
XYPRESQ	SNFL19MR
KSUFFIX	SNFL19MR
MAGARR	SNFL19MR
RIVERLND	SNFL19MR
QM16A	KQ162019
M16B	KQ162019
M16C	KQ162019
BURARRAY	LTIME73B
GIIKLUB	LTIME73B
QRYLAND	LTIME73B
SILLYPRS	LTIME73B
DPERM	LTIME73B
PAJAPONG	LTIME73B
FUZZYCON	LTIME73B
MTRXOP	SNFL19MR
CATS	SNFL19MR
BIT_BLKT	ONIG2019
BIT_PRAI	ONIG2019
BIT_CSUM	ONIG2019
BIT_GOOD	ONIG2019
SKIING	COOK88
SUBSETS	COOK107B
IDXSUM	COOK107B
SECRECP	COOK107B
EXAM1	COOK107B
EATTWICE	COOK107B
SLUSH	COOK107B
ANTEATER	COOK107B
BIT_REGN	ONIG2019
BIT_AR	ONIG2019
LRGBITSM	ONIG2019
MOALP	BLUP2019
AHAPH	BLUP2019
DIV4	BLUP2019
IIITBH	BLUP2019
SHADOW	FFC12019
CHEKOH	FFC12019
MARSWA	FFC12019
SHADOW2	FFC12019
DRCHE	FFC12019
CHESAK	FFC12019
AERTS	FFC12019
TTO1	TTO2019
C001	TTO2019
CRYPTX01	TTO2019
KQM15A	KQ152019
KQM15B	KQ152019
RSIGNS	JUNE19B
PROXYC	JUNE19B
LENTMO	JUNE19B
COUNTIT	JUNE19B
KS2	JUNE19B
CHFING	JUNE19B
COOLCHEF	JUNE19B
INTRPATH	JUNE19B
SUMAGCD	JUNE19B
FGTREE	JUNE19B
SNCK99	JUNE19B
GRAPHCOL	BLUP2019
BLONDIE	COBE2019
MARLA	COBE2019
GUMP	COBE2019
DUFRESNE	COBE2019
LAEDDIS	COBE2019
HMAPPY2	FEB19B
GUESSRT	FEB19B
MAGICJAR	FEB19B
MANRECT	FEB19B
CHEFING	FEB19B
DANS	NUVO2019
PUBG	NUVO2019
CHFMTR	NUVO2019
CANDC	NUVO2019
SABAR	NUVO2019
ROSO	NUVO2019
CV	LTIME72A
DPS	LTIME72A
GRIDTOUR	LTIME72A
XM	LTIME72A
REMMAX	LTIME72A
IAI	LTIME72A
ABDTOLL	LTIME72A
TRDST	FEB19B
ARTBALAN	FEB19B
DEPCHEF	FEB19B
MAXTAX	FEB19B
XDCOMP	FEB19B
CHORCKIT	FEB19B
ONCHESS	COOK88
XORCMPNT	COOK106A
EXPXOR	COOK106A
GCDSET	COOK106A
COLORDIS	COOK106A
BICLIQUE	COOK106A
REACTION	COOK106A
RECVSEQ	COOK106A
ADJLEAF	COOK88
RNDPAIR	COOK88
NITR08	COD2017
NITR05	COD2017
NITR02	COD2017
NITR03	COD2017
NITR12	COD2017
HELL	NACA2019
STGAME	NACA2019
FNEE	NACA2019
ARAJ	NACA2019
NUMTED	NACA2019
CODX001	CODX2019
CODX002	CODX2019
CODX003	CODX2019
CODX004	CODX2019
CODX005	CODX2019
QM14A	KQMG2019
QM14B	KQMG2019
TWINPR	CEEL2019
DIVCHK	CEEL2019
CPL01	CEEL2019
CPL02	CEEL2019
CALCMON	CEEL2019
CTKEY	CEEL2019
CUREK	MAY19A
BINARY	MAY19A
TREDEG	MAY19A
REDONE	MAY19A
MATCHS	MAY19A
PKLVES	MAY19A
WTBTR	MAY19A
SONGIF	MAY19A
ADAPWN	MAY19A
ADAROKS2	MAY19A
CHEFXCHG	MAY19A
NITR14	COD2017
NITR06	COD2017
NITR11	COD2017
QCJ01	QUCJ2019
QCJ02	QUCJ2019
QCJ03	QUCJ2019
QCJ04	QUCJ2019
QCJ05	QUCJ2019
SACO19A	SACO2019
SACO19B	SACO2019
SACO19C	SACO2019
IEMCO7A	IEMCO7
IEMCO7B	IEMCO7
IEMCO7C	IEMCO7
IEMCO7D	IEMCO7
IEMCO7E	IEMCO7
IEMCO7F	IEMCO7
AVN001	AVEN2019
AVN002	AVEN2019
AVN003	AVEN2019
AVN004	AVEN2019
AVN005	AVEN2019
AVN006	AVEN2019
AVN007	AVEN2019
AVN008	AVEN2019
AVN009	AVEN2019
R2D2	LTIME71B
ATTND	LTIME71B
DRMP	LTIME71B
FAPF	LTIME71B
FASTFOOD	LTIME71B
MINARRS	LTIME71B
CHEFRAMI	LTIME71B
CAICE	ENJA2019
CTEXT	ENJA2019
MDSA	ENJA2019
MDSB	ENJA2019
MDSC	ENJA2019
DUNDRG	ENJA2019
MOVQUE	ENJA2019
BLINE	DEMA2019
MEDIC	DEMA2019
PRMRANGE	DEMA2019
DEM2019A	DEMA2019
DEMTREE	DEMA2019
MAXSCRAB	DEMA2019
MAXSPSUM	DEMA2019
GMPOW	DARG2019
SUMMOD	DARG2019
TUPALIN	DARG2019
TUMGRAPH	DARG2019
EQSBAR	DARG2019
LOALL	DARG2019
TCAKE	DARG2019
DINCPATH	COOK105B
RANDGAME	COOK105B
PEWDSVTS	COOK105B
CFMM	COOK105B
MYS00T	COOK105B
HUNGALGO	COOK105B
GUESSAGE	COOK105B
REA	ENJA2019
CFATC	ENJA2019
WITBIT	AFQL2019
PRMGM	AFQL2019
GUEST05	AFQL2019
LIONS	AFQL2019
SAV01	AFQL2019
UEMALGO1	UAGE2019
UEMALGO2	UAGE2019
MRZRLT	AFQL2019
CNGE	AFQL2019
UEMALGO4	UAGE2019
UEMALGO5	UAGE2019
UEMALGO6	UAGE2019
UEMALGO3	UAGE2019
QMM	GHC22019
RPLANET	GHC22019
BTGAN	GHC22019
BBST	GHC22019
TOMGRDNR	GHC22019
SNC	GHC22019
EZPZ	GHC22019
FAKEBIN	INTL2019
TRAIERR	INTL2019
PRIMESET	INTL2019
CHFEDR	INTL2019
CHEFDR	INTL2019
CHEFJOU	INTL2019
GOODBAD2	DRI22019
NFAR	DRI22019
LIT13	DRI22019
ZMAGIC	DRI22019
SCF	DRI22019
VNFAR	DRI22019
DIC007	DRI22019
EHIP	DRI22019
WAGE	KJSC2019
RAIN	KJSC2019
ATCH	KJSC2019
JFY	KJSC2019
RGCD	KJSC2019
OPTSPL	COME2019
SMALLARR	COME2019
GREG	COME2019
RNDRND	COME2019
SWAPSIGN	COME2019
IMPACT	COME2019
MAX2	COME2019
XOMMON	COME2019
SUBNUM	COME2019
PSCD	AFQL2019
THEROBOT	OZTA2019
BOHRARC	OZTA2019
ROBOPAIR	OZTA2019
KUTTYPAS	OZTA2019
FINWAR	OZTA2019
DIS	LTIME68B
WNDR	LTIME68B
WTCH	LTIME68B
BSTN	LTIME68B
RKS	LTIME68B
MMC	LTIME68B
NITR10	COD2017
BRKTREE	ICOP1803
LNGHW	ICOP1803
PIZPAR	ICOP1803
KFIB	ICOP1803
IEMCO4A	IEMCO4
IALG1	INAL2019
IALG2	INAL2019
IALG3	INAL2019
IALG4	INAL2019
IALG5	INAL2019
IALG6	INAL2019
JAPP	ARBH2019
COOPSQ	ARBH2019
FINDNP	ARBH2019
BLNTASGN	ARBH2019
ANKSPCL	COSE2019
ROBOT02	COSE2019
HCNTST	COSE2019
BINSTRNG	COSE2019
AGNES03	COSE2019
ANWCC01	COCS2019
ANWCC02	COCS2019
ANWCC03	COCS2019
ANWCC04	COCS2019
ANWCC05	COCS2019
ANWCC06	COCS2019
ADAFUN	COOK102B
ADAPWNS	COOK102B
ADAKNG	COOK102B
ADAMTR	COOK102B
ADASCOOL	COOK102B
ADAROKS	COOK102B
IEMCO4B	IEMCO4
IEMCO4C	IEMCO4
IEMCO4D	IEMCO4
IEMCO4E	IEMCO4
IEMCO4F	IEMCO4
BINOMSUM	NOV17
TSECJC05	TJCN2019
TSECJC02	TJCN2019
TSECJC01	TJCN2019
TSECJC04	TJCN2019
TSECJC03	TJCN2019
TSECJC06	TJCN2019
ALORA1	ALRA2019
ALORA2	ALRA2019
ALORA3	ALRA2019
ALORA4	ALRA2019
ALORA5	ALRA2019
ALORA6	ALRA2019
ALORA7	ALRA2019
SSJG	ICOP1904
SHIVIGOD	ICOP1904
GRP	ICOP1904
JVPHOBIA	ICOP1904
TREEDGE	ICOP1904
STRGRA	ICOP1904
COMB3	COMB2018
COMB2	COMB2018
COMB6	COMB2018
COMB1	COMB2018
COMB4	COMB2018
COMB7	COMB2018
IEMCHEM1	IEMCHEMY
IEMCHEM2	IEMCHEMY
IEMCHEM3	IEMCHEMY
IEMCHEM4	IEMCHEMY
IEMCHEM5	IEMCHEMY
IEMCHEM6	IEMCHEMY
IEMCHEM7	IEMCHEMY
IEMCHEM8	IEMCHEMY
IEMCHEM9	IEMCHEMY
IEMCHM10	IEMCHEMY
IEMCHM11	IEMCHEMY
IEMCHM12	IEMCHEMY
IEMCHM13	IEMCHEMY
IEMCHM14	IEMCHEMY
IEMCHM15	IEMCHEMY
IEMCHM16	IEMCHEMY
IEMCHM17	IEMCHEMY
IEMCHM18	IEMCHEMY
IEMCHM19	IEMCHEMY
IEMCHM20	IEMCHEMY
IEMCHM21	IEMCHEMY
IEMCHM22	IEMCHEMY
IEMCHM23	IEMCHEMY
IEMCHM24	IEMCHEMY
IEMCHM25	IEMCHEMY
IEMCHM26	IEMCHEMY
IEMCHM27	IEMCHEMY
IEMCHM28	IEMCHEMY
IEMCHM29	IEMCHEMY
IEMCHM30	IEMCHEMY
GARGOYLE	PELT2019
MISSME	PELT2019
ENG5	PELT2019
SUMNCR	PELT2019
XORNEY	PELT2019
SHMIRZ	PELT2019
NINENINE	PELT2019
SHLOCK	PILT2019
BROCODE	PILT2019
SPDT	PILT2019
IUPC123	PILT2019
BANK123	PILT2019
MONICA12	PILT2019
DIFFSTR	PILT2019
ISLNDTFE	PILT2019
ZETAJ	PILT2019
POOH	PILT2019
AE04	CONE2018
SA	CONE2018
SSM	CONE2018
COS	CONE2018
DD	CONE2018
HP18	JAN19B
GRAPART	JAN19B
DIFNEIGH	JAN19B
SEGPROD	NOV17
AGECAL	LTIME67A
POLY	NOV17
CLRL	NOV17
CHEFHPAL	NOV17
CSUBQ	NOV17
PERPALIN	NOV17
LVGFT	NOV17
YVNUM	COOK101B
SOSTD	COOK101B
INTERVCH	COOK101B
CAMPON	COOK101B
CSUBSQ	COOK101B
YVSTR	COOK101B
VILTRIBE	NOV17
CHEFNIL	NOV17
WIZDATE	DCOD2017
QWATTK	DCOD2017
WCMPRS	DCOD2017
WIZCW	DCOD2017
MULHANOI	KOL18ROL
BEAUKONO	KOL18ROL
BUCKETWA	KOL18ROL
SNOWMAN	KOL18ROL
READCOST	KOL18ROL
JOSEPHUS	KOL18ROL
ABSDIFFS	KOL18ROL
YASPP	KOL18ROL
YAEXP	KOL18ROL
ALIENCOW	KOL18ROL
TILEBAG	KOL18ROL
VALIDSTK	KOL18ROL
SOPC18A	SOPC2018
SPACE	SOPC2018
SOPC18C	SOPC2018
SOPC18D	SOPC2018
SOPC18C3	SOPC2018
SOPC18E	SOPC2018
GAMOFNUM	GWR18ROL
NGONS	GWR18ROL
POLYSTR	GWR18ROL
EOSUBSEQ	GWR18ROL
LIFELTD	GWR18ROL
AUTOCARS	GWR18ROL
WALKTREE	GWR18ROL
SIRUSERI	GWR18ROL
CAPTBIRD	GWR18ROL
THSTRS	GWR18ROL
PREFNUM	GWR18ROL
INFDIV	KGP18ROL
MAFIASYN	KGP18ROL
SQRTRI	KGP18ROL
PERIODCN	KGP18ROL
PLAYPIAN	KGP18ROL
BINGAME	KGP18ROL
SORTALGO	KGP18ROL
NOMATCH	KGP18ROL
SUBSUMX	KGP18ROL
VASTLIFE	KGP18ROL
POLITRI	KGP18ROL
GRAPHAND	KGP18ROL
QM13A	KQ132018
QM13B	KQ132018
SFXPAL	SNCKEL19
EBAIT	SNCKEL19
GDIST	SNCKEL19
RECOVER	SNCKEL19
RECTLIT	SNCKEL19
IMPO	SNCKEL19
ADIMAT	SNCKEL19
ADITREE	SNCKEL19
XORTABLE	SNCKEL19
ADJLEAF2	SNCKEL19
DLDAG	DEC18B
BHD	DEC18B
CBFEAST	DEC18B
BICONT	DEC18B
EDGEDIR	DEC18B
MAXEP	DEC18B
COMAS	DEC18B
INTXOR	DEC18B
CHFINTRO	DEC18B
CHFIDEAL	DEC18B
WKPLAN	DEC18B
STATWIZ	DCOD2017
UEMCOSA	UEMC2017
UEMCOAB	UEMC2017
UEMCOAAT	UEMC2017
UEMCO5	UEMC2017
UEMCORD	UEMC2017
UEMCOSA2	UEMC2017
UEMCO7	UEMC2017
BUGCAL	LTIME53
WEICOM	LTIME53
OPTSSET	LTIME53
USF	LTIME66B
MDN	LTIME66B
MXM	LTIME66B
PPAP	LTIME66B
EVENT	LTIME66B
BPS	LTIME66B
MAXNUM3	LTIME53
PYFALLS	ICOP1802
ISTA2002	ICOP1802
ISTA2006	ICOP1802
ANATREE	ICOP1802
ISTA2003	ICOP1802
DIGILOCK	ISPC2018
CHEFBUS	ISPC2018
VEASYQ	ISPC2018
CHEFSAL	ISPC2018
NMN03	ISPC2018
SISSUES	ISPC2018
COG1801	COG2018
COG1802	COG2018
COG1803	COG2018
COG1804	COG2018
COG1805	COG2018
COG1806	COG2018
ARMBH1	AARA2018
ARMBH2	AARA2018
ARMBH4	AARA2018
ARMBH5	AARA2018
ARMBH3	AARA2018
TRUEDARE	COOK100B
BEAUTGAR	COOK100B
ABGAME	COOK100B
TREEUNAT	COOK100B
DATAPIPE	COOK100B
ELEPPOND	COOK100B
CK87GSUB	COOK87
CK87MEDI	COOK87
CK87QUER	COOK87
CK87DANC	COOK87
CK87MEAD	COOK87
ANTMAT	MOSCWJ19
CUTPIZ	MOSCWJ19
SUBLD	MOSCWJ19
INVLIS	MOSCWJ19
TREEMX	MOSCWJ19
DRGRAC	MOSCWJ19
UCS01	UCS2018
UCS02	UCS2018
UCS03	UCS2018
UCS04	UCS2018
UCS05	UCS2018
UCS06	UCS2018
USERV01D	ICOP1903
SPLTARR	ICOP1903
JOKRBOMB	ICOP1903
GOTBOOK1	ICOP1903
IEMCO6A	IEMCO6
IEMCO6B	IEMCO6
IEMCO6C	IEMCO6
IEMCO6D	IEMCO6
IEMCO6E	IEMCO6
IEMCO6F	IEMCO6
QM12A	KM122018
QM12B	KM122018
CODX06	CDX2018
CODX07	CDX2018
CODX02	CDX2018
CODX05	CDX2018
CODX04	CDX2018
CODX01	CDX2018
CODX08	CDX2018
CODX03	CDX2018
CODX09	CDX2018
IEMATIC2	IEMATICS
IEMATIC3	IEMATICS
IEMATIC4	IEMATICS
IEMATIC5	IEMATICS
IEMATIC6	IEMATICS
IEMATIC7	IEMATICS
IEMATIC8	IEMATICS
IEMATIC9	IEMATICS
PAINTREE	SNCKPE19
HPIRATES	SNCKPE19
STRTF	SNCKPE19
BUDDYNIM	SNCKPE19
SPECTAC	SNCKPE19
ANGLE	SNCKPE19
INVENTRY	SNCKPE19
CHQUEENS	SNCKPE19
GEHA1802	GEHA2018
GEHA1803	GEHA2018
GEHA1804	GEHA2018
GEHA1805	GEHA2018
GEHA1806	GEHA2018
GEHA1807	GEHA2018
GEHA1801	GEHA2018
CHEFEQUA	NOV18B
MAXDTREE	NOV18B
GMEDIAN	NOV18B
HMAPPY1	NOV18B
RECIPES	NOV18B
PRDRG	NOV18B
PRITREE	NOV18B
BINSTR	NOV18B
MAGICHF2	NOV18B
CHFTIRED	NOV18B
CHHAPPY	NOV18B
CDP01	CODP2017
CDP02	CODP2017
CDP03	CODP2017
CDP04	CODP2017
CDP05	CODP2017
NPL1701A	NPLQ2017
NPL1701B	NPLQ2017
NPL1701C	NPLQ2017
NPL1701D	NPLQ2017
NPL1701E	NPLQ2017
NPL1701F	NPLQ2017
LNOC	CYOC2018
STKMZE	CYOC2018
KRNARJN	CYOC2018
CYPOCT01	CYOC2018
MAXPRODU	SNCK1B19
CHEFKO	SNCK1B19
SNCKYEAR	SNCK1B19
QUEUE2	SNCK1B19
CHFAR	SNCK1B19
TREEWLK2	LTIME65B
WEIRD2	LTIME65B
THREEFR	LTIME65B
CLORGIRD	LTIME65B
ROBAGAIN	LTIME65B
NICARRAY	LTIME65B
ATMOQ1	ACJQ2017
ATMOQ6	ACJQ2017
ATM0Q3	ACJQ2017
ATM0Q8	ACJQ2017
ATMOQ7	ACJQ2017
TIDUAFT	ICOP1801
KCHESS	ENCO2018
PNTWLL	ENCO2018
SLAEL	ENCO2018
OLDFAR	ENCO2018
CTOUR	ENCO2018
BINIM2	COOK99B
PWRTREE	COOK99B
ADASTAIR	COOK99B
PUMPWAT	COOK99B
ADAFARM	COOK99B
ADASHOP	COOK99B
TIDURAT	ICOP1801
ISTA2001	ICOP1801
RAJAPR0	ICOP1801
EASY001	CCCO2017
EASY002	CCCO2017
MED004	CCCO2017
INF1801	INTY2018
INF1802	INTY2018
INF1803	INTY2018
INF1804	INTY2018
INF1805	INTY2018
AVGMAT	SNCK1A19
TYPING	SNCK1A19
CHEFADD	SNCK1A19
ARRGRAPH	SNCK1A19
CARDMGK	SNCK1A19
PERIODIC	SNCK1A19
CAKEWALK	DODE2018
GOD	DODE2018
CUPGAME	DODE2018
BORED	DODE2018
NEWS	DODE2018
VKURI	CCLC2018
CHESGAME	CCLC2018
RRAHSEM	CCLC2018
DIVFOUR	CCLC2018
TOUGHEST	CCLC2018
STRSRCH	CCLC2018
SPREAD2	SNCKQL19
TEAMMATE	SNCKQL19
QUALPREL	SNCKQL19
QABC	SNCKQL19
CHEFPRMS	SNCKQL19
KODE03	KOKO2018
KODE01	KOKO2018
KODE02	KOKO2018
KODE04	KOKO2018
UEMKRD	UEM2018
UEMSA	UEM2018
UEMRDPG	UEM2018
UEMCO2	UEM2018
UEMKPG	UEM2018
LUCAS1	COCE2018
QUERARR	COCE2018
LTRDL	COCE2018
ORQUERR	COCE2018
JAMOORA	COCE2018
CHFINT	ENOC2018
CHFBINS	ENOC2018
AOA	ENOC2018
CHESS1	ENOC2018
DCODE	ENOC2018
GRIDGM	ENOC2018
CHFGM	ENOC2018
OPN21	MITC2018
SCOAS	MITC2018
FLRM	MITC2018
INT21	MITC2018
GA	MITC2018
MINDSUM	OCT18B
TREEWALK	OCT18B
HMAPPY	OCT18B
SURCHESS	OCT18B
CPCOMP	OCT18B
CHSERVE	OCT18B
BITOBYT	OCT18B
CCIRCLES	OCT18B
DISTRING	OCT18B
BBRICKS	OCT18B
EXP005	CCCO2017
EXP006	CCCO2017
EXP007	CCCO2017
CODG1701	CODG2017
CODG1702	CODG2017
CODG1703	CODG2017
CODG1704	CODG2017
CODG1705	CODG2017
VOWPAIR	ALQU2018
POWTWO	ALQU2018
GDP	ALQU2018
SUBMAX	ALQU2018
MAXTRIP	ALQU2018
SUPPRM	ALQU2018
MEMOLOG	EXPP2018
GREEDYCH	EXPP2018
GRAPHB	EXPP2018
SUBAND	EXPP2018
MINWORK	EXPP2018
BAL	KJCS2018
BOOK	KJCS2018
BOND	KJCS2018
SIXSTR	KJCS2018
LTR	KJCS2018
CYSEP01	CYSE2018
DIFSQ	CYSE2018
CYSEP03	CYSE2018
FTFC	CYSE2018
GRAPHLOS	CYSE2018
CHEFRES	LTIME64B
OPPOSITE	LTIME64B
JDELAY	LTIME64B
BJUDGE	LTIME64B
COINPART	LTIME64B
MATCH2	LTIME64B
KOK001	KOKO2017
KOK010	KOKO2017
KOK011	KOKO2017
KOK100	KOKO2017
Q1_NU	COYH2017
Q2_NU	COYH2017
OETW	COOK98B
UPDOTR	COOK98B
DOTIT	COOK98B
MAKPERM	COOK98B
ATM2	COOK98B
GHVSSI	COOK98B
Q3_NU	COYH2017
CZAP	CZIL2017
CZLT17	CZIL2017
CZNGP17	CZIL2017
CZTT17	CZIL2017
CZTC17	CZIL2017
CGPRIME	CGSC2018
CGMAXOR	CGSC2018
CGCODE	CGSC2018
CGAAST	CGSC2018
CGSURYA	CGSC2018
CGHORSE	CGSC2018
NPLQ18A	NPLQ2018
NPLQ18C	NPLQ2018
NPLQ18F	NPLQ2018
NPLQ18B	NPLQ2018
NPLQ18D	NPLQ2018
NPLQ18G	NPLQ2018
NPLQ18E	NPLQ2018
TMRWLD	ELE32018
CRLSTR	ELE32018
CHFUCHOC	ELE32018
CHFIPUBG	ELE32018
CHFPRMDM	ELE32018
JACKJILL	ELE32018
BDMS	COW2018
TRO	COW2018
TA	COW2018
DSI	COW2018
BP	COW2018
KLV	COW2018
CRCKT	INCC2018
INVENTO	INCC2018
PRISTG	INCC2018
TWOARY	INCC2018
MXPROD	CCWC2018
DINI	CCWC2018
BONAPP	CCWC2018
ONEQUE	CCWC2018
QUES	CCWC2018
WFORT	CCWC2018
BSTOP	CCWC2018
ARGTS	ENSE2018
CHFDT	ENSE2018
CHFWV	ENSE2018
CTKL	ENSE2018
BINMT	ENSE2018
PROFBL	ENSE2018
ARGTS2	ENSE2018
MNZEQ	ENSE2018
CHFBD	ENSE2018
EVENODD1	GOV32018
EVENODD2	GOV32018
GO3	GOV32018
GO5	GOV32018
GGLMAGIC	GOV32018
GGLSTRNG	GOV32018
PHOTOCOM	SEPT18B
MAGICHF	SEPT18B
CHEFLST	SEPT18B
XORIER	SEPT18B
CHEFZERO	SEPT18B
FCTR	SEPT18B
TABGAME	SEPT18B
CHEFADV	SEPT18B
BSHUFFLE	SEPT18B
ANDSQR	SEPT18B
STCFOTT	SEPT18B
CZFS17	CZIL2017
CZMG17	CZIL2017
CDSI6	COIS2017
CDSI7	COIS2017
CIS7	COIS2017
CDSI8	COIS2017
CIS4	COIS2017
CDSI17	COIS2017
RUN	SICJ2017
FRIEND	SICJ2017
HOUSE	SICJ2017
IMGOD	INQU2018
SQMANIA	INQU2018
TRIANLUV	INQU2018
SACGAME	INQU2018
GOPALMAT	INQU2018
KATEKAR	INQU2018
ANOMALY	INQU2018
CHFRST	BIBA2018
SQCB	BIBA2018
GCTNM	BIBA2018
RECTSQR	BIBA2018
BUGF18A	BUGF2018
BUGF18B	BUGF2018
BUGF18C	BUGF2018
BUGF18D	BUGF2018
BUGF18E	BUGF2018
CAH01	CAH1801
LONVIJJU	ICOP1902
VIJJUPAR	ICOP1902
TARITAR	ICOP1902
TIMPLEM	ICOP1902
LRPRINT	CYAU2018
SUITUP	CYAU2018
DEANSAM	CYAU2018
GOLDEW	CYAU2018
SUSACT	CYAU2018
SPOOL	LTIME63B
EID	LTIME63B
PROBSET	LTIME63B
XTGR	LTIME63B
JAGAM	LTIME63B
GHMC	LTIME63B
CODE	SICJ2017
COUPLE	SICJ2017
XORTREEH	OCT17
MEX	OCT17
CHEFCOUN	OCT17
MARRAYS	OCT17
BUG2K18A	BUGE2018
BUG2K18B	BUGE2018
BUG2K18C	BUGE2018
BUG2K18D	BUGE2018
BUG2K18E	BUGE2018
FUNKNOW	ISTS2018
CHOCPAIR	ISTS2018
DECODE	ISTS2018
TOURNEY	ISTS2018
DIGITSUM	ISTS2018
POWOFPOW	ISTS2018
MIXGA	COOK97B
HACKFU	COOK97B
GUZAC	COOK97B
NQNF	COOK97B
STTT	COOK97B
BFTT	COOK97B
CHEFCCYL	OCT17
CHEFGP	OCT17
LKYEDGE	OCT17
PERFCONT	OCT17
POINTCN	OCT17
SHTARR	OCT17
PROC18A	PROC2018
PROC18B	PROC2018
PROC18C	PROC2018
PROC18D	PROC2018
PROC18E	PROC2018
PROC18F	PROC2018
CEW1	COWC2018
CEW2	COWC2018
CEW3	COWC2018
CEW4	COWC2018
CEW5	COWC2018
CEW6	COWC2018
BYTFST	COAT2018
PHTSHT	COAT2018
TRNJRN	COAT2018
SWORDFIG	COAT2018
ACEBIT	CNES2017
SPCLPN	COAT2018
GAMEPR	COAT2018
MYSTWEEK	COAT2018
QM10P5A	KQM52018
QM10P5B	KQM52018
PCJ18A	PCJ2018
PCJ18B	PCJ2018
PCJ18C	PCJ2018
PCJ18D	PCJ2018
PCJ18E	PCJ2018
PCJ18G	PCJ2018
PCJ18F	PCJ2018
GRDPRTY	ENAU2018
PLYNUM	ENAU2018
CHFJB	ENAU2018
KNGPRB	ENAU2018
MISKEY	ENAU2018
BRNDG	ENAU2018
CHFSQN	ENAU2018
ARRPROB	ENAU2018
ACTNBM	ENAU2018
CF1926	CF22018
CF1922	CF22018
CF1924	CF22018
CF1921	CF22018
CF1920	CF22018
CF1923	CF22018
CCG	COHR2018
CAMT	COHR2018
CAI0	COHR2018
MCHN	COHR2018
ALGO	COHR2018
CLCTN	COHR2018
PESTS	COHR2018
MMRY	COHR2018
DARY	COHR2018
PRINDRAG	AUG18B
MYST	AUG18B
LONCYC	AUG18B
RIVER	AUG18B
KCOMPRES	AUG18B
SAFPAR	AUG18B
SHKNUM	AUG18B
SPELLBOB	AUG18B
PROBLEMS	AUG18B
INMAT	AUG18B
GCDMOD	AUG18B
ACEORG	CNES2017
ACENEW	CNES2017
ACEWAR	CNES2017
ACEDSS	CNES2017
ACESQN	CNES2017
KJCS17A	KJCS17
KJCS17C	KJCS17
KJCS17D	KJCS17
KJCS17E	KJCS17
KJCS17F	KJCS17
C00K0FF	LTIME52
LGOODSUB	SGHC2018
MATRCOMB	SGHC2018
MAXPARTI	SGHC2018
SPLST	LTIME62B
FRCPRT	LTIME62B
GCDSUM	LTIME62B
MKSTR	LTIME62B
MEXRNG	LTIME62B
PRMDIV	LTIME62B
CHEFDICE	LTIME52
CHEFPCHF	LTIME52
CHEFTRAF	LTIME52
CHEFTRAV	LOCSEP17
CHEFSTCK	LOCSEP17
JMAGNUM	LOCSEP17
VKDECOMP	LOCJUL18
CMK	LOCJUL18
TAJ	LOCJUL18
COLCHEF	LOCJUL18
CLPOINT	LOCJUL18
F2NDMAX	COOK96B
ORMATRIX	COOK96B
ENCMSG	COOK96B
STICKS2	COOK96B
CHAQOT	COOK96B
CHGCDG	COOK96B
ICPCSEL	LOCSEP17
COCOPROD	LOCSEP17
TAXR	LOCSEP17
CGEEK01	COGE2017
CGEEK02	COGE2017
CGEEK03	COGE2017
EXACTWAL	IOITC182
COINDENO	IOITC182
CHANGNUM	IOITC182
DECUNI	ICOP1901
MEANARR	ICOP1901
ARRCENT	ICOP1901
TREEUGH	ICOP1901
T21	ISCC2018
T22	ISCC2018
T23	ISCC2018
T24	ISCC2018
T25	ISCC2018
T26	ISCC2018
T28	ISCC2018
T30	ISCC2018
T27	ISCC2018
T29	ISCC2018
MGCSET	JULY18B
PINS	JULY18B
NSA	JULY18B
EQUILIBR	JULY18B
WARTARAN	JULY18B
SUBWAY	JULY18B
NMNMX	JULY18B
GEARS	JULY18B
PDELIV	JULY18B
PFRUIT	JULY18B
JERRYTOM	JULY18B
CGEEK0X	COGE2017
CGEEK0Y	COGE2017
BAGAPRIM	KICW2017
ANUPROD	KICW2017
REVCASE	KICW2017
LIKECS01	COOK86
LIKECS02	COOK86
LIKECS03	COOK86
LIKECS04	COOK86
LIKECS05	COOK86
KPRR	COGA2017
REPML	COGA2017
C002	CIU2018
TREESORT	LTIME61B
XORSORT2	LTIME61B
TBGRAPH	LTIME61B
DOCSDEL	LTIME61B
NUM239	LTIME61B
SUMPOWER	LTIME61B
WALKKHL	COGA2017
INSQ17P	INQU2017
INSQ17E	INQU2017
INSQ17X	INQU2017
INSQ17Z	INQU2017
INSQ17V	INQU2017
LOC18JUN	LOCJUN18
CHEFCUP	LOCJUN18
KATANA	LOCJUN18
RANDB	LOCJUN18
NOOB	LOCJUN18
CYCLECOL	IOITC181
KPERFMAT	IOITC181
CIRCINTE	IOITC181
SONYASEG	COOK95A
DANYANUM	COOK95A
MINIONS	COOK95A
BTMNTREE	COOK95A
NUMCOMP	COOK95A
GOODPERM	COOK95A
INSQ17R	INQU2017
INSQ17W	INQU2017
BUG2K17A	BUGE2017
QM10A	KQ102018
QM10B	KQ102018
FRIEZA	QUCO2018
GOHAN	QUCO2018
KRILLIN	QUCO2018
VEGETA	QUCO2018
BEERUS	QUCO2018
PLUSEQ	JUNE18A
ARCTR	JUNE18A
BIBOARD	JUNE18A
NAICHEF	JUNE18A
BINSHFFL	JUNE18A
SHKSTR	JUNE18A
WAREHOUS	JUNE18A
VSN	JUNE18A
WRKWAYS	JUNE18A
BUILDIT	JUNE18A
TWOFL	JUNE18A
BUG2K17C	BUGE2017
BUG2K17B	BUGE2017
BUG2K17D	BUGE2017
BSTFUNC	CLCW2017
SPDF	CLCW2017
MXAVG	CLCW2017
RNGOR	CLCW2017
GOTLOL	CLCW2017
MARO	CLCW2017
SUMCUBE	SEPT17
WEASELTX	SEPT17
ELECTION	LOCMAY18
DSERIES	LOCMAY18
PRIMECLO	LOCMAY18
PERMSUM	LOCMAY18
REMAIN	LOCMAY18
SBSTR	LTIME60A
SHIFTPAL	LTIME60A
WEAKMID	LTIME60A
PLUS	LTIME60A
TSUM2	LTIME60A
TRACE	LTIME60A
MINPERM	SEPT17
CHEFPDIG	SEPT17
CHEFSUM	SEPT17
FILLMTR	SEPT17
QGRID	SEPT17
WEASELSC	SEPT17
CHEFLAKE	COOK94A
KMXOR	COOK94A
CHEFLMN	COOK94A
CHEFTRVL	COOK94A
CHEFRUN	COOK94A
CHEFPIC	COOK94A
SEACO	SEPT17
SEAFUNC	SEPT17
MATDYS	LTIME51
MATPAN	LTIME51
MATTEG	LTIME51
MATCUT	LTIME51
RUBBER	MAY18A
EDGEST	MAY18A
SERSUM	MAY18A
RD19	MAY18A
XORAGN	MAY18A
MTYFRI	MAY18A
NONCONVX	MAY18A
CHSIGN	MAY18A
STMINCUT	MAY18A
FAKEBS	MAY18A
DBFB	MAY18A
KMAX	LOCAUG17
GTREE	LOCAUG17
ALTSUB	LOCAUG17
ALATE	LOCAUG17
PRINCESS	LOCAUG17
ELEVSTRS	COOK85
GAMSTICK	COOK85
MTRXMOD	COOK85
OBTTRNGL	COOK85
TRCNTCT	COOK85
MGS	TETO2017
COX01	COX2018
COX02	COX2018
COX03	COX2018
COX04	COX2018
COX05	COX2018
TWOVSTEN	LTIME59A
GCDDIV	LTIME59A
TREE3	LTIME59A
NPORP	LTIME59A
FFT	LTIME59A
DARTSEGM	LTIME59A
THSF	TETO2017
GRTGM	TETO2017
NG	TETO2017
CHEFMOVR	AUG17
CHEFFA	AUG17
RAINBOWA	AUG17
OJUMPS	MAY14
CHEFBM	MAY14
SEAGM	MAY14
COMPILER	MAY14
ANUDTQ	MAY14
SEINC	MAY14
ANUMFS	MAY14
LEBALONS	MAY14
FUNAGP	MAY14
RRSTONE	MAY14
PERFNEC	LOCAPR18
TRGR	LOCAPR18
CRICSCR	LOCAPR18
DOBDELIV	LOCAPR18
PALLIND	LOCAPR18
MARRIAGE	BCRR2018
ATDSHT	BCRR2018
LUVNUM	BCRR2018
HLPCRUSH	BCRR2018
TOINF	BCRR2018
VYREVY	BCRR2018
HACKRMAN	BCRR2018
PWNCHESS	COOK93A
HAMEL	COOK93A
CHEFGORO	COOK93A
BINIM	COOK93A
RUNDIR	COOK93A
CUTBOARD	COOK93A
GCAC	AUG17
PALINGAM	AUG17
STRINGRA	AUG17
WALKBT	AUG17
HILLJUMP	AUG17
MATDW	AUG17
IEMCO5A	IEMCO5
IEMCO5B	IEMCO5
IEMCO5C	IEMCO5
IEMCO5D	IEMCO5
IEMCO5E	IEMCO5
IEMCO5F	IEMCO5
ADP	CORP2018
TEX	CORP2018
IOC	CORP2018
ENP	CORP2018
GOODS	CORP2018
CODEX001	CXII2018
CODEX003	CXII2018
CODEX000	CXII2018
OCM	CMA22018
GANGS	CMA22018
ENGINEER	CMA22018
EGJAM	CMA22018
CHOCOSTK	CMA22018
CLUSCL	COLE2018
CLKLZM	COLE2018
CLERVT	COLE2018
CLTNGL	COLE2018
CLFIBD	COLE2018
CLSUMG	COLE2018
AVNRTRI	AVEN2018
AVNRLIN	AVEN2018
AVN18ENC	AVEN2018
AVNRSER	AVEN2018
AVN18FNL	AVEN2018
AVN18CMP	AVEN2018
SND18TPP	DAVC2018
SANDTIC	DAVC2018
SANDARY	DAVC2018
SAND7	DAVC2018
SANDSHOP	DAVC2018
EXODIA	DEME2018
DELICEIL	DEME2018
CREP	DEME2018
SANTA2	DEME2018
BINDIF	DEME2018
GRPLS	DEME2018
ENC2020A	ENCO2020
ENC2020B	ENCO2020
ENC2020D	ENCO2020
ENC2020E	ENCO2020
ENC2020F	ENCO2020
HLPSAM	BLAS2020
MKTRNG	BLAS2020
TM	BLAS2020
MIMAX	BLAS2020
WCPL	BLAS2020
PATTE1	CHLG2020
MINI2	CHLG2020
KIDEE1	CHLG2020
CCFUND	CHLG2020
MATH88	CHLG2020
NBC001	NOOB2020
FLOWERPO	AUG17
NBC003	NOOB2020
NBC002	NOOB2020
NBC004	NOOB2020
NBC006	NOOB2020
NBC005	NOOB2020
STMX17	CFW32020
OMGO	CFW32020
COV3DEAL	CFW32020
GKLDPRCT	CFW32020
AYUSCRT	CFW32020
GSARRY	CFW32020
WC01	WNTR2020
WC02	WNTR2020
WC03	WNTR2020
WC04	WNTR2020
WC05	WNTR2020
WC06	WNTR2020
WC07	WNTR2020
WC08	WNTR2020
ORFA	SCC42020
SSEC0029	SCC42020
SSEC0018	SCC42020
SSEC0025	SCC42020
ADADISH	NOV20B
FEMA2	NOV20B
CNDYGAME	NOV20B
RESTORE	NOV20B
UNSQUERS	NOV20B
RB2CNF	NOV20B
CHEFSSM	NOV20B
SCALSUM	NOV20B
SELEDGE	NOV20B
PANIC	NOV20B
CONGRID	NOV20B
JONSNOW	PROJ2017
CURREQ	PROJ2017
IMPPAL	PROJ2017
TRAVLMIN	PROJ2017
WEIRD	PROJ2017
NODEJP	PROJ2017
FNDJOB	PROJ2017
LOSTMAX	LTIME50
MAXOR	LTIME50
TRAVELAL	LTIME50
DIVSET	LTIME50
EOOPR	INFY20A
SOLDVAL	INFY20A
RRUN	INFY20A
GMSTN	INFY20A
KTREE	INFY20A
KGCD	INFY20A
SNACKUP	COOK83
ADADET	COOK83
ADACRA	COOK83
PREFIXOR	SNEL17RP
WIQ	SNEL17RP
FOURPTS	SNEL17RP
ECPC10E	ECPG2020
ECPC10F	ECPG2020
ECPC10G	ECPG2020
ECPC10A	ECPG2020
ECPC10B	ECPG2020
ECPC10C	ECPG2020
ECPC10D	ECPG2020
ANDOR	LTIME89B
SUBMEXS	LTIME89B
GSUB	LTIME89B
COPAR	LTIME89B
SSO	LTIME89B
CDSUMS	LTIME89B
EFLIP	LTIME89B
ANCESTOR	SNEL17RP
CHEFPRAD	SNEL17RP
GQUERY	SNEL17RP
MEXDIV	SNEL17RP
PLUSMUL	SNEL17RP
ROBOTDAG	SNEL17RP
BLACKCOM	SNEL17RP
STONKSA	KZEN2020
STONKSB	KZEN2020
STONKSE	KZEN2020
STONKSC	KZEN2020
STONKSD	KZEN2020
RC_Q1	RVRS2020
RC_Q2	RVRS2020
RC_Q3	RVRS2020
RC_Q4	RVRS2020
RC_Q5	RVRS2020
RC_Q6	RVRS2020
RC_Q7	RVRS2020
RC_Q8	RVRS2020
RC_Q9	RVRS2020
RC_Q10	RVRS2020
RC_Q11	RVRS2020
RC_Q12	RVRS2020
RC_Q13	RVRS2020
RC_Q14	RVRS2020
RC_Q15	RVRS2020
RC_Q16	RVRS2020
RC_Q17	RVRS2020
RC_Q18	RVRS2020
RC_Q19	RVRS2020
APOC2_01	APO12020
APOC2_02	APO12020
APOC2_03	APO12020
APOC2_04	APO12020
APOC2_05	APO12020
CGMN1	CGRL2020
CGPP2	CGRL2020
CGTR03	CGRL2020
CGPPR04	CGRL2020
CGAU05	CGRL2020
SPLITIT	COOK123B
DECREM	COOK123B
PATHSUMS	COOK123B
DIANE	COOK123B
INVERACT	COOK123B
XOXO	COOK123B
MORPH21	COOK123B
PERFSQRS	COOK123B
SPCLN	SNCKEL17
OCTAVE	CSPR2020
RRACE	CSPR2020
KCUBE	CSPR2020
SHER	CSPR2020
ICE	CSPR2020
INQU2000	INSO2020
INQU2001	INSO2020
INQU2002	INSO2020
INQU2003	INSO2020
INQU2004	INSO2020
INQU2005	INSO2020
INQU2006	INSO2020
INQU2007	INSO2020
COFOCTP1	COF2020
COFOCTP2	COF2020
CHFMNT	STR2020
PERRY	STR2020
INVASION	STR2020
FORFS	STR2020
TRP	STR2020
DOGGO	STR2020
QUEFNX	STR2020
WEIRDTOP	STR2020
MATMIN1	LOGI2020
CHEFG999	LOGI2020
FIZZA	LOGI2020
FROD	LOGI2020
SEIGE	LOGI2020
AVGMED	LOGI2020
MPOW	LOGI2020
HNH01	NEWB2020
PREGLO	NEWB2020
CNFCT	NEWB2020
BUYCD	NEWB2020
LXORR	NEWB2020
FGHTXT	NEWB2020
ACODEX2	COX22020
CCODEX2	COX22020
DCODEX2	COX22020
HCODEX2	COX22020
ICODEX2	COX22020
JCODEX2	COX22020
TAWY001	TAWY2020
TAWY002	TAWY2020
TAWY003	TAWY2020
TAWY004	TAWY2020
GURUJI	TEWE2020
BINOD	TEWE2020
THEFIN	TEWE2020
FIXTHE	TEWE2020
COVIDCR	TEWE2020
ARYANCO	TEWE2020
DBAS	TEWE2020
DC10001	DECI2020
DC10002	DECI2020
DC10003	DECI2020
DC10004	DECI2020
DC10005	DECI2020
DC10006	DECI2020
CHEFEZQ	OCT20B
CVDRUN	OCT20B
REPLESX	OCT20B
POSAND	OCT20B
VILLNET	OCT20B
RANDKNAP	OCT20B
DDIMMST	OCT20B
SEGCOMPR	OCT20B
ADDSQURE	OCT20B
INVSMOD2	OCT20B
ROOTMST	OCT20B
TSECJ105	TSCO2017
TSECJ104	TSCO2017
TSECJ101	TSCO2017
TSECJ102	TSCO2017
TSECJ106	TSCO2017
TSECJ103	TSCO2017
CAVECOIN	LOCJUL17
BOSSLOSS	LOCJUL17
AMITNITI	LOCJUL17
SCHAR	LOCJUL17
MAAFIA	LOCJUL17
SIPM	CZEN2020
ZRACE	CZEN2020
RGSPY	CZEN2020
ALCHH	CZEN2020
NHSPN	CZEN2020
AVVST	CZEN2020
CODSTAN4	CFUN2020
CODSTAN1	CFUN2020
CODSTAN2	CFUN2020
CODSTAN6	CFUN2020
CODSTAN7	CFUN2020
CCH1	GACE2020
CCH2	GACE2020
CCH3	GACE2020
CHNGFUNC	COOK84
CHNGOR	COOK84
CHNGSEQ	COOK84
CHNGSUM	COOK84
BIPARTRE	COOK84
PATROL	ISCC2017
TRAVERSE	ISCC2017
CEXE01	COME2018
CEXE02	COME2018
CEXE03	COME2018
CEXE04	COME2018
CEXE05	COME2018
CEXE06	COME2018
CEXE07	COME2018
CEXE08	COME2018
CHFCHL	KJSC2018
CALPRB	KJSC2018
CHSEC	KJSC2018
FINDFRM	KJSC2018
ZOMB	KJSC2018
APR105	COLF2018
APR102	COLF2018
APR101	COLF2018
APR103	COLF2018
APR104	COLF2018
APR106	COLF2018
NN02	NOON2018
NN03	NOON2018
NN04	NOON2018
NN005	NOON2018
NN01	NOON2018
FLC	JOBE2018
GBP	JOBE2018
RVS	JOBE2018
FRW	JOBE2018
ESS	JOBE2018
TECHNO1	COIE2018
TECHNO2	COIE2018
TECHNO4	COIE2018
TECHNO3	COIE2018
TECHNO06	COIE2018
TECHNO07	COIE2018
TECNO8	COIE2018
TECHNO08	COIE2018
EDGBASE	CODO2018
SMST	CODO2018
AXXOR	CODO2018
EVON	CODO2018
EDGEXP	CODO2018
COUT18A	CODO2018
MCOIN	CODO2018
CHEFPAR	APRIL18B
VAIMIN	APRIL18B
GOODPREF	APRIL18B
CUTPLANT	APRIL18B
HIGHWAYC	APRIL18B
WGHTNUM	APRIL18B
AVGPR	APRIL18B
CHEFWORK	APRIL18B
CHEFAT	APRIL18B
JADUGAR	APRIL18B
SSPLD	APRIL18B
JADUGAR2	APRIL18B
HISTOSIM	ISCC2017
AHHOUSE	ISCC2017
SEQUA	ISCC2017
NODDC	ISCC2017
RUINEDF	ISCC2017
MULDIG	JULY17
PSHTTR	JULY17
CHEFSIGN	JULY17
NITIKA	JULY17
EXPTREE	JULY17
CALC	JULY17
IPCTRAIN	JULY17
ENIG10	CMEL2018
YFG	CMEL2018
XDS	CMEL2018
CRISIS	CMEL2018
CNTL	CMEL2018
SEGSM	CMEL2018
LCSTSUB	CMEL2018
SINS	CMEL2018
CMPVIRS	CMEL2018
CNDLOVE	CMEL2018
GQR	LTIME58A
TRS	LTIME58A
ARRP	LTIME58A
AFK	LTIME58A
FRK	LTIME58A
ZOZ	LTIME58A
TWOCOINS	JULY17
APRPS	JULY17
SRVRS	JULY17
ANDGRAPH	SNFL17MR
MATRIXUM	SNFL17MR
MINIMAX	SNFL17MR
TIME14	FOOY2018
FOOLU18	FOOY2018
EXCL18	FOOY2018
HAND01	FOOY2018
HARD101	FOOY2018
QM9A	KQM92018
QM9B	KQM92018
MSTC01	MMFO2018
MSTC02	MMFO2018
MSTC04	MMFO2018
IT003	CEM2018
IT001	CEM2018
IT002	CEM2018
GSMAR18A	GSMAR18
GSMAR18B	GSMAR18
GSMAR18C	GSMAR18
SPSUM	INSO2018
STSWAP	INSO2018
CONSEL	INSO2018
HIGHINT	INSO2018
CBS	INSO2018
CNTNODE	INSO2018
STRAIGHT	INSO2018
GOFG	INSO2018
EZDP	INSO2018
FUNFUN	INSO2018
CO92MATR	COOK92A
CO92TREE	COOK92A
CO92REST	COOK92A
CO92SUBW	COOK92A
MXPATH	COOK92A
CO92JUDG	COOK92A
REFUELS	SNFL17MR
MINDEG	SNFL17MR
HULLSUM	SNFL17MR
WEAPONS	SNFL17MR
UNIVERSE	SNFL17MR
BCYCLES	SNFL17MR
XDXD	PRWR2018
RATM	PRWR2018
VKNCR	PRWR2018
SQCUBE	PRWR2018
KTREES	PRWR2018
AMPRO	CONI2018
SMSAN	CONI2018
FRNTR	CONI2018
CBLCRS	CONI2018
CRDGM	CONI2018
HARRYCOS	ALKH2018
HARRYDH1	ALKH2018
HARRYWND	ALKH2018
HARRYHBP	ALKH2018
HELPVOLD	ALKH2018
HEDWIG	ALKH2018
ROOMOFRM	ALKH2018
HARRYGOF	ALKH2018
HARRYPSS	ALKH2018
HARRYDH2	ALKH2018
SIMPLPRO	CODN2018
SMSQR	CODN2018
SPRTJRSY	CODN2018
EVNDIL	CODN2018
MODPR	CODN2018
FLGAME	CODN2018
GDSTRNG	CODN2018
PACMAN	CODN2018
BTLGDN	CODN2018
ZVAL	CODN2018
ADASUM	GOC2018
ANUSQU	GOC2018
KUNDIG	GOC2018
KHCARD	GOC2018
ANIRWO	GOC2018
YDIV1	COUT2018
SUP1	COUT2018
ADI	COUT2018
STRS	COUT2018
SUPRUP	COUT2018
SWASI	COUT2018
CADD1	COUT2018
CADD2	COUT2018
SAN1	CAC2018
AVSD	CAC2018
PID	CAC2018
ERD	CAC2018
QM8A	KQM82018
QM8B	KQM82018
TCQF218A	TCQ22018
TCQF218B	TCQ22018
TCQF218C	TCQ22018
TCQF218D	TCQ22018
CHEGLOVE	MARCH18A
BIGSALE	MARCH18A
MINEAT	MARCH18A
MINVOTE	MARCH18A
MIXCOLOR	MARCH18A
XXOR	MARCH18A
PSHTRG	MARCH18A
GCDCNT	MARCH18A
CUTTREE	MARCH18A
CHEFKNN	MARCH18A
EMBDTREE	MARCH18A
MAXIEDGE	SNFL17MR
TMS	MOPC2018
GNM	MOPC2018
LMAD	MOPC2018
JS2	MOPC2018
DSA	MOPC2018
ICL1803	ICL2018
ICL1801	ICL2018
ICL1802	ICL2018
ICL1805	ICL2018
ICL1804	ICL2018
NCC1801	NCC2018
NCC1802	NCC2018
NCC1803	NCC2018
NCC1804	NCC2018
NCC1805	NCC2018
NCC1806	NCC2018
NCC1807	NCC2018
TCENT	BYTC2018
SHRE	BYTC2018
ALPHAS	BYTC2018
MDIM	BYTC2018
FEEDBACK	BYTC2018
DISTRANG	BYTC2018
RECSUM	BYTC2018
HOLGAME	BYTC2018
BONGSUM	BYTC2018
HILLS	LTIME57
GAMENUMB	LTIME57
BORDER	LTIME57
COUPLES	LTIME57
GSFEB18B	GSF2018
GSFEB18C	GSF2018
GSFEB18D	GSF2018
C3PRB1	CCU2018
C3PRB2	CCU2018
C3PBR3	CCU2018
FCC01	FSCC2018
FCC02	FSCC2018
FCC03	FSCC2018
FCC04	FSCC2018
FCC05	FSCC2018
CCOOK	COOK91
CTHREE	COOK91
CSUBSEQ	COOK91
CARRAY	COOK91
CTREE	COOK91
PM2A	KPM22018
PM2B	KPM22018
PM2C	KPM22018
BIT_NJ	OVEC2018
BIT_BS	OVEC2018
BIT_NS	OVEC2018
BIT_NB	OVEC2018
BIT_T7	OVEC2018
KRYP1	CODR2018
KRYP2	CODR2018
KRYP3	CODR2018
KRYP4	CODR2018
KRYP5	CODR2018
KRYP6	CODR2018
HOF2	HACF2018
HOF3	HACF2018
STRLU	HACF2018
SS	HACF2018
PRA	HACF2018
CIR	HACF2018
COMAPR04	COM2018
COMAPR02	COM2018
COMAPR06	COM2018
COMAPR01	COM2018
COMAPR03	COM2018
COMAPR05	COM2018
COMAPR07	COM2018
BOTTLES	ENCI2018
CHEFBAM	ENCI2018
PAD19	ENCI2018
TOMJE	ENCI2018
ENCPH1	ENCI2018
BAR3	ENCI2018
QM6P5A	KQM6518
QM6P5B	KQM6518
COCO1	COCO2018
COCO2	COCO2018
COCO3	COCO2018
COCO4	COCO2018
COCO5	COCO2018
COCO6	COCO2018
DL2017A	DEAD2018
DL2017B	DEAD2018
DL2017C	DEAD2018
DL2017D	DEAD2018
DL2017E	DEAD2018
ADGRAPHS	BLUP2018
WTRDIL	BLUP2018
FIBPOWER	BLUP2018
STRFIB	BLUP2018
ADSTRING	BLUP2018
COCU2	COCU2018
COCU3	COCU2018
COCU4	COCU2018
COCU5	COCU2018
COCU1	COCU2018
TCQF181A	TCQ2018
TCQF181B	TCQ2018
TCQF181D	TCQ2018
TCQF181C	TCQ2018
AMDRUNK	AMR17ROL
AMMAGIC	AMR17ROL
AMRACES	AMR17ROL
AMBOXES	AMR17ROL
AMPUZZLE	AMR17ROL
CRYPCUR	AMR17ROL
QUADFUNC	AMR17ROL
LAUGHMEN	AMR17ROL
SIMPPOLY	AMR17ROL
CODERLIF	AMR17ROL
AMLEX	AMR17ROL
DARKO	CBEN2018
LEONARD	CBEN2018
TYLER	CBEN2018
CLANCY	CBEN2018
WILLIAM	CBEN2018
THC1	CODH2018
ATC2	CODH2018
AMC3	CODH2018
CPC4	CODH2018
SCC5	CODH2018
PAC6	CODH2018
CLANDLBL	FEB18
CHEFPTNT	FEB18
CHEFCHR	FEB18
LUCASTH	FEB18
BROCLK	FEB18
CARPTUN	FEB18
POINPOLY	FEB18
CHANOQ	FEB18
PERMPAL	FEB18
BIAS	FEB18
GRAPHLIS	TESS2018
JACKJACK	TESS2018
INDSUB	TESS2018
FOUR	TESS2018
L56AVG	LTIME56
L56KTH	LTIME56
L56GAME	LTIME56
L56LABY	LTIME56
ZUBREACH	KOL17ROL
ZUBRIDER	KOL17ROL
ZUBPASSR	KOL17ROL
ZUBGOLD	KOL17ROL
ZUBHTREE	KOL17ROL
ZUBAPCNT	KOL17ROL
ZUBSECRT	KOL17ROL
ZUBTRCNT	KOL17ROL
ZUBPALK	KOL17ROL
ZUBSPOIL	KOL17ROL
RAWPOWER	KOL17ROL
FOOLS18A	FOPR2018
FOOLS18B	FOPR2018
FOOLS18C	FOPR2018
FOOLS18D	FOPR2018
FOOLS18E	FOPR2018
FOOLS18F	FOPR2018
FOOLS18G	FOPR2018
FINDA	COOK90
MAGA	COOK90
MULTHREE	COOK90
FARGRAPH	COOK90
SURVIVE	COOK90
QM6A	KQM62018
QM6B	KQM62018
GSJANA	GSJAN18
GSJANC	GSJAN18
GSJANB	GSJAN18
VAMSI_NU	CWF2018
VAMSI_CR	CWF2018
VAMSI_ST	CWF2018
VAMSI_GR	CWF2018
VAMSI_BT	CWF2018
VAMSI_SP	CWF2018
TRICHEF	GWR17ROL
QTRAGAIN	GWR17ROL
OPTCODE	GWR17ROL
COUPSYS	GWR17ROL
KALADIN	GWR17ROL
LIGHTARE	GWR17ROL
TALESQUA	GWR17ROL
TALETRI	GWR17ROL
ZUBWALLT	GWR17ROL
ALTTRI	PLCO2018
ANGKILL	PLCO2018
KILLLAZ	PLCO2018
CHEFSPAR	PLCO2018
PRMSWP	PLCO2018
CHFSPN	PLCO2018
CHEFCHOC	PLCO2018
EZPRB	PLCO2018
CWHIZZ01	CODW2018
CWHIZZ05	CODW2018
CWHIZZ02	CODW2018
CWHIZZ04	CODW2018
CSGGV1	CODS2018
CSGGV2	CODS2018
CSGGV3	CODS2018
CSGGV4	CODS2018
CSGGV5	CODS2018
SCIENCEF	KGP17ROL
DISCAREA	KGP17ROL
STRLBP	KGP17ROL
SADQ	KGP17ROL
TAXITURN	KGP17ROL
SPAMCLAS	KGP17ROL
NONOVSEG	KGP17ROL
SPANTREE	KGP17ROL
GENPERM	KGP17ROL
NUMBGAME	KGP17ROL
XORQUERY	KGP17ROL
VAMSI_JL	CW2018
VAMSI_CY	CW2018
COW18_6	CW2018
COW18_7	CW2018
PROB_5	CW2018
PROB_4	CW2018
SHK01	CTLH2018
SHK02	CTLH2018
SHK03	CTLH2018
FBCH	CTLH2018
ELHIDARR	CHN17ROL
DEFOREST	CHN17ROL
BLREDSET	CHN17ROL
OBEXPVAL	CHN17ROL
CODIE	CHN17ROL
AREAFIGR	CHN17ROL
MRO	CHN17ROL
VRTXCOVR	CHN17ROL
GOODBAD	CHN17ROL
MANCBST	CHN17ROL
MINSTR	CHN17ROL
SQRGOOD	JAN18
KILLKTH	JAN18
MONSTER	JAN18
MAXSC	JAN18
RECTANGL	JAN18
KCON	JAN18
STRMRG	JAN18
PRTITION	JAN18
XYHUMOQ	JAN18
CHEFPALS	JAN18
PCAKE	LOCJUN17
KCHAR	LOCJUN17
PRATABHI	LOCJUN17
HHMGN	LOCJUN17
RIDDLE99	LOCJUN17
TWONMS	LTIME49
MAXSEGM	LTIME49
SHDWCMP	LTIME49
COMPCLUB	LTIME49
CENTREE	COOK83
KNICOV	COOK83
ES	JUNE17
GOODSET	JUNE17
PRMQ	JUNE17
CLONEME	JUNE17
OAK	JUNE17
SUMQ	JUNE17
XENRANK	JUNE17
UNIONSET	JUNE17
NEO01	JUNE17
SBTR	JUNE17
CAPTCITI	SNCKPB17
SNELECT	SNCKPB17
SNCOUP	SNCKPB17
SNSOCIAL	SNCKPB17
SNDISCUS	SNCKPB17
SNGRAPH	SNCKPB17
PROTEPOI	SNCKPA17
TEAMFORM	SNCKPA17
SNTEMPLE	SNCKPA17
GAMEBALL	SNCKPA17
ISSNAKE	SNCKPA17
CONSESNK	SNCKPA17
TELEPORT	LTIME48
PREFINVS	LTIME48
POSTTREE	LTIME48
SUBINVER	LTIME48
LOC172	LOCMAY17
DTREE	LOCMAY17
VTREE	LOCMAY17
ARGCD	LOCMAY17
BONDFOND	LOCMAY17
COOK82A	COOK82
COOK82B	COOK82
COOK82C	COOK82
COOK82D	COOK82
COOK82E	COOK82
SNAKPROC	SNCKQL17
SNAKEEAT	SNCKQL17
TEMPLELA	SNCKQL17
SAMESNAK	SNCKQL17
BITMASK1	BITM2017
BITMASK2	BITM2017
BITMASK3	BITM2017
BITMASK5	BITM2017
BITMASK4	BITM2017
CHEFSUBA	MAY17
CHEFROUT	MAY17
UNICOURS	MAY17
MXMEDIAN	MAY17
GPD	MAY17
CHEFCODE	MAY17
SANDWICH	MAY17
WSITES01	MAY17
KILLER	MAY17
CHEFBATL	MAY17
SUBQUERY	LTIME13
SMPAIR	LTIME13
COPRIME3	LTIME13
DYNAINV	LTIME13
CHEFZOT	JUNE14
DIGJUMP	JUNE14
FUNC	JUNE14
GUESS	JUNE14
MAXPR	JUNE14
SEAARC	JUNE14
TWOCOMP	JUNE14
FORGETPW	JUNE14
DARTS	JUNE14
LEBLOCKS	JUNE14
APPROX2	LTIME12
DIVSUBS	LTIME12
TROOT	LTIME12
BNGAME	LTIME12
QUAD	NCC2014
EXAM	NCC2014
MULDIV	NCC2014
SNOOKER	NCC2014
RECT	NCC2014
SNET	NCC2014
GMB02	CDSN2014
GMB01	CDSN2014
GMB03	CDSN2014
GMB04	CDSN2014
GMB05	CDSN2014
TANDC	LTIME11
KFORK	LTIME11
CIRCLE	LTIME11
MPROD	LTIME11
CG01	CDGR2014
CG02	CDGR2014
CG03	CDGR2014
CG04	CDGR2014
CG05	CDGR2014
CG06	CDGR2014
PROM01	PRMT2014
PROM02	PRMT2014
PROM03	PRMT2014
PROM04	PRMT2014
PROM05	PRMT2014
PROM07	PRMT2014
PROM06	PRMT2014
PROM08	PRMT2014
PROM09	PRMT2014
SSS	TUXO2014
TUX01	TUXO2014
TUX02	TUXO2014
SREENI	TUXO2014
TUX03	TUXO2014
RONR	TUXO2014
POTATOES	APRIL14
CNPIIM	APRIL14
ADIGIT	APRIL14
TANGDIV	APRIL14
LMATRIX3	APRIL14
BINTREE	APRIL14
ANUCBC	APRIL14
FBCHEF	APRIL14
SEAPERM	APRIL14
GERALD08	APRIL14
CRZ01	CDCN2014
CRZ02	CDCN2014
CRZ03	CDCN2014
CRZ04	CDCN2014
CRZ05	CDCN2014
SEQCOUNT	LTIME10
SUBSGM	LTIME10
SHGAME	LTIME10
CORRCHK	LTIME10
GOC01	GOC2014
GOC02	GOC2014
GOC03	GOC2014
GOC04	GOC2014
GOC05	GOC2014
COG14D	BTBT2014
COG14E	BTBT2014
COG14A	BTBT2014
COG14B	BTBT2014
COG14C	BTBT2014
COG14F	BTBT2014
COD01	CDR2014
COD02	CDR2014
COD03	CDR2014
COD04	CDR2014
COD05	CDR2014
COD06	CDR2014
COD07	CDR2014
COD08	CDR2014
COD09	CDR2014
JMI00	CDMR2014
JMI01	CDMR2014
JMI02	CDMR2014
JMI03	CDMR2014
JMI04	CDMR2014
ABA14A	ABCS2014
ABA14E	ABCS2014
ABA14D	ABCS2014
ABA14C	ABCS2014
ABA14F	ABCS2014
ABA14B	ABCS2014
CI4	COGZ2014
CI3	COGZ2014
CI2	COGZ2014
CI1	COGZ2014
BTCD14B	BTCD2014
BTCD14D	BTCD2014
BTCD14A	BTCD2014
BTCD14C	BTCD2014
BTCD14G	BTCD2014
BTCD14J	BTCD2014
BTCD14E	BTCD2014
BTCD14F	BTCD2014
BTCD14H	BTCD2014
BTCD14I	BTCD2014
TMSLT	MARCH14
BINTOUR	MARCH14
WALK	MARCH14
ANUGCD	MARCH14
STREETTA	MARCH14
PROSUM	MARCH14
MIKE3	MARCH14
SSTORY	MARCH14
GERALD07	MARCH14
SEASORT2	MARCH14
SNOWWAVE	DMNT2014
MULFACT	DMNT2014
ORPROFIT	DMNT2014
SNOWGAME	DMNT2014
REVADD	DMNT2014
TR002	TRNT2014
TR001	TRNT2014
TR003	TRNT2014
TR004	TRNT2014
IOPC14J	IOPC2014
IOPC14A	IOPC2014
IOPC14B	IOPC2014
IOPC14E	IOPC2014
IOPC14F	IOPC2014
IOPC14G	IOPC2014
IOPC14H	IOPC2014
IOPC14P	IOPC2014
IOPC14L	IOPC2014
IOPC14K	IOPC2014
IOPC14O	IOPC2014
IOPC14N	IOPC2014
IOPC14C	IOPC2014
IOPC14Q	IOPC2014
IOPC14D	IOPC2014
IOPC14S	IOPC2014
IOPC14R	IOPC2014
IOPC14T	IOPC2014
IOPC14M	IOPC2014
IOPC14I	IOPC2014
CDCRTS1	CDCS2014
CDCRTS2	CDCS2014
CDCRTS3	CDCS2014
CDCRTS4	CDCS2014
CDCRTS5	CDCS2014
IGNUS14B	IGNS2014
IGNUS14C	IGNS2014
IGNUS14D	IGNS2014
IGNUS14E	IGNS2014
IGNUS14A	IGNS2014
SEARRAYS	LTIME09
SEAD	LTIME09
LFEB14B	LTIME09
LFEB14A	LTIME09
ACMICL01	AICL2014
ACMICL02	AICL2014
ACMICL03	AICL2014
ACMICL04	AICL2014
QUEST	CDNCTR14
ARRAY	CDNCTR14
FEST	CDNCTR14
GOT	CDNCTR14
JADEJA	CDNCTR14
MIRRORS	CDMT2014
CINEMA	CDMT2014
CANDB	CDMT2014
TILE	CDMT2014
TILE0	CDMT2014
CDMT06	CDMT2014
MOVF	NCDFEB14
MPROJ	NCDFEB14
NFEB3	NCDFEB14
NFEB4	NCDFEB14
NFEB5	NCDFEB14
PG	CDMN2014
VOTE	CDMN2014
PAPPUG	CDMN2014
BALLOT	CDMN2014
PREDICTO	CDMN2014
CM1	CDMN2014
REMISS	COOK43
KINGSHIP	COOK43
COTA	COOK43
UNIQUE	COOK43
LPAIR	COOK43
CC2	CDCRNT14
CC1	CDCRNT14
CC3	CDCRNT14
CC4	CDCRNT14
CODQ1	CDLV2014
CODQ2	CDLV2014
CODQ3	CDLV2014
CODQ4	CDLV2014
CODQ5	CDLV2014
CODQ6	CDLV2014
CODQ7	CDLV2014
CODQ8	CDLV2014
CDZ14A	CDZL2014
CDZ14B	CDZL2014
CDZ14C	CDZL2014
CDZ14D	CDZL2014
CDZ14E	CDZL2014
CRANATOM	CRNM2014
CRANBROM	CRNM2014
CRANCBOY	CRNM2014
CRANGIRL	CRNM2014
CRANCRD	CRNM2014
CRANLOTT	CRNM2014
CRANPPOL	CRNM2014
LMATRIX	FEB14
COT5	FEB14
DAGCH	FEB14
CHSEQ22	FEB14
DRGHTS	FEB14
COLARR	FEB14
SUBMIN	FEB14
LCPESY	FEB14
TWODOGS	FEB14
LEMOVIE	FEB14
LMATRIX2	FEB14
BYTES1	TROK2014
BYTES2	TROK2014
BYTES3	TROK2014
BYTES4	TROK2014
BYTES5	TROK2014
BYTES6	TROK2014
SMHTA	SMHT2014
SMHTB	SMHT2014
SMHTC	SMHT2014
SMHTD	SMHT2014
SMHTE	SMHT2014
IITI13	DBYZ2014
IITI14	DBYZ2014
IITI15	DBYZ2014
IITI16	DBYZ2014
IITI17	DBYZ2014
ATOM	CDCRFT14
BIT	CDCRFT14
BALLS	CDCRFT14
INGREDIE	CDCRFT14
DURIND	CDCRFT14
DRUNKG	CDCRFT14
SUBBXOR	CDCRFT14
NQUEEN	CDCRFT14
MACMAY	CDCRFT14
COPRIME	CDCRFT14
GIVEAWAY	CDCRFT14
CIRCLES	CDCRFT14
CHRL1	LTIME08
CHRL3	LTIME08
CHRL2	LTIME08
CHRL4	LTIME08
REN2013A	CODX2014
REN2013B	CODX2014
REN2013C	CODX2014
REN2013D	CODX2014
REN2013E	CODX2014
REN2013F	CODX2014
REN2013G	CODX2014
REN2013I	CODX2014
REN2013J	CODX2014
REN2013K	CODX2014
CAKE1AM	COOK42
CAKE2AM	COOK42
ORDERAAM	COOK42
GAMEAAM	COOK42
GANGAAM	COOK42
APOWB	SHSTRA14
SHASSTR	SHSTRA14
SHASGAME	SHSTRA14
SHASFUN	SHSTRA14
EIGVAL	SHSTRA14
SHASGRA	SHSTRA14
AWTHR	SHSTRA14
GRETHIEF	SHSTRA14
SHAMASS	SHSTRA14
PLZLYKME	JAN14
MTRICK	JAN14
ERROR	JAN14
SEAGRP	JAN14
TAPAIR	JAN14
METEORAK	JAN14
CNTDSETS	JAN14
FGFS	JAN14
FRBSUM	JAN14
TOURBUS	JAN14
MIKE2	LTIME07
MIKE1	LTIME07
SUBARR	LTIME07
SFUNC	LTIME07
KGP13A	KGP13ACM
KGP13B	KGP13ACM
KGP13C	KGP13ACM
KGP13D	KGP13ACM
KGP13E	KGP13ACM
KGP13F	KGP13ACM
KGP13G	KGP13ACM
KGP13H	KGP13ACM
KGP13I	KGP13ACM
KGP13J	KGP13ACM
ALEXNUMB	DEC13
CHODE	DEC13
CUBE	DEC13
REALSET	DEC13
QTREE6	DEC13
DECORATE	DEC13
MARBLEGF	DEC13
REIGN	DEC13
RECTQUER	DEC13
SMPAINT	DEC13
NUMBERS	LTIME06
LMA1	LTIME06
PALINDR	LTIME06
QMARKS	LTIME06
AMIFIB	COOK40
LOWSUM	COOK40
NUMPATH	COOK40
NEXTNUM	COOK40
TRSUBTR	COOK40
LESTRING	ODCD2013
LEMARKS	ODCD2013
LEDISHES	ODCD2013
LEBALLS	ODCD2013
LETHOR	ODCD2013
LEPROM	ODCD2013
LEWEED	ODCD2013
LEWINE	ODCD2013
LEMAGIK	ODCD2013
LEFIRE	ODCD2013
GPNY	NCDRN13
UVTR	NCDRN13
UVHST	NCDRN13
TPLOT	NCDRN13
SVHR	NCDRN13
TBATTLE	CDWV2013
ACHESS	CDWV2013
TESSER	CDWV2013
IMBOX	CDWV2013
BWIDOW	CDWV2013
NFURY	CDWV2013
BUYCAR	CDCZ2013
OPDES	CDCZ2013
GOTN	CDCZ2013
GOTT	CDCZ2013
BHAV	CDCZ2013
JAGE	CDCZ2013
PRVG01	PRVG2014
PRVG02	PRVG2014
PRVG03	PRVG2014
KTHPATH	ACMKGP13
SUBSTR	ACMKGP13
JACKPOT	ACMKGP13
EDITLIST	ACMKGP13
JOHNY	NOV13
GERALD2	NOV13
SDSQUARE	NOV13
MCHAIRS	NOV13
CHEFGM	NOV13
MONOPLOY	NOV13
SPOTWO	NOV13
PRETNUM	NOV13
SEAVEC	NOV13
QPOINT	NOV13
INSCTS1	INSCRP13
INSCTS3	INSCRP13
INSCTS2	INSCRP13
INSCTS4	INSCRP13
INSCTS5	INSCRP13
CHGLSTGT	LTIME05
EXPGAME	LTIME05
CHFQUEUE	LTIME05
CNR	LTIME05
TCFST06	TCFST13
TCFST03	TCFST13
TCFST07	TCFST13
TCFST08	TCFST13
TCFST04	TCFST13
TCFST09	TCFST13
TCFST02	TCFST13
TCFST05	TCFST13
TCFST01	TCFST13
TCFST10	TCFST13
MRIU11	CDCRNC13
MRIU12	CDCRNC13
MRIU13	CDCRNC13
MRIU14	CDCRNC13
MRIU15	CDCRNC13
ALK13A	ALKH2013
ALK13B	ALKH2013
ALK13C	ALKH2013
ALK13D	ALKH2013
ALK13E	ALKH2013
ALK13F	ALKH2013
ALK13H	ALKH2013
ALK13G	ALKH2013
PPNUM	COOK39
PPTEST	COOK39
PPLUCKY	COOK39
PPXOR	COOK39
PPTREE	COOK39
STATUES	ACMKAN13
LINEPROB	ACMKAN13
STANDUP	ACMKAN13
CARDINAL	ACMKAN13
CRYPT01	CRPT2013
CRYPT04	CRPT2013
CRYPT07	CRPT2013
CRYPT06	CRPT2013
CRYPT08	CRPT2013
CRYPT02	CRPT2013
CRYPT03	CRPT2013
CRYPT05	CRPT2013
CRYPT09	CRPT2013
PREE01	DSEC2013
PREE02	DSEC2013
PREE04	DSEC2013
PREE05	DSEC2013
PREE06	DSEC2013
PREE03	DSEC2013
GOPR	UVCNCD13
GOPJ	UVCNCD13
PERHIL	UVCNCD13
CTSHT	UVCNCD13
BOTM	UVCNCD13
MAANDI	OCT13
CAOS3	OCT13
ARRGAME2	OCT13
DEG3MAXT	OCT13
FN	OCT13
LEBAMBOO	OCT13
SEATRSF	OCT13
EDSTGRID	OCT13
HELPLIRA	OCT13
KMHAMHA	OCT13
CDWRS03	CODW2013
CDWRS02	CODW2013
CDWRS04	CODW2013
CDWRS05	CODW2013
CDWRS01	CODW2013
CDWRS06	CODW2013
XAIR	CDCL2013
XLIFE	CDCL2013
MPAIR	CDCL2013
BANPS	CDCL2013
MPROB	CDCL2013
CHMAGIC	LTIME04
CHGIFT1	LTIME04
CHXORR	LTIME04
CHITHH	LTIME04
LOGIC1	LGCD2013
LOGIC2	LGCD2013
LOGIC3	LGCD2013
LOGIC4	LGCD2013
LOGIC5	LGCD2013
LOGIC6	LGCD2013
CWAR1	CDWR2013
CZIP3	CDWR2013
FACTCN	CDWR2013
GPRIME	CDWR2013
ESYPROB	CDWR2013
INS03	INSM2013
INS01	INSM2013
ELOHB	INSM2013
JETSONS	INSM2013
MONTU	INSM2013
INS02	INSM2013
INS05	INSM2013
CAOS1	SEPT13
SPOONS	SEPT13
LEEXAMS	SEPT13
TMP01	SEPT13
TWOROADS	SEPT13
MLCHEF	SEPT13
COOLGUYS	SEPT13
CAOS2	SEPT13
INTEG	SEPT13
SEASNAKE	SEPT13
CREDCJ1	CLASH13
CREDCJ2	CLASH13
CREDCJ3	CLASH13
CREDCJ4	CLASH13
CREDCS1	CLASH13
CREDCS2	CLASH13
CREDCS3	CLASH13
AND	LTIME03
MATRIX2	LTIME03
SORTING	LTIME03
ROUTES	LTIME03
MAXCOMB	BTCD2013
SCNDWAR	BTCD2013
PRSN	BTCD2013
CNG	BTCD2013
FMAP	BTCD2013
PLAYNUM	BTCD2013
SPLCND	BTCD2013
MAGSTK	BTCD2013
RANBOT	BTCD2013
DIFBMB	BTCD2013
PC01	PRCN2013
PC04	PRCN2013
PC02	PRCN2013
PC03	PRCN2013
PC05	PRCN2013
DELNMS	AUG13
SEABAL	AUG13
CNTSOLS	AUG13
LYRC	AUG13
CHMOD	AUG13
PRIMEDST	AUG13
LELEMON	AUG13
SHIRO	AUG13
SPCANDY	AUG13
HELLO	AUG13
COOKFOOD	LTIME02
TRIPCOST	LTIME02
COINCHNG	LTIME02
TANGLED	LTIME02
TASUFFIX	COOK36
TAAPLUSB	COOK36
TACHEMIS	COOK36
TACHSTCK	COOK36
TAACUTE	COOK36
RIVPILE	JULY13
NPIN	JULY13
MOU1H	JULY13
GALACTIK	JULY13
PROB	JULY13
FARASA	JULY13
CHRECT	JULY13
KPRIME	JULY13
SEASOR	JULY13
CIRKILL	JULY13
COUPON	LTIME01
NUMFACT	LTIME01
GRTRIP	LTIME01
TASTYD	LTIME01
CHAORNOT	JUNE13
DELISH	JUNE13
LEMOUSE	JUNE13
PERMUTE	JUNE13
COLLECT	JUNE13
SPMATRIX	JUNE13
WSTRING	JUNE13
PREDICT	JUNE13
TKCONVEX	JUNE13
LAPIN	JUNE13
AMROOK	COOK34
AMXOR	COOK34
AMSGAME1	COOK34
AMSGAME2	COOK34
AMSEQT	COOK34
QTREE	MAY13
WITMATH	MAY13
FTRIP	MAY13
NAME1	MAY13
NAME2	MAY13
JUNONGF	MAY13
MSTICK	MAY13
CPP	MAY13
CHALENGE	MAY13
TREE	MAY13
IIITBH10	CDNB2013
IIITBH11	CDNB2013
IIITBH13	CDNB2013
IIITBH14	CDNB2013
DISHANAM	KDAT2013
DEVILNUM	KDAT2013
CLUSTER	KDAT2013
DISTQUER	KDAT2013
RECNAME	KDAT2013
WGHTLIF	KDAT2013
CHEFREST	KDAT2013
CHEFSTR	KDAT2013
DECRYPT	KDAT2013
PT1	PROM2013
PT2	PROM2013
PT3	PROM2013
PT4	PROM2013
PT5	PROM2013
PT6	PROM2013
PT7	PROM2013
PT8	PROM2013
COADIES1	CODS2013
COADIES2	CODS2013
COADIES3	CODS2013
COADIES4	CODS2013
COADIES5	CODS2013
MAXDIFF	APRIL13
KINGCON	APRIL13
FCBARCA	APRIL13
CHEFGAME	APRIL13
LEMUSIC	APRIL13
STRQUERY	APRIL13
LEVY	APRIL13
CYLINDER	APRIL13
INVBINCF	APRIL13
FAULT	APRIL13
I13TPG	INST2013
I13EAF	INST2013
I13TS	INST2013
I13BL	INST2013
I13POF	INST2013
CDZ1301	INVS2013
CDZ1302	INVS2013
CDZ1303	INVS2013
CDZ1304	INVS2013
CDZ1305	INVS2013
CONTWORD	OVRN2013
CATCH	OVRN2013
RECRUIT	OVRN2013
MISSILE	OVRN2013
DOTA	OVRN2013
IITI11	DBYZ2013
IITI10	DBYZ2013
IITI09	DBYZ2013
IITI08	DBYZ2013
IITI07	DBYZ2013
IITI06	DBYZ2013
TNMALG01	ALGT2013
TNMALG03	ALGT2013
TNMALG04	ALGT2013
TNMALG05	ALGT2013
TNMALG07	ALGT2013
TNMALG06	ALGT2013
TNMALG02	ALGT2013
NITA02	BTFR2013
NITA05	BTFR2013
NITA06	BTFR2013
NITA04	BTFR2013
NITA07	BTFR2013
NITA09	BTFR2013
NITA10	BTFR2013
NITA11	BTFR2013
NITA13	BTFR2013
NITA12	BTFR2013
IOPC13A	IOPC2013
IOPC13B	IOPC2013
IOPC13C	IOPC2013
IOPC13D	IOPC2013
IOPC13E	IOPC2013
IOPC13F	IOPC2013
IOPC13G	IOPC2013
IOPC13H	IOPC2013
IOPC13I	IOPC2013
IOPC13J	IOPC2013
IOPC13K	IOPC2013
IOPC13L	IOPC2013
IOPC13M	IOPC2013
IOPC13N	IOPC2013
IOPC13O	IOPC2013
IOPC13P	IOPC2013
IOPC13Q	IOPC2013
IOPC13R	IOPC2013
IOPC13S	IOPC2013
P1310	CDNC2013
P1311	CDNC2013
P1312	CDNC2013
P1309	CDNC2013
P1314	CDNC2013
P1313	CDNC2013
P1315	CDNC2013
P1316	CDNC2013
FIRESC	MARCH13
LONGART	MARCH13
APPROX	MARCH13
RDF	MARCH13
SUBTREE	MARCH13
CHANGE	MARCH13
TOTR	MARCH13
MINESWPR	MARCH13
ZENCALC	MARCH13
LECOINS	MARCH13
CDOLP1	CDOL2013
CDOLP2	CDOL2013
CDOLP3	CDOL2013
CDOLP4	CDOL2013
CDOLP5	CDOL2013
DMNOS	OBFS2013
CLRT	OBFS2013
MAGFTS	OBFS2013
AWAPP	OBFS2013
LUCKPOLO	TCSG2013
HCAKE	TCSG2013
STRONG	TCSG2013
ALMOSTPR	TCSG2013
DISCOUNT	TCSG2013
EXEBIT01	EXBT2013
EXEBIT02	EXBT2013
EXEBIT03	EXBT2013
EXEBIT04	EXBT2013
EXEBIT05	EXBT2013
RBXINT1	INCD2013
RBXINT2	INCD2013
RBXINT3	INCD2013
RBXINT4	INCD2013
CRNM1301	CRNM2013
CRNM1302	CRNM2013
CRNM1303	CRNM2013
CRNM1304	CRNM2013
CRNM1305	CRNM2013
CRNM1306	CRNM2013
CRNM1307	CRNM2013
DS5	DSPF2013
DS7	DSPF2013
DS18	DSPF2013
DS15	DSPF2013
DS8	DSPF2013
DS19	DSPF2013
BYTESA	BYTS2013
BYTESB	BYTS2013
BYTESC	BYTS2013
BYTESD	BYTS2013
BYTESE	BYTS2013
BYTESF	BYTS2013
BYTESG	BYTS2013
BYTESH	BYTS2013
P1301	PRST2013
P1304	PRST2013
P1306	PRST2013
P1308	PRST2013
P1303	PRST2013
PRMARTH	TCSP2013
SMPX	TCSP2013
BGSM	TCSP2013
GSHUFF	TCSP2013
NPRM	TCSP2013
BUY1GET1	FEB13
EFFPAINT	FEB13
LECARDS	FEB13
TESTERS	FEB13
QUERY	FEB13
TRIQUERY	FEB13
MBOARD	FEB13
CLMBSTRS	FEB13
WPLAY	FEB13
ROC	FEB13
SVEARTH	OVNT2012
GNUMBER	OVNT2012
BSCOUT	OVNT2012
CHOCOAL	OVNT2012
ALIENC	OVNT2012
CIELDIST	COOK30
MANYCHEF	COOK30
DEFACING	COOK30
AVDWAST	COOK30
CIELKARA	COOK30
SALARY	JAN13
LEALCO	JAN13
CVOTE	JAN13
CHEFHACK	JAN13
DIVPRO	JAN13
KILOWHAT	JAN13
ANDOOR	JAN13
CUCUMBER	JAN13
THREEDIF	JAN13
HOB	JAN13
GRIDGAME	COOK29
EXGCD	COOK29
TREEROOT	COOK29
MUFFINS3	COOK29
DIRECTI	COOK29
GRANAMA	DEC12
SEREJA	DEC12
ARIGEOM	DEC12
QPOLYSUM	DEC12
WORDNINJ	DEC12
DIFTRIP	DEC12
MGCRNK	DEC12
BEX	DEC12
CNTWAYS	DEC12
LEDIV	COOK28
LEMAGIC	COOK28
LEPAPER	COOK28
LELUCKYN	COOK28
LEPERMUT	COOK28
TF01	ZERO1
TF02	ZERO1
TF03	ZERO1
TF04	ZERO1
TF05	ZERO1
TF06	ZERO1
NI01	ACMKGP12
NI02	ACMKGP12
NI03	ACMKGP12
NI04	ACMKGP12
NI05	ACMKGP12
GESCAPE	CDWV2012
TENNCLUM	CDWV2012
TOYSGAME	CDWV2012
BERRY	CDWV2012
DISHMIX	CDWV2012
CANDYPK	CDWV2012
EGYPTFRA	ACMKAN12
PARKWOE	ACMKAN12
CYCLIST	ACMKAN12
PRESTI	ACMKAN12
CONFLIP	NOV12
MANYLEFT	NOV12
DDISH	NOV12
CBARS	NOV12
TOURMAP	NOV12
CANDYGAM	NOV12
JABO	NOV12
MARTARTS	NOV12
COUNTARI	NOV12
LUCKY9	NOV12
BPHC01	CODW2012
BPHC02	CODW2012
BPHC03	CODW2012
BPHC04	CODW2012
BUYING2	COOK27
EQUALIZ	COOK27
REARRAN	COOK27
TOURNAM	COOK27
TREEFUN	COOK27
DRGNBOOL	OCT12
NEWSCH	OCT12
MAXCOMP	OCT12
DIAMOND	OCT12
MAXRECT	OCT12
BMASTER	OCT12
LUCKY10	OCT12
TEAMSIZE	OCT12
CIELHACK	OCT12
MAXCIR	OCT12
IGNITE	ALKH2012
NMAGIC	ALKH2012
DIFFV	ALKH2012
STRRMQ	ALKH2012
CRAZYBOB	ALKH2012
ALK01	ALKH2012
DEADSHOT	ALKH2012
ICEFIRE	ALKH2012
EQCANDY	ALKH2012
MPREF	ALKH2012
TSX01	TCSN2012
TSX02	TCSN2012
TSX03	TCSN2012
TSX04	TCSN2012
TSX05	TCSN2012
\.


--
-- Name: contest contest_pkey; Type: CONSTRAINT; Schema: public; Owner: nandeesh
--

ALTER TABLE ONLY public.contest
    ADD CONSTRAINT contest_pkey PRIMARY KEY (code);


--
-- Name: problem problem_pkey; Type: CONSTRAINT; Schema: public; Owner: nandeesh
--

ALTER TABLE ONLY public.problem
    ADD CONSTRAINT problem_pkey PRIMARY KEY (code);


--
-- PostgreSQL database dump complete
--

