--
-- PostgreSQL database dump
--

-- Dumped from database version 10.10 (Ubuntu 10.10-0ubuntu0.18.04.1)
-- Dumped by pg_dump version 10.10 (Ubuntu 10.10-0ubuntu0.18.04.1)

SET statement_timeout = 0;
SET lock_timeout = 0;
SET idle_in_transaction_session_timeout = 0;
SET client_encoding = 'UTF8';
SET standard_conforming_strings = on;
SELECT pg_catalog.set_config('search_path', '', false);
SET check_function_bodies = false;
SET xmloption = content;
SET client_min_messages = warning;
SET row_security = off;

--
-- Name: plpgsql; Type: EXTENSION; Schema: -; Owner: 
--

CREATE EXTENSION IF NOT EXISTS plpgsql WITH SCHEMA pg_catalog;


--
-- Name: EXTENSION plpgsql; Type: COMMENT; Schema: -; Owner: 
--

COMMENT ON EXTENSION plpgsql IS 'PL/pgSQL procedural language';


SET default_tablespace = '';

SET default_with_oids = false;

--
-- Name: contest; Type: TABLE; Schema: public; Owner: nandeesh
--

CREATE TABLE public.contest (
    code character varying(20) NOT NULL,
    done integer DEFAULT 0 NOT NULL
);


ALTER TABLE public.contest OWNER TO nandeesh;

--
-- Name: contest_old; Type: TABLE; Schema: public; Owner: nandeesh
--

CREATE TABLE public.contest_old (
    code character varying(20),
    done integer
);


ALTER TABLE public.contest_old OWNER TO nandeesh;

--
-- Name: problem; Type: TABLE; Schema: public; Owner: nandeesh
--

CREATE TABLE public.problem (
    code character varying(30) NOT NULL,
    contest character varying(20) DEFAULT 'x'::character varying NOT NULL,
    done integer DEFAULT 0 NOT NULL
);


ALTER TABLE public.problem OWNER TO nandeesh;

--
-- Name: problem_old; Type: TABLE; Schema: public; Owner: nandeesh
--

CREATE TABLE public.problem_old (
    code character varying(30),
    contest character varying(20)
);


ALTER TABLE public.problem_old OWNER TO nandeesh;

--
-- Data for Name: contest; Type: TABLE DATA; Schema: public; Owner: nandeesh
--

COPY public.contest (code, done) FROM stdin;
ACJQ2017	0
ACM15AMR	0
ALKH11	0
ALKH2012	0
ALPH2016	0
APRIL19B	0
APRIL20A	0
AARA2018	0
AUG18A	0
AUG19	0
BLIT2020	0
BTCD2013	0
BTCJ2015	0
BYTS2013	0
CCCO2017	0
CDEZILLA	0
CDHU2015	0
CDOL2013	0
CDSM2014	0
MARCH20B	0
MAY11	0
MAY12	0
MAY13	0
MAY14	0
MAY15	0
MAY17	0
MAY18	0
MAY18A	0
MAY18B	0
MAY19	0
MAY19A	0
MAY19B	0
MAY20	0
MAY20A	0
MAY20B	0
MCOD2020	0
MDSW2015	0
MITC2018	0
MMFO2018	0
MOPC2018	0
MOSCWJ19	0
MTHX2015	0
MTRX2014	0
MYL2020	0
NACA2019	0
NCC2014	0
NCC2015	0
NCC2016	0
NCC2018	0
NCC2020	0
NCDFEB14	0
NCDRN13	0
NEPR2015	0
NEWB2020	0
NITC2020	0
NOOB2020	0
NOON2018	0
NOV10	0
NOV11	0
NOV12	0
NOV13	0
NOV14	0
NOV15	0
NOV17	0
NOV18	0
NOV18A	0
NOV18B	0
NOV19	0
NOV19A	0
NOV19B	0
NOV20	0
NOV20A	0
NOV20B	0
NPLQ2017	0
NPLQ2018	0
NPLQ2019	0
NPLTZ15	0
NUCD2015	0
NUPNMR15	0
NUVO2019	0
OBFS2013	0
OCT11	0
OCT12	0
OCT13	0
OCT14	0
OCT15	0
OCT17	0
OCT18	0
OCT18A	0
OCT18B	0
OCT19	0
OCT19A	0
OCT19B	0
OCT20	0
OCT20A	0
OCT20B	0
ODCD2013	0
ODCO2016	0
ONCO2020	0
OVEC2018	0
OVNT2012	0
OVRN2013	0
PAHC2020	0
PCJ2018	0
PCJ2019	0
PCO12020	0
PELT2019	0
PILT2019	0
PITTCS15	0
PLCO2018	0
PLIN2020	0
PLIT2020	0
POLP2019	0
PRCN2013	0
PRCNJR15	0
PRCNSR14	0
PRDM2012	0
PRDN2015	0
PRFT2012	0
PRMT2014	0
PROC2017	0
PROC2018	0
PROCON15	0
PROJ2017	0
PROM2013	0
PRST2013	0
PRVG2014	0
PRVG2015	0
PRWR2018	0
PRYS2015	0
PSCD2015	0
COOK111	0
COOK120A	0
COOK19	0
COOK30	0
COOK38	0
COOK44	0
COOK55	0
COOK56	0
COOK66	0
COOK96B	0
ACD2019	0
CDWR2014	0
KQM12020	0
KQM2020	0
KQM62018	0
KQM6518	0
KQM82018	0
KQMG2019	0
KQPM2015	0
KQPM2016	0
KRKS2015	0
KRPM2019	0
KTBC2015	0
KZEN2020	0
LDT42020	0
CORD2019	0
COSE2019	0
COST2015	0
COWA1601	0
CRNM2013	0
CSEP2020	0
DCOD2017	0
DEC13	0
DEC18B	0
PSYC2015	0
PWCR2019	0
QBIT15	0
QFUN2020	0
QM162019	0
QM172019	0
QM182019	0
QM192020	0
QM202020	0
QM212020	0
QM242020	0
QTCC2020	0
QUCO2014	0
QUCO2018	0
RC122020	0
RCSN2015	0
REC2016	0
REC92019	0
RECJ1601	0
REER2020	0
RGEAR	0
RUBIX11	0
ALGR2017	0
ALKH2017	0
AMR16MOS	0
APRIL17	0
AUG16	0
AUG20	0
BBPSHACK	0
BITF2016	0
BYCO2017	0
BYTR2017	0
CCWR2016	0
CDGO2016	0
CDJA2016	0
CDMR2014	0
CDSP2016	0
CDTN2016	0
CDVA17	0
CDVT2016	0
CFSA2020	0
CHN16MOS	0
COLE2020	0
COLG2017	0
COMA2017	0
COOK117B	0
COOK119B	0
COOK121A	0
COOK45	0
COOK70	0
COOK71	0
COOK72	0
COOK73	0
COOK74	0
COOK75	0
COOK76	0
COOK77	0
COOK78	0
COOK79	0
COOK80	0
COOK81	0
COSE2017	0
COSU2017	0
COWS2016	0
COZI2017	0
CRES2017	0
CYPH2016	0
DEAD2017	0
DEC16	0
DECA2017	0
COOK62	0
COOK63	0
COOK64	0
COOK65	0
COOK69	0
CORE2020	0
CORS2020	0
CORU2015	0
COSE2015	0
COSH2015	0
COSQ2020	0
COTS2020	0
COWA2016	0
COWO1601	0
CUBE2020	0
CWAR2015	0
DCC2020	0
DEC12	0
DEC15	0
DECA2016	0
DECO2020	0
DIBZ2016	0
DMNT2016	0
DSPF2013	0
ENFE2020	0
EXBT2013	0
FEB13	0
FEB16	0
GGWC2015	0
GHC32020	0
HECS2020	0
HOCO2015	0
ICM2020	0
IGCD2015	0
INSQ2015	0
INTO2015	0
INTW2020	0
IPC15P1A	0
IPC15P1B	0
IPC15P1C	0
IPC15P2A	0
IPC15P2B	0
IPC15P2C	0
JAN13	0
JULY15	0
JUNE15	0
KJCC2015	0
KJCS16	0
KOAT2015	0
KOKT2015	0
KOL15MOS	0
KOL15ROL	0
KQ222020	0
ALMA2015	0
AMR14ROL	0
AMR14ROS	0
APRIL16	0
ARHN1502	0
ASNE2016	0
AUG20A	0
AUG20B	0
BING2020	0
BION2015	0
BITC2016	0
BUDE2016	0
BYCO2016	0
CBCP2020	0
CDAV2014	0
CDCR2015	0
CDCRF15R	0
ACMAMR14	0
ACMIND16	0
ACMKAN14	0
ACMKGP13	0
ACMKGP14	0
AGOF2017	0
AICL2014	0
LEED2020	0
LGCD2013	0
LICO2020	0
LMDPLA10	0
LMDPLA11	0
LOCAPR16	0
LOCAPR18	0
LOCAUG16	0
LOCAUG17	0
LOCFEB16	0
LOCJUL16	0
LOCJUL17	0
LOCJUL18	0
LOCJUN17	0
LOCJUN18	0
LOCMAR16	0
LOCMAY17	0
CDFXOQ16	0
CDGF2016	0
CDMS2014	0
CDMU2015	0
CDST2016	0
CDSU2015	0
CDTR2015	0
CDVA2015	0
CDWA2016	0
CDWR1501	0
CDWR2016	0
CDZP2014	0
CENS2020	0
CFUS2020	0
CJQK2020	0
CLDB2016	0
COBL2016	0
COCL2016	0
COCR2016	0
COCU2016	0
CODC2015	0
COFI2016	0
COFW2020	0
COFY2020	0
COMA2016	0
COMA2020	0
COMN2016	0
COMT2020	0
COMX2020	0
CONI2015	0
COOK114	0
COOK114A	0
COOK114B	0
COOK120	0
COOK120B	0
COOK121	0
COOK121B	0
COOK122	0
COOK122A	0
RUBIXDEN	0
RVRS2020	0
SAPC2019	0
SATA2019	0
SCAT2020	0
SCC42020	0
SCGO2020	0
SD15ELOP	0
SD15FLMR	0
SDCO2020	0
SEP12	0
SEPT11	0
SEPT13	0
SEPT14	0
SEPT15	0
SEPT17	0
SEPT18	0
SEPT18A	0
SEPT18B	0
SEPT19	0
SEPT19A	0
SEPT19B	0
SEPT20	0
SEPT20B	0
SGHC2018	0
SGHC2019	0
SHPC2019	0
SHSTRA14	0
SICJ2017	0
SIMPLX15	0
SITC2020	0
SMCS2015	0
SMHT2014	0
SMTC2020	0
SNCK151A	0
SNCK151B	0
SNCK151C	0
SNCK15EL	0
SNCK15FL	0
SNCK1A19	0
SNCK1B19	0
SNCKEL17	0
SNCKEL19	0
SNCKFL17	0
SNCKPA17	0
SNCKPB16	0
SNCKPB17	0
SNCKPE19	0
SNCKQL17	0
SNCKQL19	0
SNEL17RP	0
SNFL17MR	0
SOPC1602	0
SOPC2011	0
SOPC2012	0
SOPC2015	0
SOPC2017	0
SOPC2018	0
SPCM2019	0
SPIT1503	0
COOK122B	0
COOK51	0
COOK52	0
COOK53	0
COOK54	0
COOK67	0
COOK68	0
COPR2016	0
COQU2014	0
COSS2020	0
COVO2020	0
COWH2016	0
COWR2020	0
COYA2016	0
CRNM2015	0
CSZLPR15	0
DCOD2015	0
DEAD2016	0
DEC14	0
DECI2016	0
DEM2020	0
DINP1501	0
DOEX2015	0
ENAU2020	0
ENJA2020	0
EVOT2020	0
EXCU2015	0
FEB15	0
FEB20	0
FEB20A	0
FEB20B	0
FFC32020	0
FLFI2016	0
FOLG2020	0
GRCO2015	0
HFCQ2016	0
HK362020	0
HOCO2020	0
ICL2015	0
ICPC14PR	0
INLO2016	0
INPR1501	0
INPR1502	0
INPR1503	0
ALKH2019	0
ABCC2020	0
ABCS2015	0
ABCS2016	0
AIOL2019	0
ALCM2019	0
OCT16	0
PCR12020	0
PRCD1701	0
PROC1601	0
PROC2016	0
PROC2020	0
PWCE2017	0
QCDJ2016	0
LOCMAY18	0
LOCSEP17	0
LOGI2020	0
LSSC19TS	0
ALRA2019	0
AMR18ROL	0
APRIL19	0
APRIL19A	0
AUG19A	0
AUG19B	0
AVEN2019	0
B4EM2019	0
BIT22019	0
BIT32020	0
BUGC2020	0
CCWI2019	0
CDUT2019	0
CEEL2019	0
COCA2020	0
COCS2019	0
CODX2019	0
SPT2015	0
SRCO2020	0
SRMC2016	0
SSCC2020	0
STLEMATE	0
STR2020	0
STRT2020	0
SYNAPSE	0
TAWY2020	0
TCFL2020	0
TCFS15P	0
TCFS15S	0
TCFST13	0
TCHR1	0
TCM2019	0
TCQ2018	0
TCQ22018	0
TCSG2013	0
TCSN2012	0
TCSP2013	0
TCTR2012	0
TECA2019	0
TECHART	0
QTST2020	0
SEPT16	0
SEPT20A	0
TESS2018	0
TETO2017	0
TEWE2020	0
TGPA11	0
TJCN2019	0
TMHA2020	0
TRNT2014	0
TSCO2017	0
TSTAM15	0
TSTAMR14	0
TSTAMR15	0
TSTKAN14	0
TSTKGP14	0
TTO2019	0
TUXO2014	0
UAGE2019	0
UCOD2020	0
UCS2018	0
UEM2018	0
UEM22019	0
UEMC2017	0
UEMCO19	0
UPGD2020	0
UVCNCD13	0
UWCOI20	0
WBY1601	0
WBY2016	0
WNTR2020	0
WPC1401	0
WPC1501	0
XCEP2014	0
XCPT2015	0
XECUTE	0
ZCOSC19	0
ZERO1	0
ZING2020	0
ZLC2018	0
COFJ2020	0
COFO2019	0
COH12020	0
COHA2019	0
COMB2018	0
COME2019	0
CONE2018	0
COOK101A	0
COOK101B	0
COOK102	0
COOK102A	0
COOK102B	0
COOK105	0
COOK105A	0
COOK105B	0
COOK106	0
COOK106A	0
COOK107A	0
COOK107B	0
COOK108A	0
COOK108B	0
COOK109	0
COOK109A	0
COOK109B	0
COOK110	0
COOK110A	0
COOK110B	0
COOK111A	0
COOK111B	0
COOK117	0
COOK118	0
COOK118A	0
COOK118B	0
COOK119	0
COOK119A	0
COON2019	0
COPT2020	0
COTH2020	0
COW42020	0
COX2019	0
COZI2019	0
CROS2020	0
CWCR2019	0
CYAU2019	0
DARG2019	0
DEC18	0
DEC18A	0
DEMA2019	0
DRI22019	0
ENAU2019	0
ENCD2020	0
ENJU2020	0
ENOC2019	0
EOLC2019	0
EXPP2019	0
FFC12019	0
FFC22019	0
HALO2020	0
HCS12019	0
ICHN2019	0
ICOP1904	0
IEMCHEMY	0
INFY2019	0
INQU2019	0
INTL2019	0
FOPR2018	0
GOC2018	0
GOV32018	0
GWR18ROL	0
HEST2020	0
ICOP1801	0
IIITDS20	0
INCD2013	0
INFY20A	0
INVS2013	0
IOPC2011	0
IOPC2012	0
IOPC2013	0
IOPC2014	0
IOPC2016	0
IPC15P3A	0
IPC15P3B	0
IPC15P3C	0
ISPC2019	0
ITRA2016	0
ITRX2016	0
JAN11	0
JAN12	0
JAN14	0
JAN16	0
JAN19A	0
JAN20B	0
ISPC2018	0
JAN19	0
JAN19B	0
JCWR2019	0
JULY19	0
JULY19A	0
JULY19B	0
LTIME01	0
EXCO1701	0
FEB17	0
GMCO2016	0
GOGL2016	0
GSTS1601	0
GSTS2016	0
ICL2016	0
ICL2017	0
IEMCO16	0
IEMCO17	0
IFCAMR16	0
INF16MOS	0
INSQ2016	0
IOPC2017	0
IPC15AMR	0
IPC15BMR	0
IPC15CMR	0
IPC15FLA	0
IPC15FLB	0
IPC15FLC	0
JAN17	0
JULY16	0
JUNE16	0
JUNE20	0
KGP13ACM	0
KGP16MOS	0
KJSC17	0
KOL16MOS	0
KQPM2017	0
LOCAPR17	0
LOCJUN16	0
LOCMAY16	0
LTC2017	0
LTIME13	0
LTIME35	0
LTIME36	0
LTIME37	0
LTIME38	0
LTIME39	0
LTIME40	0
LTIME41	0
LTIME42	0
LTIME43	0
LTIME44	0
LTIME45	0
LTIME46	0
LTIME47	0
LTIME84A	0
LTIME88A	0
MARCH17	0
MAY16	0
NCC2017	0
NCL2017	0
NOV16	0
NPLQ1601	0
NPLQ1602	0
JULY20A	0
JUNE19	0
JUNE19A	0
JUNE19B	0
JUNE20A	0
KGP18ROL	0
KJCS2019	0
KJSC2019	0
KM252020	0
KOKO2019	0
KOL18ROL	0
KPM22019	0
KPM32019	0
KQ132018	0
ALKH2018	0
ALQU2018	0
APO12020	0
APRIL18	0
APRIL18A	0
APRIL18B	0
AUG18	0
AUG18B	0
BIBA2018	0
BLAS2020	0
BUGE2018	0
BUGF2018	0
CAH1801	0
CCLC2018	0
CCWC2018	0
CDX2018	0
CEM2018	0
CFUN2020	0
CFW32020	0
CGRL2020	0
CGSC2018	0
CHLG2020	0
CHN15MRP	0
CIU2018	0
CMEL2018	0
COAT2018	0
COCE2018	0
CODO2018	0
COF2020	0
COG2018	0
COHR2018	0
COIE2018	0
COLF2018	0
COME2018	0
CONI2018	0
COOK100	0
COOK100A	0
COOK123	0
COOK123A	0
COOK123B	0
COOK92	0
COOK92A	0
COOK92B	0
COOK95	0
COOK95A	0
COOK96	0
COOK96A	0
COOK97	0
COOK97A	0
COOK97B	0
COOK98	0
COOK98A	0
COOK98B	0
COOK99	0
SIC2016	0
SMPX2016	0
SNCKEL16	0
SNCKPA16	0
SNCKQL16	0
DEME2018	0
DTMA2015	0
ECPG2020	0
EQBR2014	0
FEB11	0
SNFL16MR	0
SNPB16RP	0
SOPC2016	0
SSC2016	0
TROK2014	0
TSTIND16	0
UEMK2016	0
ALKH2016	0
ALRA2020	0
AMR15MOS	0
AMR15ROL	0
AMSC2015	0
APTT2015	0
AUG15	0
AUST2016	0
BIGO2016	0
BYTE2016	0
CACD2020	0
CBEN2020	0
CCWC2015	0
CDBU2015	0
CDON2015	0
CDQU1601	0
CDVA16	0
CDWV2012	0
CDX2015	0
COOK99A	0
COOK99B	0
COW2018	0
COWC2018	0
COX22020	0
CRES2016	0
CSPR2020	0
CYAU2018	0
CYOC2018	0
CYSE2018	0
CZEN2020	0
DECI2020	0
DODE2018	0
ELE32018	0
ENAU2018	0
ENCO2018	0
ENCO2020	0
ENOC2018	0
ENSE2018	0
EXPP2018	0
FOOY2018	0
GACE2020	0
GEHA2018	0
GSMAR18	0
IC32016	0
ICOD2016	0
ICOP1901	0
ICOP1902	0
ICOP1903	0
IEMATICS	0
IEMCO6	0
INCC2018	0
INFY20	0
INFY20B	0
INQU2018	0
INSO2018	0
INSO2020	0
INTY2018	0
IOITC181	0
IOITC182	0
ISCC2018	0
ISTS2018	0
JOBE2018	0
JULY18A	0
JULY18B	0
KJCS2018	0
KJSC2018	0
KM122018	0
KOKO2018	0
KOPC2016	0
KQM52018	0
KQM92018	0
AM19MOS	0
AMR17ROL	0
APRIL15	0
APRIL20	0
APRIL20B	0
AUG14	0
AVEN2018	0
BBYB2015	0
BCRR2018	0
BGS12020	0
BIGO2015	0
BLUP2018	0
BRCD2015	0
BTCH2020	0
BYCD2015	0
ABCS2017	0
ACMAMR12	0
ACMAMR15	0
ACMCHN15	0
ACMKAN12	0
ACMKG14R	0
ACMKGP12	0
ACMKOL15	0
ACMN2015	0
AGPR2020	0
AIPC2015	0
CFSN2015	0
CHN15ROL	0
COBA2016	0
CODE2015	0
CODEWARS	0
CODW2012	0
COFU2015	0
COG2020	0
COJA2016	0
COLE2016	0
COM12020	0
COMS1501	0
COOK115	0
COOK115A	0
COOK115B	0
COOK116	0
COOK116A	0
COOK116B	0
COOK27	0
COOK28	0
COOK29	0
COOK31	0
COOK34	0
COOK58	0
COOK59	0
COOK60	0
COOK61	0
LTIME34	0
LTIME48	0
LTIME49	0
LTIME50	0
LTIME51	0
LTIME52	0
LTIME53	0
LTIME54	0
LTIME55	0
LTIME56	0
LTIME57	0
LTIME58	0
LTIME58A	0
LTIME58B	0
LTIME59	0
LTIME59A	0
LTIME59B	0
LTIME60	0
LTIME60A	0
LTIME60B	0
LTIME61	0
LTIME61A	0
LTIME61B	0
LTIME62	0
LTIME62A	0
LTIME62B	0
LTIME63	0
LTIME63A	0
LTIME63B	0
LTIME64	0
LTIME64A	0
LTIME64B	0
LTIME65	0
LTIME65A	0
LTIME65B	0
LTIME66	0
LTIME66A	0
LTIME66B	0
LTIME67	0
LTIME67A	0
LTIME67B	0
LTIME70	0
LTIME70A	0
LTIME70B	0
LTIME71	0
LTIME71A	0
LTIME71B	0
LTIME72	0
LTIME72A	0
LTIME72B	0
LTIME73	0
LTIME73A	0
LTIME73B	0
LTIME74	0
LTIME74A	0
LTIME74B	0
LTIME75	0
LTIME75A	0
LTIME75B	0
LTIME76	0
LTIME76A	0
LTIME76B	0
LTIME77	0
LTIME77A	0
LTIME77B	0
LTIME78	0
LTIME78A	0
LTIME78B	0
LTIME79	0
LTIME79A	0
LTIME79B	0
CF22018	0
CHIL2020	0
CHN15MOS	0
CMYC2020	0
CODEIT	0
CODN2018	0
CODP2017	0
COFN2019	0
COJK2020	0
COMN2015	0
COOK08	0
COOK100B	0
COOK101	0
COOK106B	0
COOK108	0
LTIME80	0
LTIME80A	0
LTIME80B	0
LTIME81	0
LTIME81A	0
LTIME81B	0
LTIME82	0
LTIME82A	0
LTIME82B	0
LTIME83	0
LTIME83A	0
LTIME83B	0
LTIME84	0
LTIME84B	0
LTIME85	0
LTIME85A	0
LTIME85B	0
LTIME86	0
LTIME86A	0
LTIME86B	0
LTIME87	0
BYTC2018	0
CAC2018	0
CBEN2018	0
CCBE2015	0
CCOD2020	0
CCU2018	0
CDBR2015	0
CDER2015	0
CDGO2015	0
CDME2015	0
CDMN2015	0
CDOT2015	0
CDPH2015	0
CDQT2015	0
CDSH2015	0
CDSK2015	0
CDST2014	0
CDTR1502	0
CDTR2014	0
CEFT2020	0
CHPTRS01	0
CLASH14	0
CLCO2015	0
CMA22018	0
COBT2019	0
COCO2018	0
COCR2015	0
COCU2018	0
CODR2018	0
COLE2018	0
COM2018	0
COMA2015	0
COOK113	0
COOK113A	0
COOK113B	0
COOK117A	0
COOK48	0
COOK49	0
COOK50	0
COOK57	0
COOK91	0
COOK93	0
COOK93A	0
COOK93B	0
COOK94	0
COOK94A	0
COOK94B	0
COOK95B	0
CORP2018	0
COTG2015	0
COUT2018	0
COVDHACK	0
COX2018	0
CXII2018	0
CY302020	0
DAVC2018	0
DBYZ15	0
DCL1501	0
DEAD2018	0
DMNT2015	0
DTCT2015	0
DWWU2019	0
ENCI2018	0
EXCT2015	0
EXTE2015	0
FBFRW15	0
FSCC2018	0
FULU2020	0
GOC2015	0
GOCD2015	0
GOOG2015	0
GSF2018	0
GW19MOS	0
HACF2018	0
HUMP15R	0
ICL2018	0
IEM82020	0
IEMCO5	0
IGNU2015	0
INLO2015	0
INSM2014	0
IOPC2015	0
JAN15	0
JAN20	0
JAN20A	0
JLUG2020	0
JULY14	0
JUNE18	0
ALMA2019	0
ANDR2012	0
APRIL12	0
AUG12	0
AUG17	0
BCF12019	0
BCR12019	0
BION2019	0
BITF2017	0
BITM2017	0
BOB22019	0
BTCD2012	0
BUGE2017	0
CCRU2019	0
CDOL2012	0
CEIN2019	0
CHN17ROL	0
CLCW2017	0
CNES2017	0
CNMP2019	0
COD2017	0
CODG2017	0
CODH2018	0
CODS2018	0
CODW2018	0
COEN2019	0
COGA2017	0
COGE2017	0
COIS2017	0
COOK104	0
COOK104A	0
COOK104B	0
COOK107	0
COOK112	0
COOK112A	0
COOK112B	0
COOK20	0
COOK21	0
COOK22	0
COOK23	0
COOK24	0
COOK25	0
COOK26	0
COOK82	0
COOK83	0
COOK84	0
COOK85	0
COOK86	0
COOK87	0
COOK88	0
COOK89	0
COOK90	0
COOW2019	0
CORU2019	0
COYH2017	0
CPN12019	0
CTLH2018	0
CW2018	0
CWF2018	0
CYNO2019	0
CZIL2017	0
DCOD19A	0
DCOD19B	0
DCOD2019	0
DEC17	0
DEC19	0
DEC19A	0
DEC19B	0
DEER2019	0
DEFI2019	0
ENMA2019	0
EPNY2012	0
FEB18	0
FOYO2019	0
GHC22019	0
GKAH1701	0
GKAH1901	0
GSJAN18	0
GWR17ROL	0
ICCT2017	0
ICDE2012	0
ICL2019	0
ADYN2012	0
AFZQ2019	0
AGTK2012	0
IEMCO4	0
IEMCO7	0
IEMCO8	0
INQU2017	0
ISCC2017	0
JAN18	0
JULY12	0
JULY17	0
JUNE12	0
JUNE17	0
KGP17ROL	0
KH19MOS	0
KICW2017	0
KJCS17	0
ALGT2013	0
ALKH10	0
ALKH2013	0
AMRITA11	0
ANWS2012	0
APRIL11	0
APRIL13	0
APRIL14	0
AUG11	0
AUG13	0
AVISHKAR	0
BTBT2014	0
BTCD2014	0
BTFR2013	0
BYTCDE11	0
CDCL2013	0
CDCN2014	0
CDCRFT14	0
CDCRNC13	0
CDCRNT14	0
CDCS2014	0
CDCZ2013	0
CDGF2013	0
CDGR2014	0
CDIT2014	0
CDLV2014	0
COOK43	0
COOK46	0
COOK47	0
COZL2012	0
CRNM2012	0
CRNM2014	0
CRPT2013	0
DBYZ2013	0
DBYZ2014	0
DEC10	0
DEC11	0
DIALECT	0
DMNT2012	0
DMNT2014	0
DREAMSPK	0
DSEC2013	0
DSPATNA	0
DSPCXI	0
ENCD2012	0
ENCODED	0
ENCODER	0
FEB12	0
FEB14	0
GOC2014	0
HCKATHON	0
IGNS2012	0
IGNS2014	0
INSCRP13	0
INSM2013	0
INST2013	0
ENC2010	0
ENFE2019	0
ENJA2019	0
FEB10	0
FEB19	0
FEB19A	0
FEB19B	0
FICP2019	0
ICODER10	0
INAL2019	0
INEK2019	0
INS09	0
INSOM1	0
INSOM2	0
INSOMNIA	0
JAN10	0
JULY09	0
JULY10	0
JUNE09	0
JUNE10	0
KNCO209	0
LTIME68	0
LTIME68A	0
LTIME68B	0
LTIME69	0
LTIME69A	0
LTIME69B	0
MANTH10	0
MARCH09	0
MARCH10	0
MAY09	0
MAY10	0
MAYGAMER	0
MINDB10	0
NCC2019	0
NOV09	0
NSIT091	0
OCT09	0
OCT10	0
ONIG2019	0
OZTA2019	0
PLUM2019	0
QCJAM10	0
QUCJ2019	0
RESNKDWN	0
RESNKTST	0
RUBIX10	0
SACO2019	0
SEP09	0
SEPT10	0
SNACKDWN	0
SNACKTST	0
SNFL19MR	0
SNONLINE	0
SNONSITE	0
TBS101	0
TBS102	0
TGPA10	0
TNPC2019	0
TV10CAT1	0
TV10CAT2	0
TV10CAT3	0
TZTEST	0
UICC2019	0
WCS2019	0
AABH2020	0
ACMKAN10	0
ACMKAN11	0
ACMKAN13	0
ACMTRIAL	0
ALGO2012	0
ABCS2014	0
ABYN2015	0
LTIME02	0
LTIME03	0
LTIME04	0
LTIME05	0
LTIME06	0
LTIME07	0
LTIME08	0
LTIME09	0
LTIME10	0
LTIME11	0
LTIME12	0
LTIME14	0
LTIME15	0
LTIME16	0
LTIME17	0
LTIME18	0
LTIME19	0
LTIME20	0
LTIME21	0
LTIME22	0
LTIME23	0
LTIME24	0
LTIME25	0
LTIME26	0
LTIME27	0
LTIME28	0
LTIME29	0
LTIME30	0
LTIME31	0
LTIME32	0
LTIME33	0
ADR2012	0
LTIME87A	0
LTIME87B	0
LTIME88	0
LTIME88B	0
LTIME89	0
LTIME89A	0
LTIME89B	0
MACF2019	0
MARCH11	0
MARCH12	0
MARCH13	0
MARCH14	0
MARCH15	0
MARCH16	0
MARCH18	0
MARCH18A	0
MARCH18B	0
MARCH19	0
MARCH19A	0
MARCH19B	0
MARCH20	0
MARCH20A	0
ICMT2019	0
ICOP1802	0
ICOP1803	0
ICOP1804	0
ICOP1805	0
ICOP1806	0
AFQL2019	0
ALGOC10	0
ALGOTH10	0
JULY11	0
JULY13	0
JULY18	0
JULY20	0
JULY20B	0
JUNE11	0
JUNE13	0
JUNE14	0
JUNE18A	0
JUNE18B	0
JUNE20B	0
KA19MOS	0
KAN13ACM	0
KAN14ROL	0
KAN14ROS	0
KANWRMUP	0
KDAT2013	0
KG14ROL2	0
KGP14ROL	0
KGP14ROS	0
KJCC1501	0
KJSP1602	0
KOKO2017	0
KOL17ROL	0
KPM22018	0
KQ102018	0
KQ152019	0
KQ162019	0
KQKM2020	0
AMRITA01	0
APRIL09	0
APRIL10	0
ARBH2019	0
AUG09	0
AUG10	0
AUGMINI	0
BLUP2019	0
CB109	0
CBUZZ101	0
CCED2019	0
CCOQ2019	0
CE2010	0
CHACK01	0
COBE2019	0
COLE2019	0
COMR2019	0
COMU2019	0
CONA2019	0
COOK01	0
COOK02	0
COOK103	0
COOK103A	0
COOK103B	0
COWZ2019	0
CRAFTALG	0
CSOC10	0
CSOC20	0
CSOC30	0
CWARS10	0
CYWSL1	0
CYWSL2	0
CYWSL3	0
CYWSL4	0
DCC2019	0
DEC09	0
DSPC30	0
EMA2010	0
CDMN2014	0
CDMT2012	0
CDMT2014	0
CDNB2013	0
CDNC2013	0
CDNCTR14	0
CDR2014	0
CDSC2012	0
CDSN2014	0
CDWR2013	0
CDWV2013	0
CDZL2012	0
CDZL2014	0
CLASH13	0
CMUTANTS	0
CNSC2012	0
CODER11	0
CODS2013	0
CODW2013	0
CODX2014	0
COGZ2014	0
COOK03	0
COOK04	0
COOK05	0
COOK06	0
COOK07	0
COOK09	0
COOK10	0
COOK11	0
COOK12	0
COOK13	0
COOK14	0
COOK15	0
COOK16	0
COOK17	0
COOK18	0
COOK32	0
COOK33	0
COOK35	0
COOK36	0
COOK37	0
COOK39	0
COOK40	0
COOK41	0
COOK42	0
\.


--
-- Data for Name: contest_old; Type: TABLE DATA; Schema: public; Owner: nandeesh
--

COPY public.contest_old (code, done) FROM stdin;
CFSA2020	1
SEPT20A	1
IEMCO17	1
LTIME13	1
COOK45	1
CDMR2014	1
AICL2014	1
TROK2014	1
LTIME88A	1
LTIME47	1
LOCAPR17	1
COOK81	1
IOPC2017	1
EXCO1701	1
APRIL17	1
ICL2017	1
LTIME46	1
ALKH2017	1
COOK80	1
PWCE2017	1
KJSC17	1
PRCD1701	1
ABCS2017	1
COZI2017	1
BYCO2017	1
MARCH17	1
NCL2017	1
NCC2017	1
ALGR2017	1
COLG2017	1
LTIME45	1
DEAD2017	1
CRES2017	1
COMA2017	1
COOK79	1
BYTR2017	1
DECA2017	1
COSU2017	1
FEB17	1
CDVA17	1
AGOF2017	1
LTIME44	1
COOK78	1
COSE2017	1
LTC2017	1
JAN17	1
KQPM2017	1
LTIME43	1
INF16MOS	1
KOL16MOS	1
BITF2016	1
SOPC2016	1
AMR16MOS	1
CHN16MOS	1
COOK77	1
KGP16MOS	1
GOGL2016	1
DEC16	1
LTIME42	1
COOK76	1
QCDJ2016	1
IEMCO16	1
SMPX2016	1
NOV16	1
LTIME41	1
COOK75	1
CDVT2016	1
IFCAMR16	1
ACMIND16	1
TSTIND16	1
NPLQ1602	1
NPLQ1601	1
GMCO2016	1
OCT16	1
IPC15CMR	1
IPC15FLC	1
IPC15BMR	1
IPC15FLB	1
CDSP2016	1
IPC15AMR	1
IPC15FLA	1
LTIME40	1
COWS2016	1
COOK74	1
GSTS1601	1
SIC2016	1
CDTN2016	1
INSQ2016	1
SEPT16	1
LTIME39	1
COOK73	1
CCWR2016	1
CDJA2016	1
PROC2016	1
GSTS2016	1
AUG16	1
CDGO2016	1
LTIME38	1
PROC1601	1
CYPH2016	1
COOK72	1
UEMK2016	1
SNFL16MR	1
JULY16	1
COOK71	1
LTIME37	1
LOCJUN16	1
SNCKEL16	1
SNPB16RP	1
SNCKPA16	1
JUNE16	1
LTIME36	1
SNCKQL16	1
LOCMAY16	1
COOK70	1
MAY16	1
LTIME35	1
SSC2016	1
KGP13ACM	1
COOK121A	1
AUG20	1
BBPSHACK	1
COLE2020	1
PROC2020	1
COOK119B	1
JUNE20	1
LTIME84A	1
PCR12020	1
QTST2020	1
COOK117B	1
ICL2016	1
ACMKGP13	1
UVCNCD13	1
LTIME03	1
COOK34	1
OVRN2013	1
EXBT2013	1
INCD2013	1
COOK31	1
CRNM2013	1
DSPF2013	1
BYTS2013	1
PRST2013	1
TCSP2013	1
FEB13	1
OVNT2012	1
ACMAMR12	1
COOK30	1
JAN13	1
COOK29	1
DEC12	1
COOK28	1
ZERO1	1
ACMKGP12	1
CDWV2012	1
ACMKAN12	1
NOV12	1
CODW2012	1
COOK27	1
OCT12	1
ALKH2012	1
TCSN2012	1
KJCS16	1
LOCAUG16	1
LOCJUL16	1
SNCKPB16	1
LOCAPR16	1
RECJ1601	1
COWO1601	1
COOK69	1
BIGO2016	1
CDQU1601	1
DMNT2016	1
ALKH2016	1
BYTE2016	1
IPC15P2C	1
DECA2016	1
COJA2016	1
COLE2016	1
FEB16	1
IPC15P2B	1
CDVA16	1
IPC15P2A	1
LTIME32	1
DIBZ2016	1
COOK66	1
WBY2016	1
COWA2016	1
CHN15MOS	1
AUST2016	1
AMR15ROL	1
SOPC1602	1
COBA2016	1
KQPM2016	1
JAN16	1
COSH2015	1
LTIME31	1
KOL15MOS	1
ACM15AMR	1
AMR15MOS	1
COOK65	1
KQPM2015	1
SOPC2015	1
CHN15ROL	1
KOL15ROL	1
DEC15	1
IPC15P1C	1
LTIME30	1
IPC15P1B	1
IPC15P1A	1
COOK64	1
COMN2015	1
NOV15	1
COMS1501	1
ACMKOL15	1
ACMCHN15	1
AIPC2015	1
LTIME29	1
KOKT2015	1
NPLTZ15	1
COOK63	1
QBIT15	1
NUPNMR15	1
CDON2015	1
KTBC2015	1
TSTAM15	1
CDX2015	1
CFSN2015	1
TSTAMR15	1
SIMPLX15	1
OCT15	1
NEPR2015	1
CWAR2015	1
KJCC2015	1
LTIME28	1
COOK62	1
IGCD2015	1
NUCD2015	1
CORU2015	1
APTT2015	1
GGWC2015	1
INSQ2015	1
SPIT1503	1
CODEWARS	1
LTIME27	1
COOK61	1
CCWC2015	1
COSE2015	1
CDBU2015	1
COFU2015	1
PROCON15	1
AUG15	1
INTO2015	1
LTIME26	1
COOK60	1
AMSC2015	1
DTMA2015	1
JULY15	1
HOCO2015	1
LTIME25	1
SD15FLMR	1
SNCK15FL	1
COOK59	1
SNCK15EL	1
CODE2015	1
SNCK151C	1
JUNE15	1
LTIME24	1
SNCK151B	1
COOK58	1
SNCK151A	1
KOAT2015	1
INTW2020	1
GHC32020	1
COOK116B	1
COOK116	1
COOK116A	1
COG2020	1
KQKM2020	1
COSQ2020	1
CORE2020	1
AGPR2020	1
CBEN2020	1
MARCH20B	1
MARCH20	1
MARCH20A	1
UPGD2020	1
QM242020	1
ALRA2020	1
CACD2020	1
TCFL2020	1
LTIME81B	1
LTIME81	1
LTIME81A	1
HECS2020	1
UWCOI20	1
CUBE2020	1
KQM2020	1
LEED2020	1
ENFE2020	1
NCC2020	1
COM12020	1
STRT2020	1
TMHA2020	1
ZING2020	1
COOK115B	1
COOK115	1
COOK115A	1
KQ222020	1
ICM2020	1
DCC2020	1
REER2020	1
CORS2020	1
COTS2020	1
DECO2020	1
QM212020	1
ONCO2020	1
DOEX2015	1
EXCU2015	0
NCC2016	1
APRIL16	1
LTIME34	1
SRMC2016	1
LOCMAR16	1
BITC2016	1
CDST2016	1
COOK68	1
CLDB2016	1
KJSP1602	1
ODCO2016	1
FLFI2016	1
REC2016	1
COBL2016	1
COMN2016	1
IOPC2016	1
COFI2016	1
INLO2016	1
HFCQ2016	1
CDWR2016	1
ALPH2016	1
ABCS2016	1
COCR2016	1
IPC15P3C	1
IPC15P3B	1
ITRA2016	1
COYA2016	1
MARCH16	1
BUDE2016	1
CDFXOQ16	1
IPC15P3A	1
DECI2016	1
LTIME33	1
BYCO2016	1
LOCFEB16	1
DEAD2016	1
COMA2016	1
COOK67	1
COPR2016	1
ITRX2016	1
COWH2016	1
COCU2016	1
CDWA2016	1
COCL2016	1
ASNE2016	1
CDGF2016	1
ICL2015	1
LTIME21	1
CDMU2015	1
CDTR2015	1
ABCS2015	1
COOK55	1
BION2015	1
CRNM2015	1
CDWR1501	1
CSZLPR15	1
MDSW2015	1
FEB15	1
CODC2015	1
CDVA2015	1
CDCRF15R	1
XCPT2015	1
CDCR2015	1
CDSU2015	1
INPR1503	1
INPR1502	1
DCOD2015	1
INPR1501	1
ALMA2015	1
PSYC2015	1
RCSN2015	1
KRKS2015	1
GRCO2015	1
WPC1501	1
COOK54	1
PRVG2015	1
EQBR2014	1
CONI2015	1
AMR14ROS	1
DINP1501	1
ARHN1502	1
LTIME19	1
KGP14ROS	1
COOK53	1
QUCO2014	1
XCEP2014	1
DEC14	1
ICPC14PR	1
KG14ROL2	1
LTIME18	1
KGP14ROL	1
KAN14ROL	1
COOK52	1
MTRX2014	1
CDSM2014	1
CDAV2014	1
NOV14	1
COQU2014	1
CDZP2014	1
ACMKAN14	1
TSTKAN14	1
AMR14ROL	1
LTIME17	1
COOK51	1
ACMKGP14	1
CDMS2014	1
TSTKGP14	1
TCFS15S	1
ACMAMR14	1
TSTAMR14	1
FEB20B	1
FEB20	1
FEB20A	1
FOLG2020	1
BLIT2020	1
HK362020	1
QM202020	1
COFW2020	1
FFC32020	1
HOCO2020	1
CJQK2020	1
COMA2020	1
QM192020	1
ENJA2020	1
CBCP2020	1
LTIME80B	1
LTIME80	1
LTIME80A	1
AABH2020	1
SDCO2020	1
SCGO2020	1
COOK114B	1
COOK114	1
COOK114A	1
KQM12020	1
SRCO2020	1
COWR2020	1
COSS2020	1
PLIT2020	1
SAPC2019	1
HEST2020	1
PLIN2020	1
KA19MOS	1
NITC2020	1
JAN20B	1
COOK122B	1
COOK122A	1
CFUS2020	1
SCAT2020	1
EVOT2020	1
SSCC2020	1
CSEP2020	1
COFY2020	1
ABCC2020	1
SEPT20B	1
COOK122	1
SEPT20	1
ENAU2020	1
COMX2020	1
LTIME87	1
LTIME87A	1
COVO2020	1
BING2020	1
PAHC2020	1
COOK121B	1
COOK121	1
CENS2020	1
DEM2020	1
CHIL2020	1
AUG20B	1
AUG20A	1
COMT2020	1
LTIME86B	1
LTIME86A	1
LTIME86	1
COJK2020	1
COOK120B	1
COOK120A	1
COOK120	1
QFUN2020	1
MCOD2020	1
JULY20B	1
JULY20	1
JULY20A	1
ENJU2020	1
LTIME85B	1
LTIME85	1
LTIME85A	1
COH12020	1
BIT32020	1
COCA2020	1
COOK119	1
COOK119A	1
CROS2020	1
COTH2020	1
COFJ2020	1
CMYC2020	1
JUNE20B	1
JUNE20A	1
COPT2020	1
PCO12020	1
LTIME84	1
KM252020	1
COOK118B	1
COOK118	1
COOK118A	1
LDT42020	1
HALO2020	1
BUGC2020	1
MAY20B	1
MAY20	1
COW42020	1
RC122020	1
ENCD2020	1
QTCC2020	1
LTIME83B	1
LTIME83	1
LTIME83A	1
SMTC2020	1
COOK117	1
NOV19A	1
ENOC2019	1
COX2019	1
LTIME77B	1
LTIME77	1
LTIME77A	1
NPLQ2019	1
COOK111B	1
COOK111	1
COOK111A	1
INFY2019	1
KOKO2019	1
HCS12019	1
ICHN2019	1
QM162019	1
ACD2019	1
EOLC2019	1
COFO2019	1
EXPP2019	1
CWCR2019	1
B4EM2019	1
OCT19B	1
OCT19	1
OCT19A	1
FFC22019	1
KJCS2019	1
LTIME76B	1
LTIME76	1
LTIME76A	1
COOK110B	1
COOK110	1
COOK110A	1
BIT22019	1
CCWI2019	1
SGHC2019	1
COZI2019	1
AIOL2019	1
INQU2019	1
SEPT19B	1
SEPT19	1
SEPT19A	1
ALCM2019	1
LTIME75B	1
LTIME75	1
LTIME75A	1
COHA2019	1
CYAU2019	1
ENAU2019	1
COOK109B	1
COOK109	1
COOK109A	1
PCJ2019	1
JCWR2019	1
KPM32019	1
AUG19B	1
AUG19	1
AUG19A	1
LTIME74	1
LTIME74A	1
LTIME74B	1
COOK108B	1
COOK108A	1
KPM22019	1
JULY19B	1
JULY19	1
JULY19A	1
KQ162019	1
LTIME73B	1
LTIME73	1
LTIME73A	1
COOK107B	1
COOK107A	1
FFC12019	1
TTO2019	1
KQ152019	1
JUNE19B	1
JUNE19	1
JUNE19A	1
NUVO2019	1
LTIME72	1
LTIME72A	1
COOK106	1
COOK106A	1
COOK106B	1
NACA2019	1
CODX2019	1
KQMG2019	1
CEEL2019	1
MAY19	1
MAY19A	1
MAY19B	1
AVEN2019	1
LTIME71B	1
LTIME71	1
LTIME71A	1
DEMA2019	1
DARG2019	1
COOK105B	1
COOK105	1
COOK105A	1
UAGE2019	1
INTL2019	1
DRI22019	1
KJSC2019	1
COME2019	1
COON2019	1
ALKH2019	1
CDUT2019	1
APRIL19	1
APRIL19A	1
COSE2019	1
COCS2019	1
COOK102B	1
COOK102	1
COOK102A	1
TJCN2019	1
LSSC19TS	1
ALRA2019	1
ICOP1904	1
COMB2018	1
IEMCHEMY	1
PELT2019	1
PILT2019	1
CONE2018	1
JAN19B	1
JAN19	1
JAN19A	1
SPCM2019	1
AMR18ROL	1
LTIME67A	1
LTIME67B	1
LTIME67	1
COOK101B	1
COOK101	1
COOK101A	1
KOL18ROL	1
SOPC2018	1
GWR18ROL	1
KGP18ROL	1
KQ132018	1
SNCKEL19	1
DEC18B	1
DEC18	1
DEC18A	1
LTIME66B	1
LTIME66A	1
LTIME66	1
ISPC2018	1
COG2018	1
AARA2018	1
COOK100B	1
COOK100	1
COOK100A	1
MOSCWJ19	1
UCS2018	1
ICOP1903	1
IEMCO6	1
KM122018	1
CDX2018	1
IEMATICS	1
SNCKPE19	1
NOV18B	1
NOV18	1
NOV18A	1
CYOC2018	1
SNCK1B19	1
LTIME65B	1
LTIME65A	1
LTIME65	1
ENCO2018	1
COOK99B	1
COOK99A	1
INTY2018	1
SNCK1A19	1
DODE2018	1
CCLC2018	1
SNCKQL19	1
KOKO2018	1
UEM2018	1
COCE2018	1
ENOC2018	1
OCT18B	1
OCT18	1
OCT18A	1
ALQU2018	1
EXPP2018	1
KJCS2018	1
CYSE2018	1
LTIME64B	1
LTIME64A	1
LTIME64	1
COOK98	1
COOK98A	1
CGSC2018	1
NPLQ2018	1
ELE32018	1
COW2018	1
INCC2018	1
CCWC2018	1
ENSE2018	1
GOV32018	1
SEPT18	1
SEPT18A	1
INQU2018	1
BIBA2018	1
BUGF2018	1
ZLC2018	1
CAH1801	1
ICOP1902	1
CYAU2018	1
LTIME63B	1
LTIME63	1
BUGE2018	1
ISTS2018	1
COOK97B	1
COOK97	1
COOK97A	1
PROC2018	1
COWC2018	1
COAT2018	1
WBY1601	1
CRES2016	1
COWA1601	1
ICOD2016	1
CHN15MRP	1
KOPC2016	1
IC32016	1
LTIME87B	1
GEHA2018	1
COOK99	1
MITC2018	1
COOK98B	1
SEPT18B	1
LTIME63A	1
KQM52018	1
PCJ2018	1
ENAU2018	1
CF22018	1
COHR2018	1
AUG18B	1
AUG18	1
AUG18A	1
SGHC2018	1
LTIME62B	1
LTIME62	1
LTIME62A	1
LOCJUL18	1
COOK96B	1
COOK96	1
COOK96A	1
IOITC182	1
ICOP1901	1
ISCC2018	1
JULY18B	1
JULY18	1
JULY18A	1
CIU2018	1
LTIME61B	1
LTIME61	1
LTIME61A	1
LOCJUN18	1
IOITC181	1
NOV20B	1
NOV20A	1
INFY20A	1
INFY20B	1
ECPG2020	1
LTIME89B	1
LTIME89A	1
NEWB2020	1
COX22020	1
TAWY2020	1
TEWE2020	1
DECI2020	1
OCT20B	1
OCT20A	1
CZEN2020	1
CFUN2020	1
GACE2020	1
LTIME88B	1
NOV20	1
INFY20	1
LTIME89	1
COOK123	1
OCT20	1
LTIME88	1
COME2018	1
KJSC2018	1
COLF2018	1
NOON2018	1
JOBE2018	1
COIE2018	1
CODO2018	1
APRIL18	1
APRIL18B	1
APRIL18A	1
CMEL2018	1
LTIME58	1
LTIME58A	1
LTIME58B	1
FOOY2018	1
KQM92018	1
MMFO2018	1
CEM2018	1
COOK95	1
COOK95A	1
ENCO2020	1
BLAS2020	1
CHLG2020	1
NOOB2020	1
CFW32020	1
WNTR2020	1
SCC42020	1
KZEN2020	1
RVRS2020	1
APO12020	1
CGRL2020	1
COOK123B	1
COOK123A	1
CSPR2020	1
INSO2020	1
COF2020	1
STR2020	1
LOGI2020	1
GSMAR18	1
INSO2018	1
COOK92	1
COOK92A	1
COOK92B	1
PRWR2018	1
CONI2018	1
ALKH2018	1
CODN2018	1
GOC2018	1
COUT2018	1
CAC2018	1
KQM82018	1
TCQ22018	1
MARCH18	1
MARCH18A	1
MARCH18B	1
MOPC2018	1
ICL2018	1
NCC2018	1
BYTC2018	1
LTIME57	1
GSF2018	1
CCU2018	1
FSCC2018	1
COOK91	1
KPM22018	1
OVEC2018	1
CODR2018	1
HACF2018	1
COM2018	1
ENCI2018	1
KQM6518	1
COCO2018	1
DEAD2018	1
BLUP2018	1
COCU2018	1
TCQ2018	1
AMR17ROL	1
CBEN2018	1
EXTE2015	1
ACMAMR15	1
CDSK2015	1
COOK95B	1
KQ102018	1
QUCO2018	1
JUNE18	1
JUNE18A	1
JUNE18B	1
LOCMAY18	1
LTIME60	1
LTIME60A	1
LTIME60B	1
COOK94	1
COOK94A	1
COOK94B	1
MAY18	1
MAY18A	1
MAY18B	1
COX2018	1
LTIME59	1
LTIME59A	1
LTIME59B	1
MAY14	1
LOCAPR18	1
BCRR2018	1
COOK93	1
COOK93A	1
COOK93B	1
IEMCO5	1
CORP2018	1
CXII2018	1
CMA22018	1
COLE2018	1
AVEN2018	1
DAVC2018	1
DEME2018	1
SEPT15	1
PRCNJR15	1
SD15ELOP	1
EXCT2015	1
MAY15	1
CLCO2015	1
LTIME23	1
SMCS2015	1
INLO2015	1
COOK57	1
SPT2015	1
COST2015	1
DTCT2015	1
CDQT2015	1
BTCJ2015	1
GOCD2015	1
GOOG2015	1
PSCD2015	1
CDOT2015	1
APRIL15	1
KAN14ROS	1
DMNT2015	1
BIGO2015	1
DBYZ15	1
LTIME22	1
NCC2015	1
PITTCS15	1
COOK56	1
GOC2015	1
COMA2015	1
CDMN2015	1
CDGO2015	1
PRDN2015	1
ABYN2015	1
IOPC2015	1
KJCC1501	1
CDPH2015	1
MTHX2015	1
COTG2015	1
CDER2015	1
MARCH15	1
CDHU2015	1
CCBE2015	1
HUMP15R	1
FBFRW15	1
ACMN2015	1
DCL1501	1
BRCD2015	1
BBYB2015	1
CDTR1502	1
COCR2015	1
PRYS2015	1
BYCD2015	1
CDME2015	1
CDSH2015	1
APRIL20	1
IGNU2015	1
CDBR2015	1
LTIME20	1
JAN15	1
CDTR2014	1
ACMKG14R	1
TCFS15P	1
CDWR2014	1
OCT14	1
WPC1401	1
LTIME16	1
INSM2014	1
CDST2014	1
COOK50	1
SEPT14	1
CLASH14	1
LTIME15	1
COOK49	1
PRCNSR14	1
AUG14	1
LTIME14	1
COOK48	1
JULY14	1
UCOD2020	1
CEFT2020	1
IEM82020	1
BGS12020	1
LICO2020	1
LTIME84B	1
MAY20A	1
COOK117A	1
BTCH2020	1
CCOD2020	1
JLUG2020	1
SITC2020	1
CY302020	1
APRIL20B	1
APRIL20A	1
MYL2020	1
CHPTRS01	1
COVDHACK	1
FULU2020	1
IIITDS20	1
LTIME82	1
LTIME82A	1
LTIME82B	1
JAN20	1
JAN20A	1
DWWU2019	1
AM19MOS	1
LTIME79B	1
LTIME79	1
LTIME79A	1
COFN2019	1
COOK113B	1
COOK113	1
COOK113A	1
GW19MOS	1
SHPC2019	1
COBT2019	1
QM182019	1
KH19MOS	1
DEC19	1
DEC19B	1
DEC19A	1
LTIME78B	1
LTIME78	1
LTIME78A	1
KRPM2019	1
BOB22019	1
CYNO2019	1
COOK112B	1
COOK112	1
COOK112A	1
GKAH1901	1
CEIN2019	1
ISPC2019	1
SATA2019	1
REC92019	1
AFZQ2019	1
BCF12019	1
DEFI2019	1
IEMCO8	1
CNMP2019	1
MACF2019	1
CCRU2019	1
QM172019	1
UEM22019	1
ZCOSC19	1
COOW2019	1
DCOD2019	1
DCOD19A	1
DCOD19B	1
NOV19B	1
NOV19	1
DEER2019	1
COOK108	1
COOK107	1
LTIME72B	1
IEMCO7	1
GHC22019	1
APRIL19B	1
FOYO2019	1
LTIME70B	1
LTIME70	1
LTIME70A	1
ENMA2019	1
TECA2019	1
ICL2019	1
COOK104B	1
COOK104	1
COOK104A	1
PWCR2019	1
BION2019	1
CORU2019	1
TCM2019	1
CPN12019	1
UEMCO19	1
BCR12019	1
ICMT2019	1
POLP2019	1
COEN2019	1
ALMA2019	1
CORD2019	1
MARCH19B	1
MARCH19	1
MARCH19A	1
CODH2018	1
FEB18	1
TESS2018	1
LTIME56	1
KOL17ROL	1
FOPR2018	1
COOK90	1
KQM62018	1
GSJAN18	1
CWF2018	1
GWR17ROL	1
PLCO2018	1
CODW2018	1
CODS2018	1
KGP17ROL	1
CW2018	1
CTLH2018	1
CHN17ROL	1
JAN18	1
ICOP1806	1
LTIME55	1
BITF2017	1
COOK89	1
SOPC2017	1
PROC2017	1
ICOP1805	1
DEC17	1
LTIME54	1
GKAH1701	1
ICOP1804	1
COOK88	1
COD2017	1
ICOP1803	1
IEMCO4	1
NOV17	1
DCOD2017	1
UEMC2017	1
LTIME53	1
ICOP1802	1
COOK87	1
CODP2017	1
NPLQ2017	1
ACJQ2017	1
ICOP1801	1
CCCO2017	1
CODG2017	1
KOKO2017	1
COYH2017	1
CZIL2017	1
COIS2017	1
SICJ2017	1
OCT17	1
CNES2017	1
KJCS17	1
LTIME52	1
LOCSEP17	1
COGE2017	1
KICW2017	1
COOK86	1
COGA2017	1
ICCT2017	0
INQU2017	1
BUGE2017	1
CLCW2017	1
SEPT17	1
LTIME51	1
LOCAUG17	1
COOK85	1
TETO2017	1
AUG17	1
PROJ2017	1
LTIME50	1
TSCO2017	1
LOCJUL17	1
COOK84	1
ISCC2017	1
JULY17	1
SNFL17MR	1
SNCKFL17	1
LOCJUN17	1
LTIME49	1
COOK83	1
SNEL17RP	1
SNCKEL17	1
JUNE17	1
SNCKPB17	1
SNCKPA17	1
LTIME48	1
LOCMAY17	1
COOK82	1
SNCKQL17	1
BITM2017	1
MAY17	1
COOK38	0
EPNY2012	0
COOK26	0
SEP12	0
COOK25	0
BTCD2012	0
AUG12	0
COOK24	0
JULY12	0
COOK23	0
JUNE12	0
ADR2012	0
COOK22	0
MAY12	0
COOK21	0
ANDR2012	0
APRIL12	0
PRDM2012	0
ADYN2012	0
COOK20	0
TCTR2012	0
ICDE2012	0
AGTK2012	0
CDOL2012	0
MARCH12	0
PRFT2012	0
CNSC2012	0
ANWS2012	0
CDSC2012	0
ENCD2012	0
SOPC2012	0
CRNM2012	0
COOK19	0
COZL2012	0
CDZL2012	0
CDMT2012	0
IGNS2012	0
ALGO2012	0
FEB12	0
COOK18	0
DMNT2012	0
IOPC2012	0
COOK47	1
JUNE14	1
LTIME12	1
COOK46	1
NCC2014	1
CDSN2014	1
LTIME11	1
CDGR2014	1
PRMT2014	1
TUXO2014	1
APRIL14	1
CDCN2014	1
LTIME10	1
GOC2014	1
COOK44	1
BTBT2014	1
CDR2014	1
ABCS2014	1
COGZ2014	1
BTCD2014	1
MARCH14	1
DMNT2014	1
TRNT2014	1
IOPC2014	1
CDCS2014	1
IGNS2014	1
LTIME09	1
CDNCTR14	1
CDMT2014	1
NCDFEB14	1
CDMN2014	1
COOK43	1
CDCRNT14	1
CDLV2014	1
CDZL2014	1
CRNM2014	1
FEB14	1
SMHT2014	1
DBYZ2014	1
CDCRFT14	1
LTIME08	1
CODX2014	1
COOK42	1
CDIT2014	1
SHSTRA14	1
JAN14	1
LTIME07	1
COOK41	1
KAN13ACM	1
DEC13	1
LTIME06	1
COOK40	1
ODCD2013	1
NCDRN13	1
CDWV2013	1
CDCZ2013	1
PRVG2014	1
NOV13	1
INSCRP13	1
LTIME05	1
TCFST13	1
CDCRNC13	1
ALKH2013	1
COOK39	1
ACMKAN13	1
CRPT2013	1
DSEC2013	1
OCT13	1
CODW2013	1
CDCL2013	1
LTIME04	1
LGCD2013	1
CDWR2013	1
CDGF2013	1
INSM2013	1
SEPT13	1
CLASH13	1
COOK37	1
BTCD2013	1
PRCN2013	1
AUG13	1
LTIME02	1
COOK36	1
JULY13	1
LTIME01	1
COOK35	1
JUNE13	1
MAY13	1
COOK33	1
CDNB2013	1
KDAT2013	1
PROM2013	1
CODS2013	1
APRIL13	1
COOK32	1
INST2013	1
INVS2013	1
DBYZ2013	1
ALGT2013	1
BTFR2013	1
IOPC2013	1
CDNC2013	1
MARCH13	1
CDOL2013	1
OBFS2013	1
TCSG2013	1
JAN12	0
COOK17	0
AMRITA11	0
DEC11	0
COOK16	0
NOV11	0
ACMKAN11	0
COOK15	0
TCHR1	0
KANWRMUP	0
OCT11	0
LMDPLA11	0
ALKH11	0
COOK14	0
SEPT11	0
COOK13	0
AUG11	0
COOK12	0
JULY11	0
COOK11	0
JUNE11	0
COOK10	0
MAY11	0
CDEZILLA	0
COOK09	0
DREAMSPK	0
DSPATNA	0
APRIL11	0
HCKATHON	0
SOPC2011	0
DIALECT	0
COOK08	0
MARCH11	0
XECUTE	0
CODER11	0
ENCODED	0
TGPA11	0
DSPCXI	0
CMUTANTS	0
COOK07	0
BYTCDE11	0
SYNAPSE	0
RUBIX11	0
IOPC2011	0
FEB11	0
ENCODER	0
COOK06	0
CODEIT	0
JAN11	0
COOK05	0
DEC10	0
COOK04	0
RUBIXDEN	0
NOV10	0
STLEMATE	0
ACMKAN10	0
COOK03	0
RGEAR	0
TECHART	0
AVISHKAR	0
LMDPLA10	0
ACMTRIAL	0
ALKH10	0
OCT10	0
AMRITA01	0
INSOMNIA	0
SEPT10	0
COOK02	0
AUG10	0
COOK01	0
JULY10	0
JUNE10	0
MAY10	0
DSPC30	0
EMA2010	0
APRIL10	0
CYWSL4	0
CYWSL3	0
CYWSL2	0
CYWSL1	0
MANTH10	0
CE2010	0
ICODER10	0
CWARS10	0
CSOC30	0
MINDB10	0
CRAFTALG	0
ALGOTH10	0
ALGOC10	0
MARCH10	0
TGPA10	0
CSOC20	0
CSOC10	0
RUBIX10	0
TZTEST	0
CHACK01	0
FEB10	0
CBUZZ101	0
QCJAM10	0
TBS101	0
TBS102	0
TV10CAT3	0
SNONLINE	0
ENC2010	0
TV10CAT2	0
TV10CAT1	0
SNONSITE	0
JAN10	0
RESNKDWN	0
RESNKTST	0
DEC09	0
SNACKDWN	0
SNACKTST	0
NOV09	0
CB109	0
INS09	0
KNCO209	0
NSIT091	0
OCT09	0
SEP09	0
AUGMINI	0
AUG09	0
JULY09	0
JUNE09	0
MAYGAMER	0
MAY09	0
APRIL09	0
INSOM2	0
INSOM1	0
MARCH09	0
CONA2019	1
COMR2019	1
COLE2019	1
CCED2019	1
CCOQ2019	1
TNPC2019	1
DCC2019	1
FICP2019	1
ENFE2019	1
UICC2019	1
INEK2019	1
LTIME69B	1
LTIME69	1
LTIME69A	1
COWZ2019	1
NCC2019	1
WCS2019	1
PLUM2019	1
COMU2019	1
COOK103B	1
COOK103	1
COOK103A	1
SNFL19MR	1
ONIG2019	1
BLUP2019	1
COBE2019	1
FEB19B	1
FEB19	1
FEB19A	1
QUCJ2019	1
SACO2019	1
ENJA2019	1
AFQL2019	1
OZTA2019	1
LTIME68B	1
LTIME68	1
LTIME68A	1
INAL2019	1
ARBH2019	1
\.


--
-- Data for Name: problem; Type: TABLE DATA; Schema: public; Owner: nandeesh
--

COPY public.problem (code, contest, done) FROM stdin;
EURO	COOK70	0
WSC	LTIME18	0
CRAWA	AUG14	0
BTAR	COOK89	0
GESCAPE	CDWV2012	0
TENNCLUM	CDWV2012	0
TOYSGAME	CDWV2012	0
BERRY	CDWV2012	0
DISHMIX	CDWV2012	0
CANDYPK	CDWV2012	0
EGYPTFRA	ACMKAN12	0
PARKWOE	ACMKAN12	0
CYCLIST	ACMKAN12	0
PRESTI	ACMKAN12	0
CONFLIP	NOV12	0
MANYLEFT	NOV12	0
DDISH	NOV12	0
CBARS	NOV12	0
TOURMAP	NOV12	0
CANDYGAM	NOV12	0
JABO	NOV12	0
MARTARTS	NOV12	0
COUNTARI	NOV12	0
LUCKY9	NOV12	0
BPHC01	CODW2012	0
BPHC02	CODW2012	0
BPHC03	CODW2012	0
BPHC04	CODW2012	0
BUYING2	COOK27	0
EQUALIZ	COOK27	0
REARRAN	COOK27	0
TOURNAM	COOK27	0
TREEFUN	COOK27	0
DRGNBOOL	OCT12	0
NEWSCH	OCT12	0
MAXCOMP	OCT12	0
DIAMOND	OCT12	0
MAXRECT	OCT12	0
BMASTER	OCT12	0
LUCKY10	OCT12	0
TEAMSIZE	OCT12	0
CIELHACK	OCT12	0
MAXCIR	OCT12	0
IGNITE	ALKH2012	0
NMAGIC	ALKH2012	0
DIFFV	ALKH2012	0
STRRMQ	ALKH2012	0
CRAZYBOB	ALKH2012	0
ALK01	ALKH2012	0
DEADSHOT	ALKH2012	0
ICEFIRE	ALKH2012	0
EQCANDY	ALKH2012	0
MPREF	ALKH2012	0
TSX01	TCSN2012	0
TSX02	TCSN2012	0
TSX03	TCSN2012	0
TSX04	TCSN2012	0
TSX05	TCSN2012	0
WATMELON	LTIME88A	0
GCDOPS	LTIME88A	0
ROOTTREE	LTIME88A	0
UKROBOT	LTIME88A	0
PERMSPL	LTIME88A	0
FEWDIFF	LTIME88A	0
ADDONSEG	LTIME88A	0
COFSQ1	CFSA2020	0
COFSQ2	CFSA2020	0
TREE2	SEPT20A	0
COVID19B	SEPT20A	0
ADAMAT	SEPT20A	0
CRDGAME2	SEPT20A	0
FINXOR	SEPT20A	0
CHFNSWAP	SEPT20A	0
EQDIV	SEPT20A	0
ROTATPOL	SEPT20A	0
MOVCOIN2	SEPT20A	0
MVCN2TST	SEPT20A	0
CHEFSUMS	SEPT20A	0
VBR	SEPT20A	0
PHEONIX	IEMCO17	0
FCRYPT	IEMCO17	0
DDLJR	IEMCO17	0
SMRITI	IEMCO17	0
ITSMAGIC	IEMCO17	0
YUMMYPIE	IEMCO17	0
BEARSEG	LTIME47	0
SEGM01	LTIME47	0
CLOSESTQ	LTIME47	0
DIGVIRUS	LTIME47	0
ABHIAMBI	LOCAPR17	0
LOC171	LOCAPR17	0
SANBAN	LOCAPR17	0
DRS	LOCAPR17	0
CHEFTOUR	LOCAPR17	0
JMBOOK	LOCAPR17	0
XORSUMS	COOK81	0
BESTTRI	COOK81	0
SHOPTRIP	COOK81	0
CANDY123	COOK81	0
ABREPEAT	COOK81	0
IOPC17A	IOPC2017	0
IOPC17B	IOPC2017	0
IOPC17C	IOPC2017	0
IOPC17D	IOPC2017	0
IOPC17E	IOPC2017	0
IOPC17F	IOPC2017	0
IOPC17G	IOPC2017	0
EXPLOREI	EXCO1701	0
EXPLORE2	EXCO1701	0
EXPLORE3	EXCO1701	0
EXPLORE4	EXCO1701	0
EXPLORE5	EXCO1701	0
EXPLORE6	EXCO1701	0
EXPLORE7	EXCO1701	0
DISHLIFE	APRIL17	0
CHEFDIV	APRIL17	0
HLD	APRIL17	0
SMARKET	APRIL17	0
ROWSOLD	APRIL17	0
CLIQUED	APRIL17	0
SEABIL	APRIL17	0
DGTCNT	APRIL17	0
SIMDISH	APRIL17	0
RNDGRID	APRIL17	0
ICL1701	ICL2017	0
ICL1704	ICL2017	0
ICL1702	ICL2017	0
ICL1706	ICL2017	0
ICL1703	ICL2017	0
ICL1705	ICL2017	0
BRLADDER	LTIME46	0
SPECIES	LTIME46	0
HAIRCUT	LTIME46	0
ALMROW	LTIME46	0
SHEBRU	ALKH2017	0
ARRQRS	ALKH2017	0
XORPRO	ALKH2017	0
TREEQRS	ALKH2017	0
DEADFOOL	ALKH2017	0
INCDEC	ALKH2017	0
CHEFGRUP	ALKH2017	0
DIGIMU	ALKH2017	0
LOGMAT	ALKH2017	0
EURSTR	ALKH2017	0
ROBOTG	COOK80	0
INCXOR	COOK80	0
CARDS777	COOK80	0
MEETUP	COOK80	0
RAINBOW	COOK80	0
INCPR02	PWCE2017	0
INCPR03	PWCE2017	0
INCPR04	PWCE2017	0
INCPR05	PWCE2017	0
INCPR06	PWCE2017	0
INCPR01	PWCE2017	0
MONDICT	KJSC17	0
BUSHO	KJSC17	0
BALLOOON	KJSC17	0
ABGCD	KJSC17	0
ATTACKOT	KJSC17	0
CODA2017	PRCD1701	0
CODB2017	PRCD1701	0
CODC2017	PRCD1701	0
COD12017	PRCD1701	0
COD22017	PRCD1701	0
COD32017	PRCD1701	0
COD417	PRCD1701	0
COD52017	PRCD1701	0
COD72017	PRCD1701	0
COD82017	PRCD1701	0
COZIA	COZI2017	0
COZID	COZI2017	0
COZIC	COZI2017	0
HOGON	COZI2017	0
COZIB	COZI2017	0
COZIE	COZI2017	0
BYCO17A	BYCO2017	0
BYCO17B	BYCO2017	0
BYCO17C	BYCO2017	0
BYCO17E	BYCO2017	0
BYCO17D	BYCO2017	0
BYCO17G	BYCO2017	0
BYCO17F	BYCO2017	0
BYCO17H	BYCO2017	0
BYCO17I	BYCO2017	0
BYCO17J	BYCO2017	0
TUPLES2	MARCH17	0
FAVGAME	MARCH17	0
SUMDIS	MARCH17	0
PSHTBRTH	MARCH17	0
XENTASK	MARCH17	0
BEARTRAP	MARCH17	0
SORTROW	MARCH17	0
SCHEDULE	MARCH17	0
BANDMATR	MARCH17	0
EXTRAN	MARCH17	0
NCL1701	NCL2017	0
NCL1702	NCL2017	0
NCL1705	NCL2017	0
NCL21704	NCL2017	0
NCL1706	NCL2017	0
GRHARSH	NCC2017	0
GKYLOVE	NCC2017	0
WANBASE	NCC2017	0
ABIBST	NCC2017	0
BXDIST	NCC2017	0
VARGAME	NCC2017	0
ALGOA	ALGR2017	0
ALGOB	ALGR2017	0
ALGOC	ALGR2017	0
ALGOD	ALGR2017	0
ALGOE	ALGR2017	0
CLPLCS	COLG2017	0
CLWALL	COLG2017	0
CLHMSG	COLG2017	0
CLVSTR	COLG2017	0
CLTRTS	COLG2017	0
CLSAVE	COLG2017	0
CLNUMG	COLG2017	0
CLSTRN	COLG2017	0
QHOUSE	LTIME45	0
COOMILK	LTIME45	0
BRIBETR	LTIME45	0
OVERPNT	LTIME45	0
DL2016A	DEAD2017	0
DL2016B	DEAD2017	0
DL2016C	DEAD2017	0
DL2016D	DEAD2017	0
CRES03	CRES2017	0
CRES04	CRES2017	0
CRES01	CRES2017	0
CRES02	CRES2017	0
CRES05	CRES2017	0
CDMN17A	COMA2017	0
CDMN17C	COMA2017	0
CDMN17B	COMA2017	0
CDMN17D	COMA2017	0
CDMN17E	COMA2017	0
CDMN17F	COMA2017	0
DWNLD	COOK79	0
CHAIRS	COOK79	0
ADDMULT	COOK79	0
MIXFLVOR	COOK79	0
COOKGAME	COOK79	0
MODNIM	BYTR2017	0
ADWAR	BYTR2017	0
BATGRAPH	BYTR2017	0
DIVIS	BYTR2017	0
FGAME	BYTR2017	0
CHARR	BYTR2017	0
ARH1701	DECA2017	0
ARH1702	DECA2017	0
ARH1704	DECA2017	0
ARH1703	DECA2017	0
VORTEX1	COSU2017	0
VORTEX3	COSU2017	0
VORTEX4	COSU2017	0
VORTEX5	COSU2017	0
VORTEX6	COSU2017	0
VORTEX7	COSU2017	0
VORTEX2	COSU2017	0
SEAINVS	FEB17	0
INTERVAL	FEB17	0
CHEFYODA	FEB17	0
MAKETRI	FEB17	0
CHEFAPAR	FEB17	0
JAKKU	FEB17	0
DISTNUM3	FEB17	0
MFREQ	FEB17	0
GERMANDE	FEB17	0
ALICGARD	FEB17	0
KBIGNUMB	FEB17	0
CHEFBEST	FEB17	0
CDVA1703	CDVA17	0
CDVA1701	CDVA17	0
CDVA1702	CDVA17	0
CDVA1705	CDVA17	0
CDVA1707	CDVA17	0
CDVA1704	CDVA17	0
CDVA1706	CDVA17	0
CDVA1708	CDVA17	0
CDVA1709	CDVA17	0
CDVA1710	CDVA17	0
ALGFLXQA	AGOF2017	0
ALGFLXQB	AGOF2017	0
ALGFLXQD	AGOF2017	0
ALGFLXQF	AGOF2017	0
ALGFLXQG	AGOF2017	0
ALGFLXQH	AGOF2017	0
ALGFLXQE	AGOF2017	0
SEALUP	LTIME44	0
IMPROVE	LTIME44	0
NOTINCOM	LTIME44	0
SEGMENTQ	LTIME44	0
DIGITLIS	COOK78	0
XRGRD	COOK78	0
MTRNSFRM	COOK78	0
LISDIGIT	COOK78	0
UNGAME	COOK78	0
GGBUNNY	COSE2017	0
GGSPAG	COSE2017	0
GGCURR	COSE2017	0
GGSQR	COSE2017	0
GGBHAI	COSE2017	0
COLGQU	LTC2017	0
WGME	LTC2017	0
OSQUE	LTC2017	0
MFQUE	LTC2017	0
PARQUE	LTC2017	0
CAPIMOVE	JAN17	0
CHEFCIRC	JAN17	0
TUPLES	JAN17	0
FOURSQ	JAN17	0
CATSDOGS	JAN17	0
DIGITSEP	JAN17	0
SEABOX	JAN17	0
TOURISTS	JAN17	0
RESERVOI	JAN17	0
SEACIR	JAN17	0
DISTINCT	KQPM2017	0
SUMALPHA	KQPM2017	0
FLYMODE	LTIME43	0
SUPVIL	LTIME43	0
MSTQS	LTIME43	0
SBSWAP	LTIME43	0
INF16A	INF16MOS	0
INF16B	INF16MOS	0
INF16C	INF16MOS	0
INF16D	INF16MOS	0
INF16E	INF16MOS	0
INF16F	INF16MOS	0
INF16H	INF16MOS	0
INF16I	INF16MOS	0
INF16J	INF16MOS	0
INF16K	INF16MOS	0
INF16L	INF16MOS	0
KOL16A	KOL16MOS	0
KOL16B	KOL16MOS	0
KOL16C	KOL16MOS	0
KOL16D	KOL16MOS	0
KOL16E	KOL16MOS	0
KOL16F	KOL16MOS	0
KOL16G	KOL16MOS	0
KOL16H	KOL16MOS	0
KOL16I	KOL16MOS	0
KOL16J	KOL16MOS	0
KOL16K	KOL16MOS	0
KOL16L	KOL16MOS	0
THESAV	BITF2016	0
SPECRK	BITF2016	0
APJSWG	BITF2016	0
JUMBSTRY	BITF2016	0
DMNTION	BITF2016	0
SPC1601	SOPC2016	0
SPC1602	SOPC2016	0
SPC1603	SOPC2016	0
SPC1604	SOPC2016	0
SPC1605	SOPC2016	0
AMR16A	AMR16MOS	0
AMR16B	AMR16MOS	0
AMR16C	AMR16MOS	0
AMR16D	AMR16MOS	0
AMR16F	AMR16MOS	0
AMR16E	AMR16MOS	0
AMR16H	AMR16MOS	0
AMR16G	AMR16MOS	0
AMR16I	AMR16MOS	0
AMR16J	AMR16MOS	0
AMR16K	AMR16MOS	0
CHN16A	CHN16MOS	0
CHN16B	CHN16MOS	0
CHN16C	CHN16MOS	0
CHN16D	CHN16MOS	0
CHN16E	CHN16MOS	0
CHN16F	CHN16MOS	0
CHN16G	CHN16MOS	0
CHN16H	CHN16MOS	0
CHN16I	CHN16MOS	0
CHN16J	CHN16MOS	0
CHEFSETC	COOK77	0
CHEFARRB	COOK77	0
CHEFNUMK	COOK77	0
CHEFTRI4	COOK77	0
CHEFINS	COOK77	0
KGP16A	KGP16MOS	0
KGP16B	KGP16MOS	0
KGP16C	KGP16MOS	0
KGP16D	KGP16MOS	0
KGP16E	KGP16MOS	0
KGP16F	KGP16MOS	0
KGP16G	KGP16MOS	0
KGP16H	KGP16MOS	0
KGP16I	KGP16MOS	0
KGP16J	KGP16MOS	0
KGP16K	KGP16MOS	0
GOGL16T2	GOGL2016	0
GOGL16T5	GOGL2016	0
GOGL16T6	GOGL2016	0
GOGL16T3	GOGL2016	0
GOGL16T7	GOGL2016	0
GOGL16T8	GOGL2016	0
SEAINCR	DEC16	0
ALEXROSE	DEC16	0
ANKTRAIN	DEC16	0
KIRLAB	DEC16	0
EDIT	DEC16	0
KTHMAX	DEC16	0
BASE	DEC16	0
THREECOL	DEC16	0
BOUNCE	DEC16	0
CHEFAFD	DEC16	0
CHEFSTUD	LTIME42	0
CHEFSSET	LTIME42	0
BALANPOL	LTIME42	0
TOMJERGA	LTIME42	0
SEQUAT2	COOK76	0
SECUBE	COOK76	0
SELECT	COOK76	0
SEBIHWY	COOK76	0
SETELE	COOK76	0
QRK02	QCDJ2016	0
QRK05	QCDJ2016	0
QRK04	QCDJ2016	0
QRK01	QCDJ2016	0
QRK07	QCDJ2016	0
AWARA	IEMCO16	0
RAMLEELA	IEMCO16	0
DON	IEMCO16	0
LAALRANG	IEMCO16	0
BAADSHAH	IEMCO16	0
TE3N	IEMCO16	0
DDLJ	IEMCO16	0
SMP161	SMPX2016	0
SMP162	SMPX2016	0
SMP163	SMPX2016	0
SMP164	SMPX2016	0
SMP165	SMPX2016	0
SMP166	SMPX2016	0
CHSQR	NOV16	0
URBANDEV	NOV16	0
CPERM	NOV16	0
GIFTCHEF	NOV16	0
FRIEMEET	NOV16	0
KIRMEME	NOV16	0
ALEXTASK	NOV16	0
SEAPERM3	NOV16	0
BIKE	NOV16	0
SEAWCU	NOV16	0
BOUQUET	LTIME41	0
RESTPERM	LTIME41	0
FFCOMB	LTIME41	0
COUNTIES	LTIME41	0
COUNTWAY	COOK75	0
PERMEXIS	COOK75	0
UGLYF	COOK75	0
BOOKCHEF	COOK75	0
SWINDOW	COOK75	0
VTAMASHA	CDVT2016	0
FNYGAME1	CDVT2016	0
PFACT	CDVT2016	0
HELPKSHV	CDVT2016	0
ICPC16A	ACMIND16	0
ICPC16B	ACMIND16	0
ICPC16C	ACMIND16	0
ICPC16D	ACMIND16	0
ICPC16E	ACMIND16	0
ICPC16G	ACMIND16	0
ICPC16F	ACMIND16	0
AMR15A	TSTIND16	0
AMR15B	TSTIND16	0
CHN15E	TSTIND16	0
CHN15F	TSTIND16	0
KOL15A	TSTIND16	0
KOL15B	TSTIND16	0
NPLFLA	NPLQ1602	0
NPLFLD	NPLQ1602	0
NPLFLE	NPLQ1602	0
NPLFLB	NPLQ1602	0
NPLFLF	NPLQ1602	0
NPLFLC	NPLQ1602	0
NPLELA	NPLQ1601	0
NPLELB	NPLQ1601	0
RRTREGAM	NPLQ1601	0
NPLELD	NPLQ1601	0
NPLELF	NPLQ1601	0
NPLELE	NPLQ1601	0
NPLELG	NPLQ1601	0
GMCO16RI	GMCO2016	0
GMCO16SS	GMCO2016	0
GMCO16AP	GMCO2016	0
GMCO16CV	GMCO2016	0
GMCO16OG	GMCO2016	0
GMCO16PB	GMCO2016	0
GMCO16TF	GMCO2016	0
GMCO16XT	GMCO2016	0
CHEFKEY	OCT16	0
CHDOGS	OCT16	0
CHEFTWOS	OCT16	0
BGQRS	OCT16	0
POWSUMS	OCT16	0
SEAARI	OCT16	0
FENWITER	OCT16	0
GEOCHEAT	OCT16	0
SEASTONE	OCT16	0
TREEBAL	OCT16	0
LBRACKET	IPC15CMR	0
LINES	IPC15CMR	0
LEMPLOY	IPC15CMR	0
SURESH	IPC15CMR	0
ALTREE	IPC15CMR	0
MINWALK	IPC15CMR	0
SVENGY	IPC15CMR	0
LPALIN	IPC15CMR	0
EXNETWRK	LTIME31	0
ABROADS	LTIME31	0
SEEDLING	LTIME31	0
DISTCODE	LTIME31	0
KOL1501	KOL15MOS	0
KOL1502	KOL15MOS	0
KOL1503	KOL15MOS	0
KOL1504	KOL15MOS	0
CHEFCLO	IPC15BMR	0
CHEFEXAM	IPC15BMR	0
CANGAME	IPC15BMR	0
CHEFCOL	IPC15BMR	0
HGCD	IPC15BMR	0
MINMAGIC	IPC15BMR	0
KOL1505	KOL15MOS	0
KOL1506	KOL15MOS	0
KOL1507	KOL15MOS	0
KOL1508	KOL15MOS	0
KOL1509	KOL15MOS	0
KOL1510	KOL15MOS	0
SGRSTR	KJCS16	0
COLDPLAY	KJCS16	0
ROBOWALL	KJCS16	0
VIACST	KJCS16	0
GCDOFFIB	KJCS16	0
HIKARU	IPC15AMR	0
TREE02	IPC15AMR	0
BOBPRIME	IPC15AMR	0
ASYA2	IPC15AMR	0
ASYAPATH	IPC15AMR	0
ENTRY	IPC15AMR	0
DIAGON	IPC15AMR	0
TREEPAL	IPC15AMR	0
LUFFY	IPC15AMR	0
KOL1511	KOL15MOS	0
AMSS	ACM15AMR	0
AMBDAY	ACM15AMR	0
AMCAM	ACM15AMR	0
AMMAM	ACM15AMR	0
AMJMP	ACM15AMR	0
AMCAS	ACM15AMR	0
AMGIT	ACM15AMR	0
LTM40EF	LTIME40	0
LTM40GH	LTIME40	0
LTM40AB	LTIME40	0
LTM40CD	LTIME40	0
FRCH	COWS2016	0
VSTMPL	COWS2016	0
CWB	COWS2016	0
CVW	COWS2016	0
JKBMB	COWS2016	0
LRDFRNG	COWS2016	0
ANPB	COWS2016	0
DCKHNT	COWS2016	0
TALAZY	COOK74	0
TAASEQ	COOK74	0
TACNTSTR	COOK74	0
TACTQUER	COOK74	0
TAPOINT	COOK74	0
BUG2K16A	GSTS1601	0
BUG2K16B	GSTS1601	0
BUG2K16E	GSTS1601	0
BUG2K16F	GSTS1601	0
BUG2K16G	GSTS1601	0
BUG2K16H	GSTS1601	0
BUG2K16C	GSTS1601	0
SHINI	SIC2016	0
SANTA	SIC2016	0
SPEC	SIC2016	0
ASH	SIC2016	0
NEAR	SIC2016	0
CDTN01	CDTN2016	0
CDTN02	CDTN2016	0
CDTN03	CDTN2016	0
CDTN04	CDTN2016	0
INSQ16F	INSQ2016	0
INSQ16C	INSQ2016	0
INSQ16E	INSQ2016	0
INSQ16A	INSQ2016	0
INSQ16B	INSQ2016	0
INSQ16D	INSQ2016	0
INSQ16G	INSQ2016	0
INSQ16H	INSQ2016	0
JTREE	SEPT16	0
DIVMAC	SEPT16	0
CHFNFRN	SEPT16	0
CHMTDV	SEPT16	0
LONGSEQ	SEPT16	0
RESCALC	SEPT16	0
LEXOPAL	SEPT16	0
CIRCLEQ	SEPT16	0
CHEFKC	SEPT16	0
CHEFSPAG	SEPT16	0
CHEFBGNM	LOCAUG16	0
BSQUARE	LOCAUG16	0
CHEFCHSS	LOCAUG16	0
MINMO	LOCAUG16	0
ALPHABET	LTIME39	0
AVGSHORT	LTIME39	0
TREEDIAM	LTIME39	0
LFSTACK	LTIME39	0
ALICE	COOK73	0
TWEED	COOK73	0
MADHAT	COOK73	0
QUEHEA	COOK73	0
MCKTUR	COOK73	0
CCWR02	CCWR2016	0
CCWR03	CCWR2016	0
CCWR04	CCWR2016	0
CCWR01	CCWR2016	0
CCWR05	CCWR2016	0
CCWR06	CCWR2016	0
CJ01	CDJA2016	0
IN01	CDJA2016	0
MRXCHOC	CDJA2016	0
KM01	CDJA2016	0
BST01	CDJA2016	0
RC01	CDJA2016	0
PRCS16A	PROC2016	0
PRCS16B	PROC2016	0
PRCS16C	PROC2016	0
PRCS16D	PROC2016	0
PRCS16E	PROC2016	0
PRCS16F	PROC2016	0
GSRM01A	GSTS2016	0
GSRM01B	GSTS2016	0
SHAIKHGN	AUG16	0
MAXGRID	AUG16	0
CHEFRRUN	AUG16	0
CHEFCRUN	AUG16	0
CHCHCL	AUG16	0
CHAHG	AUG16	0
GOODPROB	AUG16	0
TRICONT	AUG16	0
EBOLA	AUG16	0
CHEFTRE	AUG16	0
ORMNDST	CDGO2016	0
SKMGMT	CDGO2016	0
CDGO1601	CDGO2016	0
CDGO1602	CDGO2016	0
CDGO1603	CDGO2016	0
CHEFCLOS	LTIME38	0
STUDVOTE	LTIME38	0
LUMPYBUS	LTIME38	0
CLOSEFAR	LTIME38	0
PRCN16A	PROC1601	0
PRCN16B	PROC1601	0
PRCN16C	PROC1601	0
PRCN16D	PROC1601	0
PRCN16E	PROC1601	0
PRCN16F	PROC1601	0
PRCN16G	PROC1601	0
PRCN16H	PROC1601	0
NUMHOLMS	LOCJUL16	0
LEVENSUB	LOCJUL16	0
PROGCOMP	LOCJUL16	0
CHEFSPCL	LOCJUL16	0
FORALN	LOCJUL16	0
LOSTPW	CYPH2016	0
HITBIT	CYPH2016	0
ANOSTR	CYPH2016	0
CHEFCBA	COOK72	0
CHEFFED	COOK72	0
CHEFIHG	COOK72	0
CHEFONM	COOK72	0
CHEFLKJ	COOK72	0
UEMP01	UEMK2016	0
UEMP02	UEMK2016	0
TREECAKE	SNFL16MR	0
SEGTREE2	SNFL16MR	0
XORPATH	SNFL16MR	0
BIGTREE	SNFL16MR	0
EQUALIZE	SNFL16MR	0
BEAUTY	SNFL16MR	0
GAMCOUNT	SNFL16MR	0
JRNTREE	SNFL16MR	0
SUMPP	SNFL16MR	0
RAINFALL	SNFL16MR	0
CATCHSM	SNFL16MR	0
SBSTCNT	SNFL16MR	0
POLYEVAL	JULY16	0
CHEFARC	JULY16	0
CHEFELEC	JULY16	0
CHSGMNTS	JULY16	0
EGRANDR	JULY16	0
WORKCHEF	JULY16	0
CHEFTET	JULY16	0
ALLPOLY	JULY16	0
CHEFPOL	JULY16	0
CLUSSCHE	JULY16	0
CAKECUT	COOK71	0
RIGHTTRI	COOK71	0
STICKS	COOK71	0
ANDMIN	COOK71	0
CHEFLAND	COOK71	0
TRAVTREE	LTIME37	0
SQNUMBF	LTIME37	0
OMWG	LTIME37	0
LCOLLIS	LTIME37	0
CHEFLIQD	LOCJUN16	0
CHSHIFU	LOCJUN16	0
MXSUBARR	LOCJUN16	0
GOODNUMB	LOCJUN16	0
PEOPLOVE	LOCJUN16	0
EXAMCOPY	LOCJUN16	0
SKYSCR	LOCJUN16	0
ALLIANCE	SNCKEL16	0
VCAKE	SNCKEL16	0
ARITHM	SNCKEL16	0
RWALK	SNCKEL16	0
MAZETRAV	SNCKEL16	0
CUBTOWER	SNCKEL16	0
NUMSET	SNCKEL16	0
SEGSUMQ	SNCKEL16	0
COLTREE	SNCKEL16	0
MMPROD	SNPB16RP	0
FAIRPAIR	SNPB16RP	0
LISLDS	SNPB16RP	0
REGIONS	SNPB16RP	0
MINSHIFT	SNPB16RP	0
ENTEXAM	SNPB16RP	0
AMLPALIN	ACM15AMR	0
AMCOINS	ACM15AMR	0
AMCOP	ACM15AMR	0
HEADBOB	LTIME17	0
ANDTUPLE	LTIME17	0
PHYSICS	LTIME17	0
MAKEART	SNCKPA16	0
CSS2	LTIME17	0
MAKELIS	SNCKPA16	0
GIVCANDY	SNCKPA16	0
CHSPARR	SNCKPA16	0
NDIFFPAL	SNCKPA16	0
SUBSEG2	SNCKPA16	0
MGCHGEOM	JUNE16	0
CHEARMY	JUNE16	0
CHEFARK	JUNE16	0
CHSQARR	JUNE16	0
CHNWGM	JUNE16	0
CHCOINSG	JUNE16	0
DEVARRAY	JUNE16	0
FRJUMP	JUNE16	0
BINOP	JUNE16	0
SADPAIRS	JUNE16	0
ALOST	LTIME36	0
ACBALL	LTIME36	0
AHWORK	LTIME36	0
ASTRING	LTIME36	0
KTTABLE	SNCKQL16	0
FDIVGAME	SNCKQL16	0
KGOOD	SNCKQL16	0
MMSUM	SNCKQL16	0
CRACE	LOCMAY16	0
VSQ3	LOCMAY16	0
TEACHTR	LOCMAY16	0
MDOSA	LOCMAY16	0
POSTIT	LOCMAY16	0
P1Z2S	COOK70	0
TANDEM	COOK70	0
EZNO	COOK70	0
MAZE	COOK70	0
LADDU	MAY16	0
CHEFNUM	MAY16	0
CHBLLS	MAY16	0
SHOP2	MAY16	0
FORESTGA	MAY16	0
CHEFSOC2	MAY16	0
CHEFMATH	MAY16	0
DISTNUM2	MAY16	0
SEAGCD2	MAY16	0
STARROAD	MAY16	0
KSUM	LTIME35	0
COLORING	LTIME35	0
LABEL	LTIME35	0
TRICOIN	LTIME35	0
SPC0101	SSC2016	0
SCC0103	SSC2016	0
SCC0104	SSC2016	0
SCC0105	SSC2016	0
SCC0102	SSC2016	0
SCC0106	SSC2016	0
VSQ2	LOCAPR16	0
BLTOUR	LOCAPR16	0
ACDEMY	LOCAPR16	0
ROLLDEEP	LOCAPR16	0
RUNNING	LOCAPR16	0
SIDSTR	RECJ1601	0
ABHSTR	RECJ1601	0
DORAEMON	RECJ1601	0
SIDPRIME	RECJ1601	0
ABHMNSTR	RECJ1601	0
SQUE1	COWO1601	0
DEB002	COWO1601	0
BW001	COWO1601	0
SEG003	COWO1601	0
WAY004	COWO1601	0
MOVIEWKN	COOK69	0
ODDDIV	COOK69	0
BINTREEQ	COOK69	0
LCPMAX	COOK69	0
BITTWIST	COOK69	0
GTH	BIGO2016	0
WATSY	BIGO2016	0
SURF	BIGO2016	0
SACHGF	BIGO2016	0
WKIMAAL	BIGO2016	0
CDQU01	CDQU1601	0
CDQU02	CDQU1601	0
CDQU03	CDQU1601	0
CDQU04	CDQU1601	0
CDQU05	CDQU1601	0
CDQU06	CDQU1601	0
CDQU07	CDQU1601	0
CDQU08	CDQU1601	0
CDQU09	CDQU1601	0
CDQU10	CDQU1601	0
DDCC	DMNT2016	0
POFACT	DMNT2016	0
SHISTR	DMNT2016	0
POMUSE	DMNT2016	0
ISD	ALKH2016	0
NRTKH	ALKH2016	0
VVR	ALKH2016	0
POPT	ALKH2016	0
PETRM	ALKH2016	0
VLB	ALKH2016	0
DRTVG	ALKH2016	0
CLBMK	ALKH2016	0
LFS	ALKH2016	0
VLD	ALKH2016	0
NTSK	ALKH2016	0
NCC01	NCC2016	0
NCC02	NCC2016	0
NCC04	NCC2016	0
NCC05	NCC2016	0
NCC06	NCC2016	0
NCC07	NCC2016	0
FURGRAPH	APRIL16	0
FIBQ	APRIL16	0
CHBLLNS	APRIL16	0
BIPIN3	APRIL16	0
CHEFPATH	APRIL16	0
CHNBGMT	APRIL16	0
AMAEXPER	APRIL16	0
COLOR	APRIL16	0
SNAKGAME	APRIL16	0
DEVGOSTR	APRIL16	0
SIMPSTAT	LTIME34	0
PAIRCLST	LTIME34	0
ARRAYSUM	LTIME34	0
INTROSRM	SRMC2016	0
DRCTNSRM	SRMC2016	0
BRCKTSRM	SRMC2016	0
MULTISRM	SRMC2016	0
CHEFREC	LOCMAR16	0
BTREAT	LOCMAR16	0
MOD	LOCMAR16	0
VSQ	LOCMAR16	0
ROSES	LOCMAR16	0
LOCRPT	LOCMAR16	0
FRAC	LOCMAR16	0
TRYOUT	BITC2016	0
TVP	BITC2016	0
DMILK	BITC2016	0
KING	BITC2016	0
AFDMSD	BITC2016	0
TBD	BITC2016	0
CDS1	CDST2016	0
CDS2	CDST2016	0
CDS3	CDST2016	0
CDS5	CDST2016	0
ALTARAY	COOK68	0
ONOZ	COOK68	0
TWONIM	COOK68	0
NPLANAR	COOK68	0
KTHCON	COOK68	0
CB20Q1	CLDB2016	0
CB20Q3	CLDB2016	0
CB20Q4	CLDB2016	0
CB20Q5	CLDB2016	0
KJCC11	KJSP1602	0
KJCC12	KJSP1602	0
KJCC13	KJSP1602	0
KJCC14	KJSP1602	0
KJCC15	KJSP1602	0
KJCC16	KJSP1602	0
KJCC17	KJSP1602	0
ESYSUM	ODCO2016	0
COMPX	ODCO2016	0
O2CTST03	ODCO2016	0
O2CTST04	ODCO2016	0
CHKTRE	FLFI2016	0
CHKAR	FLFI2016	0
CHKSEL	FLFI2016	0
CHKSTR	FLFI2016	0
CHKDST	FLFI2016	0
ROBBERY	REC2016	0
RECIITRK	REC2016	0
RECIICHA	REC2016	0
RECIIDCD	REC2016	0
RECIIBKS	REC2016	0
RNGMOD	COBL2016	0
PERFECT	COBL2016	0
SWEGARR	COBL2016	0
SWEGIRL	COBL2016	0
SWEGSTR	COBL2016	0
NIKKLIN	COMN2016	0
MINION	COMN2016	0
SUMTOUR	COMN2016	0
ZOMBIE	COMN2016	0
THANPK	COMN2016	0
RECAREA	COMN2016	0
IOPC16A	IOPC2016	0
IOPC16R	IOPC2016	0
IOPC16M	IOPC2016	0
IOPC16T	IOPC2016	0
IOPC16I	IOPC2016	0
IOPC16G	IOPC2016	0
IOPC16B	IOPC2016	0
IOPC16Q	IOPC2016	0
IOPC16J	IOPC2016	0
IOPC16O	IOPC2016	0
IOPC16L	IOPC2016	0
IOPC16D	IOPC2016	0
IOPC16P	IOPC2016	0
IOPC16F	IOPC2016	0
IOPC16U	IOPC2016	0
IOPC16E	IOPC2016	0
IOPC16N	IOPC2016	0
IOPC16H	IOPC2016	0
IOPC16S	IOPC2016	0
IOPC16K	IOPC2016	0
CF201	COFI2016	0
CF202	COFI2016	0
CF204	COFI2016	0
CF207	COFI2016	0
CF203	COFI2016	0
CF205	COFI2016	0
CF208	COFI2016	0
CF209	COFI2016	0
CF210	COFI2016	0
CF212	COFI2016	0
CF211	COFI2016	0
CF213	COFI2016	0
INLO21	INLO2016	0
INLO23	INLO2016	0
INLO22	INLO2016	0
INLO24	INLO2016	0
INLO25	INLO2016	0
HFCQ1	HFCQ2016	0
HFCQ3	HFCQ2016	0
HFCQ4	HFCQ2016	0
HFCQ2	HFCQ2016	0
HFCQ5	HFCQ2016	0
CULMYCA	CDWR2016	0
VIPGF	CDWR2016	0
FEST02	CDWR2016	0
FEST10	CDWR2016	0
FEST03	CDWR2016	0
FEST09	CDWR2016	0
FEST07	CDWR2016	0
FEST06	CDWR2016	0
FEST05	CDWR2016	0
FEST04	CDWR2016	0
CNTMTX	ALPH2016	0
AVGSCORE	ALPH2016	0
YUVRAJ	ALPH2016	0
VIRAT20	ALPH2016	0
VIRATGCD	ALPH2016	0
MAXPER	ALPH2016	0
FICE	COCR2016	0
GOVT	COCR2016	0
BRDG	COCR2016	0
MARS	COCR2016	0
LOCKS	IPC15P3C	0
PRMAX	IPC15P3C	0
BRCKMT	IPC15P3C	0
MSDBIN	IPC15P3C	0
RAMSUR	IPC15P3C	0
ARRGM	IPC15P3C	0
VALMAX	IPC15P3C	0
SUMBITS	IPC15P3C	0
SONAFOR	IPC15P3C	0
CONCAT	IPC15P3C	0
INTRESEC	IPC15P3C	0
TREE01	IPC15P3B	0
XORSACK	IPC15P3B	0
ASYA1	IPC15P3B	0
ASYA3	IPC15P3B	0
FLEIJA	IPC15P3B	0
STR	IPC15P3B	0
SROADS	IPC15P3B	0
LETSTOSS	IPC15P3B	0
FUNKVAL	IPC15P3B	0
FIBEQN	IPC15P3B	0
ITRA07	ITRA2016	0
ITRA05	ITRA2016	0
ITRA06	ITRA2016	0
ITRA04	ITRA2016	0
ITRA10	ITRA2016	0
NPT	ITRA2016	0
ITRA09	ITRA2016	0
ITRA03	ITRA2016	0
ITRA01	ITRA2016	0
CDYPA01	COYA2016	0
CDYPA02	COYA2016	0
CDYPA03	COYA2016	0
CDYPA04	COYA2016	0
CDYPA06	COYA2016	0
CDYPA05	COYA2016	0
CDYPA07	COYA2016	0
CDYPA08	COYA2016	0
CDYPA09	COYA2016	0
CDYPA10	COYA2016	0
STRPALIN	MARCH16	0
HBIRD	MARCH16	0
SEATSTR2	MARCH16	0
FLOORDIS	MARCH16	0
MAXISUM	MARCH16	0
PARITREE	MARCH16	0
CHEFPC	MARCH16	0
CHNGSS	MARCH16	0
TULIPS	MARCH16	0
CHEFSPL	MARCH16	0
BDG001	BUDE2016	0
BDG003	BUDE2016	0
BDG005	BUDE2016	0
BDG004	BUDE2016	0
BDG002	BUDE2016	0
CDFX01	CDFXOQ16	0
CDFX02	CDFXOQ16	0
CDFX03	CDFXOQ16	0
CDFX05	CDFXOQ16	0
CDFX04	CDFXOQ16	0
VALQ	IPC15P3A	0
CHEFMGK	IPC15P3A	0
DETDET	IPC15P3A	0
DLHP	IPC15P3A	0
GROADS	IPC15P3A	0
SWPERMS	IPC15P3A	0
DMSG	IPC15P3A	0
DPLGN	IPC15P3A	0
BTEST	IPC15P3A	0
AOPN	IPC15P3A	0
NICPRM	IPC15P3A	0
DECIME	DECI2016	0
GNRATR	DECI2016	0
HEXCON	DECI2016	0
OBLIVI	DECI2016	0
DISLOG	DECI2016	0
CHEFSOCK	LTIME33	0
CHEFTIC	LTIME33	0
CHEFPOLY	LTIME33	0
CHEFDOMA	LTIME33	0
BYCD1605	BYCO2016	0
BYCD1606	BYCO2016	0
BYCD1603	BYCO2016	0
BYCD1604	BYCO2016	0
BYCD1607	BYCO2016	0
BYCD1601	BYCO2016	0
BYCD1602	BYCO2016	0
BYCD1610	BYCO2016	0
BTCO1611	BYCO2016	0
BYCO1612	BYCO2016	0
CHOCOLAT	LOCFEB16	0
ACRONYM	LOCFEB16	0
ICECREAM	LOCFEB16	0
LOCRECT	LOCFEB16	0
POLYDIFR	LOCFEB16	0
DL2015A	DEAD2016	0
DL2015B	DEAD2016	0
DL2015C	DEAD2016	0
DL2015D	DEAD2016	0
CDMN1601	COMA2016	0
CDMN1603	COMA2016	0
CDMN1602	COMA2016	0
CDMN1605	COMA2016	0
CDMN1604	COMA2016	0
TUZTRN	COOK67	0
PPCTS	COOK67	0
PUPPYPLM	COOK67	0
PPSUM	COOK67	0
TUZGMBR	COOK67	0
COPR16A	COPR2016	0
COPR16C	COPR2016	0
COPR16B	COPR2016	0
COPR16D	COPR2016	0
COPR16F	COPR2016	0
COPR16E	COPR2016	0
COPR16G	COPR2016	0
ITRIX16A	ITRX2016	0
ITRIX16B	ITRX2016	0
ITRIX16C	ITRX2016	0
ITRIX16D	ITRX2016	0
ITRIX16E	ITRX2016	0
ITRIX16F	ITRX2016	0
LVTRI	COWH2016	0
DHSPP	COWH2016	0
WT20	COWH2016	0
INDPAK	COWH2016	0
JADMST	COWH2016	0
CURR1	COCU2016	0
CURR2	COCU2016	0
CURR3	COCU2016	0
CURR4	COCU2016	0
GUNG	CDWA2016	0
SPCOL	CDWA2016	0
MAGBALL	CDWA2016	0
CHNG	CDWA2016	0
PRGAME	CDWA2016	0
NEELSTR	COCL2016	0
SCRTCD	COCL2016	0
BDAYGIFT	COCL2016	0
CRAZYMAT	COCL2016	0
LCKYNUM	COCL2016	0
STUDD	ASNE2016	0
STUD2	ASNE2016	0
GHATAK	ASNE2016	0
FZLKHN	ASNE2016	0
STUD3	ASNE2016	0
CDGLF01	CDGF2016	0
CDGLF02	CDGF2016	0
CDGLF03	CDGF2016	0
CDGLF04	CDGF2016	0
CDGLF05	CDGF2016	0
WBYQ05	WBY1601	0
WBYQ08	WBY1601	0
WBYQ09	WBY1601	0
WBYQ10	WBY1601	0
WBYQ11	WBY1601	0
WBYQ12	WBY1601	0
WBYQ03	WBY1601	0
CRES102	CRES2016	0
CRES103	CRES2016	0
CRES104	CRES2016	0
CRES105	CRES2016	0
CWAM1602	COWA1601	0
CWAM1603	COWA1601	0
CWAM1604	COWA1601	0
CWAM1605	COWA1601	0
CWAM1606	COWA1601	0
ICODE16E	ICOD2016	0
ICODE16D	ICOD2016	0
ICODE16B	ICOD2016	0
ICODE16C	ICOD2016	0
ICODE16I	ICOD2016	0
ICODE16J	ICOD2016	0
ICODE16H	ICOD2016	0
ICODE16G	ICOD2016	0
ICODE16K	ICOD2016	0
CHN01	CHN15MRP	0
CHN02	CHN15MRP	0
CHN03	CHN15MRP	0
CHN04	CHN15MRP	0
CHN05	CHN15MRP	0
CHN06	CHN15MRP	0
CHN07	CHN15MRP	0
CHN08	CHN15MRP	0
CHN09	CHN15MRP	0
CHN10	CHN15MRP	0
CHN11	CHN15MRP	0
CHN12	CHN15MRP	0
K16C	KOPC2016	0
K16G	KOPC2016	0
K16I	KOPC2016	0
K16B	KOPC2016	0
K16A	KOPC2016	0
K16D	KOPC2016	0
K16E	KOPC2016	0
K16H	KOPC2016	0
K16F	KOPC2016	0
K16J	KOPC2016	0
HBB	IC32016	0
TINT	IC32016	0
CCFY	IC32016	0
STD	IC32016	0
MODEFREQ	LTIME87B	0
ELOMAX	LTIME87B	0
ARRGAME	LTIME87B	0
ALIENIN	LTIME87B	0
CNTGRP	LTIME87B	0
ELEVATR	LTIME87B	0
CHEFPART	LTIME87B	0
SHENQ	LTIME87B	0
CHEFNWRK	COOK121A	0
KFOLD	COOK121A	0
POLYREL	COOK121A	0
RBTREES	COOK121A	0
CHEFHALF	COOK121A	0
CHEFPRTY	COOK121A	0
SAFETR	COOK121A	0
BBPS01	BBPSHACK	0
CLLCM	COLE2020	0
CLPNT	COLE2020	0
CLBRKT	COLE2020	0
CLLEXO	COLE2020	0
CLBIT	COLE2020	0
CLMARKS	COLE2020	0
CLUNQUE	COLE2020	0
WLIST	PROC2020	0
ENGRIS	PROC2020	0
FRAKK	PROC2020	0
VC711	PROC2020	0
CHFBANK	PROC2020	0
DUCK	PROC2020	0
TWD	PROC2020	0
TIMET	PROC2020	0
SPACEW	PROC2020	0
CACHEHIT	COOK119B	0
MAXMEX	COOK119B	0
PERCAPTA	COOK119B	0
CHKPTS	COOK119B	0
BANQUNT	COOK119B	0
EZRMQ	COOK119B	0
PRDRAW	COOK119B	0
GCDMASK	LTIME84A	0
CHEFZRON	LTIME84A	0
ABSNX	LTIME84A	0
LOSTWKND	LTIME84A	0
WWALK	LTIME84A	0
CONVSTR	LTIME84A	0
TREDIFF	LTIME84A	0
RPOWER	PCR12020	0
FXSEQ	PCR12020	0
HTREE	PCR12020	0
RAAVANCH	PCR12020	0
BHARAT	PCR12020	0
LAXMAN	PCR12020	0
STIMEMCH	PCR12020	0
HOSPBEDS	QTST2020	0
APCLYPSE	QTST2020	0
ENDGAME	QTST2020	0
NEGBFRAC	QTST2020	0
SUTCBIN	QTST2020	0
LIFTME	COOK117B	0
KPERM	COOK117B	0
MATBREAK	COOK117B	0
MINOPS	COOK117B	0
KARRAY	COOK117B	0
TOWCNT	COOK117B	0
TREESUB	COOK117B	0
ICL16A	ICL2016	0
ICL16B	ICL2016	0
ICL16C	ICL2016	0
ICL16D	ICL2016	0
ICL16E	ICL2016	0
BYTES11	BYTE2016	0
BYTES12	BYTE2016	0
BYTES13	BYTE2016	0
BYTES14	BYTE2016	0
BYTES15	BYTE2016	0
KSTACKS	IPC15P2C	0
NETDES	IPC15P2C	0
FUNC1	IPC15P2C	0
FUNC2	IPC15P2C	0
PALGAME	IPC15P2C	0
IPCASH	IPC15P2C	0
SUBSGCD	IPC15P2C	0
TANSWTCH	IPC15P2C	0
JIMMA	IPC15P2C	0
FISHY	IPC15P2C	0
DECA02	DECA2016	0
DECA03	DECA2016	0
DECA01	DECA2016	0
DECA04	DECA2016	0
DECA05	DECA2016	0
CODEJAM1	COJA2016	0
CODEJAM2	COJA2016	0
CODEJAM3	COJA2016	0
CODEJAM5	COJA2016	0
CODEJAM6	COJA2016	0
CODEJAM7	COJA2016	0
CLATTK	COLE2016	0
CLBMUP	COLE2016	0
CLDSTR	COLE2016	0
CLMNTR	COLE2016	0
CLDROP	COLE2016	0
CLSHDN	COLE2016	0
CLDSIN	COLE2016	0
MTMXSUM	FEB16	0
CALLSCHE	FEB16	0
WRDSUM	FEB16	0
DEVLDISC	FEB16	0
STROPR	FEB16	0
SEAPERMS	FEB16	0
CHEFDETE	FEB16	0
SEATL	FEB16	0
RECTLOVE	FEB16	0
CHEFJR	FEB16	0
PATHS	IPC15P2B	0
SEGTREE	IPC15P2B	0
STR_FUNC	IPC15P2B	0
LISBYONE	IPC15P2B	0
NOPI	IPC15P2B	0
QTREE7	IPC15P2B	0
VERMIN	IPC15P2B	0
LFIRE	IPC15P2B	0
COPSUM	IPC15P2B	0
SROUTE	IPC15P2B	0
CDVA1601	CDVA16	0
CDVA1602	CDVA16	0
CDVA1603	CDVA16	0
CDVA1604	CDVA16	0
CDVA1605	CDVA16	0
CDVA1606	CDVA16	0
CDVA1607	CDVA16	0
CDVA1608	CDVA16	0
CDVA1609	CDVA16	0
CDVA1610	CDVA16	0
SATA09	IPC15P2A	0
SATA05	IPC15P2A	0
SATA06	IPC15P2A	0
SATA07	IPC15P2A	0
SATA08	IPC15P2A	0
SATA04	IPC15P2A	0
SATA11	IPC15P2A	0
SATA10	IPC15P2A	0
SATA03	IPC15P2A	0
SATA01	IPC15P2A	0
SATA02	IPC15P2A	0
PEAKS	LTIME32	0
EXPALIN	LTIME32	0
TRIANGCL	LTIME32	0
TABLECOV	LTIME32	0
DZ16TREE	DIBZ2016	0
DBZ16SP	DIBZ2016	0
DZ16SHOP	DIBZ2016	0
DZ16HITE	DIBZ2016	0
DBZ16XOR	DIBZ2016	0
DZ16MAT	DIBZ2016	0
DZ16KNAP	DIBZ2016	0
DZ16SUBA	DIBZ2016	0
DBZ16XS1	DIBZ2016	0
DBZ16RS	DIBZ2016	0
DESTROY	COOK66	0
PALSTR	COOK66	0
CFTREE	COOK66	0
MXSM	COOK66	0
FRUITS	COOK66	0
WBUP101	WBY2016	0
WBUP102	WBY2016	0
WBUP104	WBY2016	0
WBUP103	WBY2016	0
WBUP105	WBY2016	0
CWAM1501	COWA2016	0
CWAM1502	COWA2016	0
CWAM1503	COWA2016	0
CWAM1505	COWA2016	0
CWAM1506	COWA2016	0
ANUSFR	COOK51	0
ANUARM	COOK51	0
ANUWTA	COOK51	0
ANUTDP	COOK51	0
ANUMLA	COOK51	0
CDRN03	COON2019	0
CHEFARRP	COOK65	0
CHEFQUE	COOK65	0
CHEFKLCS	COOK65	0
CHEFTREE	COOK65	0
CHEFVEC	COOK65	0
VOWELDP	KQPM2015	0
AUSASA	AUST2016	0
AUSAG	AUST2016	0
AUEC	AUST2016	0
AUDH	AUST2016	0
AUTCN	AUST2016	0
AUPM	AUST2016	0
AUNX	AUST2016	0
AUSF	AUST2016	0
AUASIF	AUST2016	0
AUHASH	AUST2016	0
PATHSG	KQPM2015	0
SUMMATH	KQPM2015	0
AMR15C	AMR15ROL	0
AMR15D	AMR15ROL	0
AMR15E	AMR15ROL	0
OPC1601	SOPC1602	0
OPC1602	SOPC1602	0
OPC1603	SOPC1602	0
OPC1604	SOPC1602	0
CB2	COBA2016	0
CB3	COBA2016	0
CB1	COBA2016	0
CB4	COBA2016	0
KETSWAP	KQPM2016	0
KETFAST	KQPM2016	0
RGAME	JAN16	0
ASTRD	JAN16	0
DMCS	JAN16	0
CHMKTRPS	JAN16	0
DEVPERF	JAN16	0
CBALLS	JAN16	0
SEAKAM	JAN16	0
CYCLRACE	JAN16	0
CHEFTMA	JAN16	0
CHINFL	JAN16	0
COSH1501	COSH2015	0
COSH1502	COSH2015	0
COSH1503	COSH2015	0
COSH1504	COSH2015	0
COSH1505	COSH2015	0
SOPC1501	SOPC2015	0
SOPC1502	SOPC2015	0
SOPC1503	SOPC2015	0
SOPC1504	SOPC2015	0
SOPC1506	SOPC2015	0
SOPC1505	SOPC2015	0
CDRN05	COON2019	0
CDRN01	COON2019	0
CHN15A	CHN15ROL	0
CHN15B	CHN15ROL	0
CHN15C	CHN15ROL	0
CHN15D	CHN15ROL	0
CDRN02	COON2019	0
CDRN04	COON2019	0
KOL15C	KOL15ROL	0
KOL15D	KOL15ROL	0
KOL15E	KOL15ROL	0
PLANEDIV	DEC15	0
CHEFST	DEC15	0
ORACLCS	DEC15	0
CHEFFILT	DEC15	0
CHCINEMA	DEC15	0
SEADIV	DEC15	0
MGCHPERM	DEC15	0
WAYPA	DEC15	0
CHEFGIRL	DEC15	0
TANKS	DEC15	0
GGAME	IPC15P1C	0
MODQ	IPC15P1C	0
PSEQ	IPC15P1C	0
WGAME	IPC15P1C	0
SSWAP	IPC15P1C	0
DCOL	IPC15P1C	0
SSWAP2	IPC15P1C	0
GRECT	IPC15P1C	0
QMAXTRIX	LTIME30	0
KCONNECT	LTIME30	0
BWCELL	LTIME30	0
TREEPROD	LTIME30	0
ZGSEQ	IPC15P1B	0
QPAIRS	IPC15P1B	0
LVP	IPC15P1B	0
KTOUR	IPC15P1B	0
TOLL	IPC15P1B	0
ZIGZAGTR	IPC15P1B	0
MUPDO	IPC15P1B	0
BOBLOCK	IPC15P1B	0
BSTRLCP	IPC15P1B	0
BTREEKK	IPC15P1B	0
SHINAPP	IPC15P1A	0
GCDMAX1	IPC15P1A	0
BWTREE	IPC15P1A	0
AGRAPH	IPC15P1A	0
PCHIPS	IPC15P1A	0
CNTPERM	IPC15P1A	0
GCDTREE	IPC15P1A	0
SSUM	IPC15P1A	0
MAXMAGIC	IPC15P1A	0
MAGICSTR	IPC15P1A	0
SEALINE	COOK64	0
SEAARASU	COOK64	0
SEAPAIR	COOK64	0
SEATR	COOK64	0
SEATR2	COOK64	0
MHALL	COMN2015	0
DJMATH	COMN2015	0
ODD86	COMN2015	0
COMPNUM	COMN2015	0
TREEPATH	NOV15	0
RECRECOV	NOV15	0
KFUNC	NOV15	0
CHSTAMP	NOV15	0
SMPLSUM	NOV15	0
TREEP	NOV15	0
EGRCAKE	NOV15	0
CHEFSHOP	NOV15	0
REBTET	NOV15	0
SCRABBLE	NOV15	0
CHAOS	EXTE2015	0
RKIRON	EXTE2015	0
PALSUB	EXTE2015	0
PMARK	EXTE2015	0
DDPROB	EXTE2015	0
CM1501	COMS1501	0
CM1503	COMS1501	0
CM1504	COMS1501	0
CM1505	COMS1501	0
CDRN06	COON2019	0
CM1401	CDMS2014	0
CM1402	CDMS2014	0
CM1403	CDMS2014	0
CM1404	CDMS2014	0
AMMEAT	TSTKGP14	0
AMSTRING	TSTKGP14	0
LEFEED	TSTKGP14	0
AMBALLS	TSTKGP14	0
AMMEAT2	TSTKGP14	0
LIZARDS	TCFS15S	0
YA01	AIPC2015	0
AN01	AIPC2015	0
PRI01	AIPC2015	0
SVNTR	LTIME29	0
EMITL	LTIME29	0
FSTSQ	LTIME29	0
STDPRGS	LTIME29	0
KOKT01	KOKT2015	0
KOKT02	KOKT2015	0
KOKT03	KOKT2015	0
KOKT04	KOKT2015	0
KOKT05	KOKT2015	0
KOKT06	KOKT2015	0
SCORES	NPLTZ15	0
FINDEX	NPLTZ15	0
ROTARR	NPLTZ15	0
MULMAGIC	NPLTZ15	0
MISNUM	NPLTZ15	0
BALSEQ	NPLTZ15	0
SLIS	COOK63	0
FSFSFS	COOK63	0
PP	COOK63	0
STEM	COOK63	0
ASP	COOK63	0
QBIT01	QBIT15	0
QBIT02	QBIT15	0
QBIT03	QBIT15	0
QBIT04	QBIT15	0
QBIT05	QBIT15	0
QBIT06	QBIT15	0
QBIT07	QBIT15	0
NYUMTEA	NUPNMR15	0
NYUMAT	NUPNMR15	0
NYUPIZZA	NUPNMR15	0
NYUSTONE	NUPNMR15	0
NYUPLOCK	NUPNMR15	0
NYUGRID	NUPNMR15	0
NYUFQFLY	NUPNMR15	0
NYUFARM	NUPNMR15	0
NYUTITAN	NUPNMR15	0
PERM	TCFS15S	0
SUMMAND	TCFS15S	0
BITWO	TCFS15S	0
FARET	TCFS15S	0
CDRN07	COON2019	0
CDON15C	CDON2015	0
CDON15D	CDON2015	0
CDON15A	CDON2015	0
CDON15B	CDON2015	0
CDON15F	CDON2015	0
CDON15E	CDON2015	0
KETYES	KTBC2015	0
DELSUM	KTBC2015	0
ACM14AM1	TSTAM15	0
ACM14AM2	TSTAM15	0
ACM14AM3	TSTAM15	0
ACM14AM4	TSTAM15	0
ACM14AM5	TSTAM15	0
CODEXTRY	CDX2015	0
CODEXLMB	CDX2015	0
CDXLRG	CDX2015	0
CDXNPL	CDX2015	0
CDXOPTM	CDX2015	0
LINSUB	CFSN2015	0
SUYBOB	CFSN2015	0
PUNBAN	CFSN2015	0
LINNUM	CFSN2015	0
AMR14A	TSTAMR15	0
AMR14B	TSTAMR15	0
AMR14C	TSTAMR15	0
AMR14D	TSTAMR15	0
AMR14E	TSTAMR15	0
AMR14F	TSTAMR15	0
AMR14G	TSTAMR15	0
AMR14H	TSTAMR15	0
AMR14I	TSTAMR15	0
AMR14J	TSTAMR15	0
SLX01	SIMPLX15	0
SLX02	SIMPLX15	0
SLX03	SIMPLX15	0
SLX04	SIMPLX15	0
SLX05	SIMPLX15	0
SUBINC	OCT15	0
KSPHERES	OCT15	0
PERSHFTS	OCT15	0
MGCHGYM	OCT15	0
ADTRI	OCT15	0
JUMP	OCT15	0
WDTBAM	OCT15	0
LOTERY	OCT15	0
EFFDELIV	OCT15	0
TIMEASR	OCT15	0
NEXUS01	NEPR2015	0
NEXUS00	NEPR2015	0
NEXUS02	NEPR2015	0
NEXUS03	NEPR2015	0
CWAR01	CWAR2015	0
CWAR02	CWAR2015	0
CWAR03	CWAR2015	0
CWAR04	CWAR2015	0
CWAR05	CWAR2015	0
CWAR06	CWAR2015	0
CSP1	CDSK2015	0
CSP3	CDSK2015	0
CSP4	CDSK2015	0
CSP5	CDSK2015	0
LINEAR	KJCC2015	0
LUCKY	KJCC2015	0
WINNER	KJCC2015	0
PIZZA	KJCC2015	0
ALPHA	KJCC2015	0
BERMUDA	KJCC2015	0
COFFEE	LTIME28	0
MANYLIST	LTIME28	0
SPALNUM	LTIME28	0
PATTMATC	LTIME28	0
SPRNMBRS	COOK62	0
SUBGRAPH	COOK62	0
REIGN2	COOK62	0
FRGTNLNG	COOK62	0
STACKS	COOK62	0
IGCDLIFT	IGCD2015	0
IGCDMILK	IGCD2015	0
IGCDMAT	IGCD2015	0
IGCDMNKY	IGCD2015	0
NU01	NUCD2015	0
NU02	NUCD2015	0
NU03	NUCD2015	0
HOLDIL	CORU2015	0
SNTYGE	CORU2015	0
LOVEA	CORU2015	0
TGOC	CORU2015	0
TLA	CORU2015	0
APTT0001	APTT2015	0
INSQ15_A	INSQ2015	0
INSQ15_B	INSQ2015	0
INSQ15_C	INSQ2015	0
INSQ15_D	INSQ2015	0
INSQ15_E	INSQ2015	0
INSQ15_F	INSQ2015	0
INSQ15_G	INSQ2015	0
INSQ15_H	INSQ2015	0
CHCOM	SPIT1503	0
CHWORK	SPIT1503	0
CHPLNTS	SPIT1503	0
CHTKN	SPIT1503	0
CHOPRT	SPIT1503	0
CHFANS	SPIT1503	0
CODECRCK	SEPT15	0
MGCH3D	SEPT15	0
DONUTS	SEPT15	0
MSTEP	SEPT15	0
REBXOR	SEPT15	0
CHTTRS	SEPT15	0
LIGHTHSE	SEPT15	0
BANROB	SEPT15	0
THEGAME	SEPT15	0
TERVEC	SEPT15	0
CW002	CODEWARS	0
CW003	CODEWARS	0
CW004	CODEWARS	0
CW005	CODEWARS	0
CW006	CODEWARS	0
CW007	CODEWARS	0
CW008	CODEWARS	0
MNMX	LTIME27	0
CLOST	LTIME27	0
MAKPALIN	LTIME27	0
INVERT	LTIME27	0
DUALPAL	COOK61	0
XORNUBER	COOK61	0
SEQLCS	COOK61	0
CARDLINE	COOK61	0
TWOSTR	COOK61	0
CREDSNET	CCWC2015	0
CREDSQR	CCWC2015	0
CREDCHES	CCWC2015	0
CREDMNY	CCWC2015	0
CREDFIBO	CCWC2015	0
CSTRIKE1	COSE2015	0
CSTRIKE2	COSE2015	0
CSTRIKE3	COSE2015	0
CSTRIKE5	COSE2015	0
CSTRIKE4	COSE2015	0
CDBSTR03	CDBU2015	0
CDBSTR04	CDBU2015	0
CDBSTR05	CDBU2015	0
CDBSTR06	CDBU2015	0
CDBSTR02	CDBU2015	0
CDBSTR07	CDBU2015	0
LINCAN	COFU2015	0
LINXOR	COFU2015	0
LINCOM	COFU2015	0
LINFRI	COFU2015	0
LINGRP	COFU2015	0
PRCNSR2	PROCON15	0
PRCNSR3	PROCON15	0
PRCNSR1	PROCON15	0
PRCNSR4	PROCON15	0
PRCNSR6	PROCON15	0
PRCNSR5	PROCON15	0
DCGAME	AUG15	0
GRGUY	AUG15	0
COOKMACH	AUG15	0
WOUT	AUG15	0
CHINSM	AUG15	0
SCLUSTER	AUG15	0
ADMAG	AUG15	0
CLOWAY	AUG15	0
STETSKLX	AUG15	0
DISTNUM	AUG15	0
DIRTBYTE	INTO2015	0
T9BYTE	INTO2015	0
MINTOXIA	INTO2015	0
WEEKDAY	INTO2015	0
FIBCODE	INTO2015	0
NBSUM	PRCNJR15	0
PLGRM	PRCNJR15	0
STKENC	PRCNJR15	0
WOLVXR	PRCNJR15	0
AOU	PRCNJR15	0
CSKR	PRCNJR15	0
SNCHT2	PRCNJR15	0
GDOG	LTIME26	0
PUPPYGM	LTIME26	0
PUPPYCT	LTIME26	0
PUPPYGCD	LTIME26	0
COPS	COOK60	0
SUMPAIR	COOK60	0
KNODES	COOK60	0
SEQTOWER	COOK60	0
COMB4SUM	COOK60	0
AMCS01	AMSC2015	0
AMCS02	AMSC2015	0
AMCS03	AMSC2015	0
AMCS04	AMSC2015	0
AMCS05	AMSC2015	0
AMCS06	AMSC2015	0
WWE	DTMA2015	0
CHEFU	DTMA2015	0
LNUM	DTMA2015	0
CHEFHAR	DTMA2015	0
RSTRING	DTMA2015	0
NGAME	DTMA2015	0
MCHEF	JULY15	0
HAMILG	JULY15	0
CHCUBE	JULY15	0
LCKYST	JULY15	0
ADDMUL	JULY15	0
EGBOBRD	JULY15	0
MAXDIFFW	JULY15	0
ARYGRD	ALKH2019	0
CERSOL	ALKH2019	0
WINHERE	ALKH2019	0
ENETIRE	ALKH2019	0
MINIMAX2	ALKH2019	0
MIRTREE	ALKH2019	0
NTHCIR	JULY15	0
EASYEX	JULY15	0
SEAGM2	JULY15	0
NOWAYS	HOCO2015	0
MQRY	HOCO2015	0
CHEFAOR	LTIME25	0
CHEFAXR	LTIME25	0
CHEFSTLT	LTIME25	0
CHEFDTRE	LTIME25	0
ANDMAT	SD15FLMR	0
SHUFFLE2	SD15FLMR	0
WMIS	SD15FLMR	0
GUARDS	SD15FLMR	0
RAMSINSP	SD15FLMR	0
FUZZYADD	SD15FLMR	0
TENNIS	SD15FLMR	0
CHEFNKCH	SD15FLMR	0
BUGATACK	SD15FLMR	0
TIMETRAV	SD15FLMR	0
NICENESS	SD15FLMR	0
NOLOGIC	TSTAMR14	0
ROWCOLOP	TSTAMR14	0
CHEFHCK2	TSTAMR14	0
MINWDSUM	TSTAMR14	0
HOB2	TSTAMR14	0
MARKS	TCFS15P	0
CAMERAS	TCFS15P	0
SPIDY2	TCFS15P	0
PUCK	TCFS15P	0
PALINREV	TCFS15P	0
CANDIS	TCFS15P	0
ANKPAREN	COOK59	0
ANKMARKS	COOK59	0
ANKGAME	COOK59	0
ANKNIM2	COOK59	0
UTMOPR	COOK59	0
ANKLEX	SD15ELOP	0
FFUNCT	SD15ELOP	0
DIVNINE	SD15ELOP	0
ANKPAL	SD15ELOP	0
MAXDIST	SD15ELOP	0
TTENIS	SD15ELOP	0
TRINT	TCFS15P	0
LIZARDS2	TCFS15P	0
FEYNMAN	TCFS15P	0
STATSHW	TCFS15P	0
SPIDY	TCFS15P	0
CAMERAS2	TCFS15P	0
RIT01	CODE2015	0
RIT02	CODE2015	0
RIT03	CODE2015	0
RIT04	CODE2015	0
DEVJERRY	SNCK151C	0
DEVSHOW	SNCK151C	0
ANKINTER	SNCK151C	0
ANCOIMP	JUNE15	0
FRNDMTNG	JUNE15	0
CBARG	JUNE15	0
CHSTR	JUNE15	0
STDYTAB	JUNE15	0
MOREFB	JUNE15	0
CHEFBOOK	JUNE15	0
CHPLGNS	JUNE15	0
CONPOIN	JUNE15	0
SEADIVM	JUNE15	0
DEVUGRAP	LTIME24	0
NWAYS	LTIME24	0
MDIST	LTIME24	0
MAXMATCH	LTIME24	0
MXZERO	SNCK151B	0
RNUM	SNCK151B	0
ISONUM	SNCK151B	0
DEVBDAY	COOK58	0
CFRTEST	COOK58	0
REARRSTR	COOK58	0
XORGRID	COOK58	0
MINPOLY	COOK58	0
CHEFVOTE	SNCK151A	0
DINING	SNCK151A	0
HISTJUNK	SNCK151A	0
PINOCH1	KOAT2015	0
PINOCH2	KOAT2015	0
MASTRIAN	KOAT2015	0
MASNUM	KOAT2015	0
KDATZERO	KOAT2015	0
ALTRTREE	KOAT2015	0
CYCENCR	KOAT2015	0
TRAXORB	KOAT2015	0
HOBB	EXCT2015	0
TORR	EXCT2015	0
RACEWARS	EXCT2015	0
LEGO	EXCT2015	0
LASTRIDE	EXCT2015	0
DEVHAND	MAY15	0
SHOPPING	MAY15	0
CHEFRP	MAY15	0
SETDIFF	MAY15	0
CHAPD	MAY15	0
CBAL	MAY15	0
GRAPHCNT	MAY15	0
CHEFCK	MAY15	0
SEZ	MAY15	0
DEVSTR	MAY15	0
CLCO01	CLCO2015	0
CLCO02	CLCO2015	0
CLCO03	CLCO2015	0
CLCO04	CLCO2015	0
CLCO05	CLCO2015	0
CLCO06	CLCO2015	0
CLCO07	CLCO2015	0
CLCO08	CLCO2015	0
HCLEAN	LTIME23	0
TICKETS5	LTIME23	0
XETF	LTIME23	0
PALPROB	LTIME23	0
SMCD5	SMCS2015	0
SMCD6	SMCS2015	0
SMCD7	SMCS2015	0
ZEROES	INLO2015	0
GRID01	INLO2015	0
SCHEME01	INLO2015	0
MOUSCH01	INLO2015	0
LAZY01	INLO2015	0
VCS	COOK57	0
EQUALITY	COOK57	0
TDRIVER	COOK57	0
AGENTS	COOK57	0
LFIVES	COOK57	0
SPIT1	SPT2015	0
SPIT2	SPT2015	0
SPIT3	SPT2015	0
SPIT04	SPT2015	0
SPIT05	SPT2015	0
PERFTIME	COST2015	0
TWOFRNDS	COST2015	0
TOFFEES	COST2015	0
SFRNDS	COST2015	0
GWBUT	COST2015	0
VIRAT	DTCT2015	0
ABSTR	DTCT2015	0
WSERIES	DTCT2015	0
SSEQ	DTCT2015	0
SUPERCUP	DTCT2015	0
ICQ1	CDQT2015	0
ICQ2	CDQT2015	0
ICQ3	CDQT2015	0
ICQ4	CDQT2015	0
BITCJ1	BTCJ2015	0
BITCJ2	BTCJ2015	0
BITCJ3	BTCJ2015	0
BITCJ4	BTCJ2015	0
BITCJ5	BTCJ2015	0
GOC201	GOCD2015	0
GOC202	GOCD2015	0
GOC203	GOCD2015	0
GOC204	GOCD2015	0
GOC205	GOCD2015	0
GOOGOL01	GOOG2015	0
GOOGOL03	GOOG2015	0
GOOGOL06	GOOG2015	0
GOOGOL05	GOOG2015	0
GOOGOL02	GOOG2015	0
GOOGOL04	GOOG2015	0
PSUDO5	PSCD2015	0
PSUDO1	PSCD2015	0
PSUDO2	PSCD2015	0
PSUDO4	PSCD2015	0
CSEQ	APRIL15	0
FRMQ	APRIL15	0
CARLOS	APRIL15	0
CHEFLCM	APRIL15	0
BROKPHON	APRIL15	0
LPARTY	APRIL15	0
DIVLAND	APRIL15	0
DEVVOTE	APRIL15	0
BWGAME	APRIL15	0
PIANO1	APRIL15	0
KAN15RTA	KAN14ROS	0
KAN15RTB	KAN14ROS	0
KAN15RTC	KAN14ROS	0
KAN15RTD	KAN14ROS	0
KAN15RTE	KAN14ROS	0
KAN15RTF	KAN14ROS	0
KAN15RTG	KAN14ROS	0
KAN15RTH	KAN14ROS	0
KAN15RTK	KAN14ROS	0
KAN15RTI	KAN14ROS	0
KAN15RTJ	KAN14ROS	0
KAN15RTL	KAN14ROS	0
SNOWPRIM	DMNT2015	0
BANKPASS	DMNT2015	0
SNOWLIST	DMNT2015	0
AUSCRIC	DMNT2015	0
BIGO01	BIGO2015	0
BIGO02	BIGO2015	0
BIGO03	BIGO2015	0
BIGO04	BIGO2015	0
BIGO05	BIGO2015	0
DBYZ15A	DBYZ15	0
DBYZ15F	DBYZ15	0
DBYZ15T	DBYZ15	0
STRMCH	DBYZ15	0
DBYZ15C	DBYZ15	0
DBYZ15B	DBYZ15	0
DBYZ15T2	DBYZ15	0
ASHIGIFT	LTIME22	0
PAINTBOX	LTIME22	0
UNPAIR	LTIME22	0
CHEFANUP	LTIME22	0
NCC3	NCC2015	0
NCC4	NCC2015	0
NCC6	NCC2015	0
NCC8	NCC2015	0
NCC9	NCC2015	0
PCSC1	PITTCS15	0
PCSC2	PITTCS15	0
PCSC3	PITTCS15	0
PCSC4	PITTCS15	0
PCSC5	PITTCS15	0
PCSC6	PITTCS15	0
PCSC7	PITTCS15	0
PCSC8	PITTCS15	0
PCSC9	PITTCS15	0
PCSC10	PITTCS15	0
KINT	COOK56	0
DIVGOLD	COOK56	0
STRAB	COOK56	0
STRBIT	COOK56	0
VISITALL	COOK56	0
ITM001	GOC2015	0
ITM002	GOC2015	0
ITM003	GOC2015	0
ITM004	GOC2015	0
COMA01	COMA2015	0
COMA02	COMA2015	0
COMA03	COMA2015	0
COMA04	COMA2015	0
CHEFBDAY	COMA2015	0
CDMN04	CDMN2015	0
CDMN01	CDMN2015	0
CDMN05	CDMN2015	0
CDMN02	CDMN2015	0
CDMN03	CDMN2015	0
CHEFBWN	CDGO2015	0
COMBR	CDGO2015	0
AMAGIC	CDGO2015	0
RTREE	CDGO2015	0
FROOT4	CDGO2015	0
INC1	PRDN2015	0
INC2	PRDN2015	0
INC3	PRDN2015	0
INC4	PRDN2015	0
INC5	PRDN2015	0
LUCBULB	ABYN2015	0
LDIGIT	ABYN2015	0
LUCXOR	ABYN2015	0
LUCKYBIT	ABYN2015	0
IOPC15A	IOPC2015	0
IOPC15B	IOPC2015	0
IOPC15C	IOPC2015	0
IOPC15D	IOPC2015	0
IOPC15F	IOPC2015	0
IOPC15G	IOPC2015	0
IOPC15H	IOPC2015	0
IOPC15I	IOPC2015	0
IOPC15J	IOPC2015	0
IOPC15K	IOPC2015	0
IOPC15L	IOPC2015	0
IOPC15M	IOPC2015	0
IOPC15O	IOPC2015	0
IOPC15P	IOPC2015	0
IOPC15Q	IOPC2015	0
IOPC15R	IOPC2015	0
IOPC15N	IOPC2015	0
IOPC15E	IOPC2015	0
KJCC01	KJCC1501	0
KJCC02	KJCC1501	0
KJCC03	KJCC1501	0
KJCC04	KJCC1501	0
KJCC05	KJCC1501	0
KJCC06	KJCC1501	0
KJCC07	KJCC1501	0
KJCC08	KJCC1501	0
PRLIN	CDPH2015	0
SPOOKY	CDPH2015	0
SNAKE	CDPH2015	0
PRIMPAL	CDPH2015	0
TRIDIM	CDPH2015	0
FASTFUR	MTHX2015	0
CHOCS	MTHX2015	0
PSG01	COTG2015	0
PSG02	COTG2015	0
PSG05	COTG2015	0
PSG03	COTG2015	0
PSG04	COTG2015	0
ESYYSE	CDER2015	0
FACT25	CDER2015	0
MATHS	CDER2015	0
DISPLAY	CDER2015	0
PALIND	CDER2015	0
HELPND	CDER2015	0
EXORO	CDER2015	0
SHORTCUT	CDER2015	0
REVER	CDER2015	0
LUCKYR	CDER2015	0
DEVCLASS	MARCH15	0
CNOTE	MARCH15	0
RNG	MARCH15	0
SIGNWAVE	MARCH15	0
MTRWY	MARCH15	0
QCHEF	MARCH15	0
SEAPROAR	MARCH15	0
TREECNT2	MARCH15	0
STRSUB	MARCH15	0
EMBED	MARCH15	0
FCTR1	CDHU2015	0
HOLES2	CDHU2015	0
PRPAL3	CDHU2015	0
ATM5	CDHU2015	0
SORT4	CDHU2015	0
CCUBE01	CCBE2015	0
CCUBE02	CCBE2015	0
CCUBE03	CCBE2015	0
CCUBE04	CCBE2015	0
CCUBE05	CCBE2015	0
CHEFLAPT	HUMP15R	0
YJUMP	HUMP15R	0
STICK	HUMP15R	0
OVERTAKE	HUMP15R	0
SWAPMATR	HUMP15R	0
CHEFGARD	HUMP15R	0
CHEFCYCL	HUMP15R	0
FBFRW1	FBFRW15	0
FBFRW2	FBFRW15	0
FBFRW3	FBFRW15	0
FBFRW4	FBFRW15	0
FBFRW5	FBFRW15	0
ACUGRAY	ACMN2015	0
ACUPALIN	ACMN2015	0
ACUSET	ACMN2015	0
ACULIST	ACMN2015	0
ACUGRAM	ACMN2015	0
ACUPARA	ACMN2015	0
DCL2015A	DCL1501	0
DCL2015B	DCL1501	0
DCL2015D	DCL1501	0
DCL2015E	DCL1501	0
DCL2015G	DCL1501	0
DCL2015F	DCL1501	0
RAGOOD	BRCD2015	0
TTEACH	BRCD2015	0
CKTFEV	BRCD2015	0
SURFRN	BRCD2015	0
PALHAPPY	BRCD2015	0
NGTBIT	BRCD2015	0
BIT1502	BBYB2015	0
BIT1501	BBYB2015	0
BIT1504	BBYB2015	0
BIT1505	BBYB2015	0
BIT1506	BBYB2015	0
TIME	CDTR1502	0
MULTIPLY	CDTR1502	0
QUERIES	CDTR1502	0
TOUR	CDTR1502	0
COCR01	COCR2015	0
COCR02	COCR2015	0
COCR03	COCR2015	0
COCR04	COCR2015	0
COCR05	COCR2015	0
COCR06	COCR2015	0
COCR07	COCR2015	0
COCR08	COCR2015	0
COCR09	COCR2015	0
COCR10	COCR2015	0
PRYS01	PRYS2015	0
PRYS03	PRYS2015	0
PRYS05	PRYS2015	0
PRYS07	PRYS2015	0
PRYS11	PRYS2015	0
PRYS08	PRYS2015	0
PRYS02	PRYS2015	0
PRYS04	PRYS2015	0
PRYS06	PRYS2015	0
PRYS09	PRYS2015	0
BTCD1501	BYCD2015	0
BTCD1502	BYCD2015	0
BTCD1503	BYCD2015	0
BTCD1504	BYCD2015	0
BTCD1505	BYCD2015	0
BTCD1506	BYCD2015	0
BTCD1507	BYCD2015	0
BTCD1508	BYCD2015	0
BTCD1509	BYCD2015	0
BTCD1510	BYCD2015	0
LPATH	CDME2015	0
DGAME	CDME2015	0
PRFUN	CDME2015	0
DRKNGHT	CDME2015	0
CDSW151	CDSH2015	0
CDSW152	CDSH2015	0
CDSW155	CDSH2015	0
CDSW154	CDSH2015	0
CDSW153	CDSH2015	0
MORALE99	INTW2020	0
MBIDOL	INTW2020	0
UCL1	INTW2020	0
NUMWAY	INTW2020	0
LMS	INTW2020	0
LOLCHOC	INTW2020	0
GBPMAX	INTW2020	0
SSHOES	INTW2020	0
XORSEQ	GHC32020	0
MOON	GHC32020	0
BCK2	GHC32020	0
CHRIST02	GHC32020	0
FTALES01	GHC32020	0
CHRIST01	GHC32020	0
GIFTSRC	COOK116B	0
CHCBOX	COOK116B	0
MAXBTY	COOK116B	0
RANDCHCL	COOK116B	0
MYSARA	COOK116B	0
TRERMB	COOK116B	0
ESCTRE	COOK116B	0
RACING	TCFS15P	0
CUBEMOD	TCFS15P	0
CW1	CDWR2014	0
CW2	CDWR2014	0
CW6	CDWR2014	0
CW4	CDWR2014	0
CW3	CDWR2014	0
COG2002	COG2020	0
COG2005	COG2020	0
COG2001	COG2020	0
COG2003	COG2020	0
COG2004	COG2020	0
COG2006	COG2020	0
COG2007	COG2020	0
REATLAST	KQKM2020	0
HRJMP	KQKM2020	0
DRSTRNGE	COSQ2020	0
PRGOTHAM	COSQ2020	0
ONEPIECE	COSQ2020	0
LARA	COSQ2020	0
VISIONMS	COSQ2020	0
DLVORMIR	COSQ2020	0
CORE2001	CORE2020	0
CORE2002	CORE2020	0
CORE2003	CORE2020	0
CORE2004	CORE2020	0
CORE2005	CORE2020	0
CORE2006	CORE2020	0
CORE2007	CORE2020	0
ALPR2000	AGPR2020	0
ALPR2002	AGPR2020	0
ALPR2005	AGPR2020	0
ALPR2003	AGPR2020	0
ALPR2004	AGPR2020	0
STRNM	CBEN2020	0
PERMWAR	CBEN2020	0
RESVATK	CBEN2020	0
TOARR	CBEN2020	0
RPTBIN	CBEN2020	0
ENGXOR	MARCH20B	0
BREAK	MARCH20B	0
LAZER	MARCH20B	0
LAZERTST	MARCH20B	0
CHEFDAG	MARCH20B	0
INVXOR	MARCH20B	0
CHPINTU	MARCH20B	0
MDSWIN2	MARCH20B	0
ADANTS	MARCH20B	0
ADASHOP2	MARCH20B	0
GOODSEGS	MARCH20B	0
EGGFREE	MARCH20B	0
CW5	CDWR2014	0
CHEFGR	OCT14	0
CHEFPNT	OCT14	0
FATCHEF	OCT14	0
CHEFSQUA	OCT14	0
QSTRING	OCT14	0
BTREE	OCT14	0
SEATSR	OCT14	0
TRIPS	OCT14	0
PRPOTION	OCT14	0
PRLADDU	OCT14	0
IITK1P01	WPC1401	0
VERYTALL	UPGD2020	0
WOWSTRNG	UPGD2020	0
QUADEQN	UPGD2020	0
UPGD2001	UPGD2020	0
UPGD2002	UPGD2020	0
UPGD2003	UPGD2020	0
UPGD2004	UPGD2020	0
UPGD2005	UPGD2020	0
UPGD2006	UPGD2020	0
UPGD2007	UPGD2020	0
UPGD2008	UPGD2020	0
UPGD2009	UPGD2020	0
UPGD2010	UPGD2020	0
SALARSQL	UPGD2020	0
KQM24A	QM242020	0
KQM24B	QM242020	0
ALR20B	ALRA2020	0
ALR20C	ALRA2020	0
ALR20D	ALRA2020	0
ALR20E	ALRA2020	0
ALR20A	ALRA2020	0
ALR20F	ALRA2020	0
PPPR	CACD2020	0
MODME	CACD2020	0
CARS	CACD2020	0
SGE	CACD2020	0
RRMM	CACD2020	0
STOCKMAX	CACD2020	0
AJP	CACD2020	0
CHFDGT	CACD2020	0
TCFL20B	TCFL2020	0
TCFL20C	TCFL2020	0
TCFL20D	TCFL2020	0
TCFL20E	TCFL2020	0
TCFL20A	TCFL2020	0
TCFL20F	TCFL2020	0
CORTREE	LTIME81B	0
PAINTERP	LTIME81B	0
POPGATES	LTIME81B	0
SWAPPALI	LTIME81B	0
NOTALLFL	LTIME81B	0
MONSTBAT	LTIME81B	0
IITK1P02	WPC1401	0
SECRETMI	LTIME81B	0
IITK1P03	WPC1401	0
IITK1P04	WPC1401	0
IITK1P05	WPC1401	0
IITK1P06	WPC1401	0
IITK1P07	WPC1401	0
IITK1P08	WPC1401	0
IITK1P09	WPC1401	0
CC003	HECS2020	0
CC001	HECS2020	0
CC002	HECS2020	0
CC005	HECS2020	0
CC004	HECS2020	0
CC000	HECS2020	0
UWCOI20A	UWCOI20	0
UWCOI20B	UWCOI20	0
UWCOI20C	UWCOI20	0
UWCOI20D	UWCOI20	0
UWCOI20E	UWCOI20	0
UWCOI20F	UWCOI20	0
UWCOI20G	UWCOI20	0
STROCK	CUBE2020	0
BDRYIIST	CUBE2020	0
ROBINFW	CUBE2020	0
SUBTWOPO	CUBE2020	0
KQM23A	KQM2020	0
KQM23B	KQM2020	0
BC20R101	LEED2020	0
BC20R102	LEED2020	0
BC20R103	LEED2020	0
BC20R104	LEED2020	0
BC20R105	LEED2020	0
ECFEB201	ENFE2020	0
ECFEB202	ENFE2020	0
ECFEB203	ENFE2020	0
ECFEB204	ENFE2020	0
ECFEB205	ENFE2020	0
ECFEB206	ENFE2020	0
ECFEB207	ENFE2020	0
NCC005	NCC2020	0
NCC002	NCC2020	0
NCC006	NCC2020	0
NCC004	NCC2020	0
NCC003	NCC2020	0
CODE_00	COM12020	0
CODE_01	COM12020	0
CODE_02	COM12020	0
CODE_03	COM12020	0
CODE_04	COM12020	0
LUCKYNO	STRT2020	0
BOXINBOX	STRT2020	0
RANPRO	STRT2020	0
TEMPLE	STRT2020	0
PROFDE	STRT2020	0
CEMENT	STRT2020	0
PRIMEBIT	STRT2020	0
CRWDCN	STRT2020	0
TMHA01	TMHA2020	0
MAKEOR	ZING2020	0
LGST	ZING2020	0
MSITNT	ZING2020	0
BEEANCES	ZING2020	0
SUBMAXA	COOK115B	0
CHFDIV	COOK115B	0
CYCLCSUM	COOK115B	0
XORGM	COOK115B	0
PEPPERA	COOK115B	0
PSHOT	COOK115B	0
SLAB	COOK115B	0
IITK1P10	WPC1401	0
IITK1P11	WPC1401	0
CHEFA	LTIME16	0
CHEFB	LTIME16	0
CHEFC	LTIME16	0
CHEFD	LTIME16	0
INSM01	INSM2014	0
QM22A	KQ222020	0
QM22B	KQ222020	0
ICM2001	ICM2020	0
ICM2002	ICM2020	0
ICM2005	ICM2020	0
ICM2004	ICM2020	0
ICM2007	ICM2020	0
ICM2003	ICM2020	0
ICM2006	ICM2020	0
ICM2008	ICM2020	0
DCC201	DCC2020	0
DCC202	DCC2020	0
DCC203	DCC2020	0
DCC204	DCC2020	0
DCC205	DCC2020	0
DCC206	DCC2020	0
NXS1	REER2020	0
NXS2	REER2020	0
NXS3	REER2020	0
NXS4	REER2020	0
KAMLIKE	CORS2020	0
PENEVAL	CORS2020	0
JOJO	CORS2020	0
SOCCIR	CORS2020	0
OWNPC	CORS2020	0
CDCUR01	COTS2020	0
CDCUR02	COTS2020	0
CDCUR03	COTS2020	0
CDCUR05	COTS2020	0
DECOXOR	DECO2020	0
DECOREST	DECO2020	0
DECOGCD	DECO2020	0
DECOSUM	DECO2020	0
DECOSNKE	DECO2020	0
DECOPAIR	DECO2020	0
QM21A	QM212020	0
QM21B	QM212020	0
MGLISD	ONCO2020	0
COC	ONCO2020	0
LDRBRD	ONCO2020	0
PSWRD	ONCO2020	0
TRNSN	ONCO2020	0
BOMB	ONCO2020	0
DDCP	DOEX2015	0
CHBILL	DOEX2015	0
LETRI	DOEX2015	0
VIVAL	DOEX2015	0
HELPME	DOEX2015	0
ACMICL1	ICL2015	0
ACMICL2	ICL2015	0
ACMICL3	ICL2015	0
ACMICL4	ICL2015	0
ACMICL5	ICL2015	0
FCUBE	LTIME21	0
WPROB	LTIME21	0
HLDOTS	LTIME21	0
LUCKFOUR	LTIME21	0
CDMU02	CDMU2015	0
CDMU04	CDMU2015	0
CDMU03	CDMU2015	0
CDMU05	CDMU2015	0
CDMU06	CDMU2015	0
CDMU01	CDMU2015	0
JNTUV1	CDTR2015	0
JNTUV2	CDTR2015	0
JNTUV3	CDTR2015	0
JNTUV4	CDTR2015	0
IGNUS15A	IGNU2015	0
IGNUS15B	IGNU2015	0
IGNUS15C	IGNU2015	0
IGNUS15D	IGNU2015	0
IGNUS15E	IGNU2015	0
SUBARRAY	COOK55	0
FOMBRO	COOK55	0
SPSHORT	COOK55	0
TRISQ	COOK55	0
WORLDCUP	COOK55	0
BI03	BION2015	0
BI02	BION2015	0
BI01	BION2015	0
CRANHYPL	CRNM2015	0
CRANPAIR	CRNM2015	0
CRANREVG	CRNM2015	0
CRANQRYS	CRNM2015	0
CRNMBDRP	CRNM2015	0
CWAMR101	CDWR1501	0
CWAMR102	CDWR1501	0
CWAMR103	CDWR1501	0
CWAMR104	CDWR1501	0
CWAMR105	CDWR1501	0
CZPR01	CSZLPR15	0
CZPR02	CSZLPR15	0
CZPR03	CSZLPR15	0
CZPR04	CSZLPR15	0
IDCLOVE	MDSW2015	0
IDCMSG	MDSW2015	0
CDTHN	MDSW2015	0
JOV	MDSW2015	0
ALNUM	MDSW2015	0
CHEFCH	FEB15	0
STFM	FEB15	0
STRQ	FEB15	0
RANKLIST	FEB15	0
CUSTPRIM	FEB15	0
CHEFGRPH	FEB15	0
CHEFEQ	FEB15	0
XRMTRX	FEB15	0
DEVLOCK	FEB15	0
CHPUZZLE	FEB15	0
CSIXIERL	CODC2015	0
CSIXIEAN	CODC2015	0
CSIXIEVR	CODC2015	0
CSIXIEPA	CODC2015	0
CDVA1501	CDVA2015	0
CDVA1502	CDVA2015	0
CDVA1503	CDVA2015	0
CDVA1504	CDVA2015	0
CDVA1505	CDVA2015	0
CDVA1507	CDVA2015	0
CDVA1508	CDVA2015	0
CDVS1506	CDVA2015	0
CDVA1509	CDVA2015	0
CDVA1510	CDVA2015	0
CPAL	CDCRF15R	0
TSORTA	CDCRF15R	0
COPERM	CDCRF15R	0
CSUBARR	CDCRF15R	0
CWAYS	CDCRF15R	0
DSET	CDCRF15R	0
LOLOL	CDCRF15R	0
PNUM	CDCRF15R	0
QUTREE	CDCRF15R	0
SMAUG	CDCRF15R	0
THIEF	CDCRF15R	0
CDBSTR1	CDBR2015	0
CDBSTR2	CDBR2015	0
CDBSTR3	CDBR2015	0
CDBSTR4	CDBR2015	0
CDBSTR5	CDBR2015	0
CDBSTR6	CDBR2015	0
CDBSTR7	CDBR2015	0
XC201	XCPT2015	0
XC103	XCPT2015	0
XC204	XCPT2015	0
XC202	XCPT2015	0
XC203	XCPT2015	0
CDCR15_3	CDCR2015	0
CDCR15_4	CDCR2015	0
CDCR15_5	CDCR2015	0
CDCR15_1	CDCR2015	0
CDCR15_2	CDCR2015	0
SWAPS	CDSU2015	0
MHTPAIR	CDSU2015	0
PRDIV	CDSU2015	0
MHTCLASS	CDSU2015	0
MHTBAG	CDSU2015	0
VOGOZO	INPR1503	0
TWINRO	INPR1503	0
REACAR	INPR1502	0
GLBEGA	INPR1502	0
CD1IT1	DCOD2015	0
CD1IT2	DCOD2015	0
CD1IT4	DCOD2015	0
CD1IT5	DCOD2015	0
CD1IT3	DCOD2015	0
CULPRO	INPR1501	0
DOMSOL	INPR1501	0
ALMA01	ALMA2015	0
ALMA02	ALMA2015	0
ALMA03	ALMA2015	0
ALMA04	ALMA2015	0
ALMA05	ALMA2015	0
IWIN	PSYC2015	0
PRAC	PSYC2015	0
REPUB	PSYC2015	0
SWEET	PSYC2015	0
CHOC	PSYC2015	0
RECCKT	RCSN2015	0
RECMSG	RCSN2015	0
RECPLA	RCSN2015	0
RECREP	RCSN2015	0
RECBOX	RCSN2015	0
LCH15JAB	LTIME20	0
LCH15CD	LTIME20	0
LCH15JEF	LTIME20	0
LCH15JGH	LTIME20	0
K15A	KRKS2015	0
K15B	KRKS2015	0
K15C	KRKS2015	0
K15D	KRKS2015	0
K15E	KRKS2015	0
K15F	KRKS2015	0
K15G	KRKS2015	0
K15H	KRKS2015	0
K15I	KRKS2015	0
K15J	KRKS2015	0
K15K	KRKS2015	0
FCTDIG	GRCO2015	0
NUMMAX3	GRCO2015	0
MAJNUM	GRCO2015	0
SUBMAT	GRCO2015	0
EQUINUM	GRCO2015	0
NXTBIG	GRCO2015	0
SUBSORT	GRCO2015	0
IITK2P01	WPC1501	0
IITK2P02	WPC1501	0
IITK2P03	WPC1501	0
IITK2P04	WPC1501	0
IITK2P05	WPC1501	0
IITK2P06	WPC1501	0
IITK2P07	WPC1501	0
IITK2P08	WPC1501	0
IITK2P09	WPC1501	0
IITK2P10	WPC1501	0
ANURRZ	COOK54	0
ANUBTG	COOK54	0
ANUTHM	COOK54	0
ANUAAA	COOK54	0
ANUAHR	COOK54	0
PRVG151	PRVG2015	0
PRVG152	PRVG2015	0
PRVG153	PRVG2015	0
PRVG154	PRVG2015	0
PRVG155	PRVG2015	0
CDXM2	EQBR2014	0
CDXM4	EQBR2014	0
CDXM3	EQBR2014	0
CDXM1	EQBR2014	0
CN01	CONI2015	0
CN02	CONI2015	0
CN03	CONI2015	0
CN04	CONI2015	0
CN05	CONI2015	0
INSM02	INSM2014	0
INSM03	INSM2014	0
INSM04	INSM2014	0
INSM05	INSM2014	0
INSM06	INSM2014	0
CCCS2	CDST2014	0
CCCS3	CDST2014	0
CCCS4	CDST2014	0
CCCS1	CDST2014	0
SUBGCD	COOK50	0
FIBGCD	DINP1501	0
CHEFROAD	DINP1501	0
CHEFMOON	DINP1501	0
CHEFARR	DINP1501	0
CHEFHILL	DINP1501	0
CHEFPOW	DINP1501	0
ARHN01	ARHN1502	0
ARHN04	ARHN1502	0
ARHN06	ARHN1502	0
ARHN07	ARHN1502	0
ARHN08	ARHN1502	0
ARHN09	ARHN1502	0
ARHN10	ARHN1502	0
SEAVOTE	JAN15	0
SEALCM	JAN15	0
SEAND2	JAN15	0
RANKA	JAN15	0
QSET	JAN15	0
ONEKING	JAN15	0
CHEFSTON	JAN15	0
CLPERM	JAN15	0
XRQRS	JAN15	0
GCDQ	JAN15	0
TADELIVE	LTIME19	0
TASUMOBC	LTIME19	0
TAQTREE	LTIME19	0
TASTRMAT	LTIME19	0
KGP14A	KGP14ROS	0
KGP14B	KGP14ROS	0
KGP14C	KGP14ROS	0
KGP14D	KGP14ROS	0
KGP14E	KGP14ROS	0
KGP14F	KGP14ROS	0
KGP14G	KGP14ROS	0
KGP14H	KGP14ROS	0
KGP14I	KGP14ROS	0
KGP14J	KGP14ROS	0
RRSERVER	COOK53	0
RRMTRX2	COOK53	0
RRJAM	COOK53	0
RRJOKE	COOK53	0
RRPLAYER	COOK53	0
QUCOITA	QUCO2014	0
QUCOBIC	QUCO2014	0
QUCOATO	QUCO2014	0
QUCOCYL	QUCO2014	0
QUCOLCM	QUCO2014	0
XC102	XCEP2014	0
XC104	XCEP2014	0
XC105	XCEP2014	0
XC106	XCEP2014	0
XC107	XCEP2014	0
CAPPLE	DEC14	0
XORSUB	DEC14	0
SANSKAR	DEC14	0
CHEFBR	DEC14	0
SEAGCD	DEC14	0
DIVIDEN	DEC14	0
RIN	DEC14	0
KALKI	DEC14	0
CHEFPRES	DEC14	0
GOODGAL	DEC14	0
PUZZLES	ICPC14PR	0
PREPARE	ICPC14PR	0
COMMUTE	ICPC14PR	0
PAIRING	ICPC14PR	0
SEEDS	ICPC14PR	0
EXPCOMM	ICPC14PR	0
MONTRANS	ICPC14PR	0
PALIPALI	ICPC14PR	0
SNAKY	ICPC14PR	0
GROUPING	ICPC14PR	0
NDLVOTE	ICPC14PR	0
DRAGNXOR	ICPC14PR	0
ROTSTRNG	ICPC14PR	0
KCHIPS	ICPC14PR	0
TKCHOCS	ICPC14PR	0
LASTDIG	ICPC14PR	0
DIGROT	ICPC14PR	0
TARPRACT	ICPC14PR	0
YASEQ	ICPC14PR	0
HOTEL	ICPC14PR	0
COLLIDE	ICPC14PR	0
KSUBSUM	ICPC14PR	0
FALLDOWN	ICPC14PR	0
FLOORSMV	ICPC14PR	0
TAKEAWAY	ICPC14PR	0
CIELNUM1	ICPC14PR	0
CIELNUM2	ICPC14PR	0
CIELGAME	ICPC14PR	0
CIELWEB	ICPC14PR	0
CIELLAND	ICPC14PR	0
PTOSS	ICPC14PR	0
PPERM	ICPC14PR	0
RRECIPE	ICPC14PR	0
CARVANS	ICPC14PR	0
COALSCAM	ICPC14PR	0
ATKCTR	ICPC14PR	0
CBLOCKS	ICPC14PR	0
DQPERMS	ICPC14PR	0
BALL	ICPC14PR	0
FSSYNC	ICPC14PR	0
LIGHTS	ICPC14PR	0
MSTRINGS	ICPC14PR	0
MINMAX	ICPC14PR	0
PSTRINGS	ICPC14PR	0
RNEST	ICPC14PR	0
FINDHOLE	ICPC14PR	0
SNAPE	ICPC14PR	0
TAVISUAL	ICPC14PR	0
TAPALIN	ICPC14PR	0
TABUS	ICPC14PR	0
TASTR	ICPC14PR	0
TABISHOP	ICPC14PR	0
LOGO	ICPC14PR	0
BICO	ICPC14PR	0
TCP	ICPC14PR	0
DFSGRID	ICPC14PR	0
GRIDCOL	ICPC14PR	0
RIGHTRI	ICPC14PR	0
DIVQUERY	ICPC14PR	0
STRDIG	ICPC14PR	0
GERALD3	ICPC14PR	0
GERALD03	ICPC14PR	0
KAN13A	ICPC14PR	0
KAN13B	ICPC14PR	0
KAN13C	ICPC14PR	0
KAN13D	ICPC14PR	0
KAN13E	ICPC14PR	0
KAN13F	ICPC14PR	0
KAN13G	ICPC14PR	0
KAN13H	ICPC14PR	0
KAN13I	ICPC14PR	0
GERALD04	ICPC14PR	0
GERALD05	ICPC14PR	0
GERALD06	ICPC14PR	0
DIVGAME	ICPC14PR	0
MINXOR	ICPC14PR	0
PALIN3	ICPC14PR	0
DIREL	ICPC14PR	0
DIVIDING	ICPC14PR	0
ANUSAR	ICPC14PR	0
ANUBGC	ICPC14PR	0
ANUDTC	ICPC14PR	0
ANUUND	ICPC14PR	0
ANUBTT	ICPC14PR	0
WTHINGS	ICPC14PR	0
FLAGS	ICPC14PR	0
KNPSK	ICPC14PR	0
PNTNG	ICPC14PR	0
IDOLS	ICPC14PR	0
AMRIT13A	ICPC14PR	0
AMRIT13B	ICPC14PR	0
AMRIT13C	ICPC14PR	0
AMRIT13D	ICPC14PR	0
AMRIT13E	ICPC14PR	0
AMRIT13F	ICPC14PR	0
ACM14KP1	KG14ROL2	0
ACM14KP2	KG14ROL2	0
ACM14KP3	KG14ROL2	0
ACM14KP4	KG14ROL2	0
ACM14KP5	KG14ROL2	0
WSCAGAIN	LTIME18	0
DIVIDE	LTIME18	0
GRIDCONN	LTIME18	0
ACM14KG1	KGP14ROL	0
ACM14KG2	KGP14ROL	0
ACM14KG3	KGP14ROL	0
ACM14KG4	KGP14ROL	0
ACM14KG5	KGP14ROL	0
CDTR01	CDTR2014	0
CDTR02	CDTR2014	0
CDTR04	CDTR2014	0
CDTR05	CDTR2014	0
CDTR06	CDTR2014	0
ACM14KN1	KAN14ROL	0
ACM14KN2	KAN14ROL	0
ACM14KN3	KAN14ROL	0
ACM14KN4	KAN14ROL	0
BRACKETS	COOK52	0
PETERSEN	COOK52	0
LSTGRPH	COOK52	0
MOSTDIST	COOK52	0
COVERING	COOK52	0
TOMJER	MTRX2014	0
JERRYRUN	MTRX2014	0
STIKGAME	MTRX2014	0
JERYFIBO	MTRX2014	0
APPUZZLE	MTRX2014	0
FLITKT	MTRX2014	0
DATE	MTRX2014	0
CHFBOOKS	CDSM2014	0
CHFFIELD	CDSM2014	0
CHEFTR	CDSM2014	0
PPOW	CDSM2014	0
CHFMAX	CDSM2014	0
PND	CDAV2014	0
THUNT	CDAV2014	0
POWER	CDAV2014	0
TRAP	CDAV2014	0
JIGGLY	CDAV2014	0
CCH	CDAV2014	0
LCK	CDAV2014	0
CHEFSEG	NOV14	0
CHEFWORD	NOV14	0
DISCHAR	NOV14	0
POWERMUL	NOV14	0
RBTREE	NOV14	0
SEAPERM2	NOV14	0
SEAORD	NOV14	0
PRPALN	NOV14	0
FNCS	NOV14	0
SPELL	NOV14	0
DCQ1401	COQU2014	0
DCQ1402	COQU2014	0
DCQ1403	COQU2014	0
DCQ1404	COQU2014	0
DCQ1405	COQU2014	0
RADRAM	CDZP2014	0
AMM45	CDZP2014	0
BKW	CDZP2014	0
PRST	CDZP2014	0
CAN1	CDZP2014	0
SUBLCM	COOK50	0
GRID	COOK50	0
WW2	COOK50	0
UPDTREE	COOK50	0
ATTIC	TSTKAN14	0
ALETHIO	TSTKAN14	0
TYTACTIC	TSTKAN14	0
TRANSFIG	TSTKAN14	0
INVITES	TSTKAN14	0
ROTATION	SEPT14	0
UASEQ	SEPT14	0
QRECT	SEPT14	0
FIBTREE	SEPT14	0
SEABUB	SEPT14	0
RAINBOWB	SEPT14	0
CHEFLR	SEPT14	0
FLOORI4	SEPT14	0
CHEFINV	SEPT14	0
FACTORIZ	SEPT14	0
CREDEXAM	CLASH14	0
CREDROPE	CLASH14	0
CREDLEAD	CLASH14	0
CREDMAEX	CLASH14	0
CREDCHOC	CLASH14	0
CREDDIST	CLASH14	0
CREDPLWD	CLASH14	0
CREDCLRS	CLASH14	0
CREDNCSM	CLASH14	0
CREDVOLC	CLASH14	0
HHAL	LTIME15	0
WALL	LTIME15	0
IRONISL	LTIME15	0
DRAGONST	LTIME15	0
TREEGAME	COOK49	0
PERMSUFF	COOK49	0
TREERGB	COOK49	0
SHOOTING	COOK49	0
CNTDIGIT	COOK49	0
PLTGRP	PRCNSR14	0
GAME2048	PRCNSR14	0
HLPSUG	PRCNSR14	0
HPYBDAY	PRCNSR14	0
HTLPLM	PRCNSR14	0
SEASHUF	AUG14	0
REVERSE	AUG14	0
PUSHFLOW	AUG14	0
CLETAB	AUG14	0
MOU2H	AUG14	0
TSHIRTS	AUG14	0
SIGFIB	AUG14	0
EQUAKE	AUG14	0
PRGIFT	AUG14	0
TAAND	LTIME14	0
TASHIFT	LTIME14	0
TALCA	LTIME14	0
TAEDITOR	LTIME14	0
RRCOPY	COOK48	0
RRDAG	COOK48	0
RRTREE2	COOK48	0
RRSUM	COOK48	0
RRFRNDS	COOK48	0
CSUB	JULY14	0
DISHOWN	JULY14	0
GNUM	JULY14	0
LUCKG	JULY14	0
SGARDEN	JULY14	0
RETPO	JULY14	0
FROGV	JULY14	0
GERALD09	JULY14	0
LEPAINT	JULY14	0
SEAEQ	JULY14	0
WATER	UCOD2020	0
BOARDS	UCOD2020	0
DSEXAM	UCOD2020	0
SERVING	UCOD2020	0
ODDARRAY	UCOD2020	0
SNUG_FIT	FEB20B	0
NOCHANGE	FEB20B	0
BALNET	FEB20B	0
CHEFRAIL	FEB20B	0
EXPCH	FEB20B	0
CHGORAM2	FEB20B	0
THEATRE	FEB20B	0
RAISINS	FEB20B	0
CASH	FEB20B	0
LONGCOOK	FEB20B	0
POLCHAIN	FEB20B	0
PROMLIV	ALKH2019	0
DANOW	ALKH2019	0
THCOM	ALKH2019	0
SATY0000	ALKH2019	0
CTST	CDUT2019	0
OMNA	CDUT2019	0
DIVGM	CDUT2019	0
WWCD	CDUT2019	0
MILC	CDUT2019	0
DELV	CDUT2019	0
XORMIN	APRIL19A	0
BEGEVY	FOLG2020	0
BRUET	FOLG2020	0
CLSRE	FOLG2020	0
ELNIR	FOLG2020	0
FEARNG	FOLG2020	0
TINBIT	FOLG2020	0
GMPLAY	FOLG2020	0
PRLM1	BLIT2020	0
PRLM2	BLIT2020	0
WW3	BLIT2020	0
ESY2	BLIT2020	0
DICT	BLIT2020	0
CRRPOS	BLIT2020	0
ONELAND	HK362020	0
FPAIRS	HK362020	0
MULSTR	HK362020	0
PLEAS	HK362020	0
CANYOU	HK362020	0
HLPMIL	HK362020	0
NOTSO	HK362020	0
TREETR	HK362020	0
QM20A	QM202020	0
QM20B	QM202020	0
CHOCOPI	COFW2020	0
MANTREE	COFW2020	0
DIMON	COFW2020	0
MXVAL	COFW2020	0
KOJS	COFW2020	0
GIVENGET	COFW2020	0
LEXANALZ	COFW2020	0
FFC320D	FFC32020	0
FFC320A	FFC32020	0
FFC320E	FFC32020	0
FFC320B	FFC32020	0
FFC320C	FFC32020	0
FFC320G	FFC32020	0
HCODE01	HOCO2020	0
HCODE02	HOCO2020	0
HCODE03	HOCO2020	0
HCODE04	HOCO2020	0
HCODE05	HOCO2020	0
HCODE06	HOCO2020	0
CJQK01	CJQK2020	0
CJQK02	CJQK2020	0
CJQK03	CJQK2020	0
CJQK04	CJQK2020	0
CJQK05	CJQK2020	0
ABSEQ	COMA2020	0
PRDSUM	COMA2020	0
SERIES	COMA2020	0
WORK	COMA2020	0
BPAIRS	COMA2020	0
QUERYT	COMA2020	0
CUPID	COMA2020	0
KQM19A	QM192020	0
KQM19B	QM192020	0
ECJAN20G	ENJA2020	0
ECJAN20A	ENJA2020	0
ECJAN20B	ENJA2020	0
ECJAN20C	ENJA2020	0
ECJAN20D	ENJA2020	0
ECJAN20E	ENJA2020	0
ECJAN20F	ENJA2020	0
ECJAN20H	ENJA2020	0
ECJAN20I	ENJA2020	0
CBCP20P1	CBCP2020	0
CPCP20P2	CBCP2020	0
CBCP20P3	CBCP2020	0
CCDSAP	LTIME80B	0
STFOOD	LTIME80B	0
CARR	LTIME80B	0
MINMAXIN	LTIME80B	0
BFRIEND	LTIME80B	0
POPTUNNL	LTIME80B	0
PAPER	LTIME80B	0
KLPM	APRIL19A	0
CHEFOFR	APRIL19A	0
SUBREM	APRIL19A	0
SJ1	APRIL19A	0
STRCH	APRIL19A	0
FENCE	APRIL19A	0
MAXREM	APRIL19A	0
JGEC	AABH2020	0
CRICBZ	AABH2020	0
ODTPIC	AABH2020	0
XYBACT	AABH2020	0
STRTLN	AABH2020	0
TWKNGS	AABH2020	0
XORSGT	AABH2020	0
SDCOR1	SDCO2020	0
SDCOR2	SDCO2020	0
SDCOR3	SDCO2020	0
SDCOR4	SDCO2020	0
SDCOR5	SDCO2020	0
SDCOR6	SDCO2020	0
SDCOR7	SDCO2020	0
SCGOR1	SCGO2020	0
SCGOR2	SCGO2020	0
SCGOR3	SCGO2020	0
SCGOR4	SCGO2020	0
SCGOR5	SCGO2020	0
PRT	COOK114B	0
PLIND	COOK114B	0
EXAMCHT	COOK114B	0
CHFCHK	COOK114B	0
CNTIT	COOK114B	0
RGAND	COOK114B	0
CFINASUM	COOK114B	0
EDGY	APRIL19A	0
RECTARAN	APRIL19A	0
SONIQUE	APRIL19A	0
PARTCNT	ICOP1806	0
ANURAJ	ICOP1806	0
MINMAX2	ICOP1806	0
MINMAX3	ICOP1806	0
TM19A	KQM12020	0
TM19B	KQM12020	0
SRCOR1	SRCO2020	0
SRCOR2	SRCO2020	0
SRCOR3	SRCO2020	0
SRCOR4	SRCO2020	0
SRCOR5	SRCO2020	0
COWA19A	COWR2020	0
COWA19B	COWR2020	0
COWA19C	COWR2020	0
COWA19E	COWR2020	0
COWA19F	COWR2020	0
LZYG	COSS2020	0
MATP	COSS2020	0
SNAR	COSS2020	0
ACMP	COSS2020	0
AYPA	COSS2020	0
SAMN	COSS2020	0
MINIKILL	PLIT2020	0
GRUMARS	PLIT2020	0
GRUBAN	PLIT2020	0
BANSTR	PLIT2020	0
CUPACO	PLIT2020	0
MINIAND	PLIT2020	0
GRUSORT	PLIT2020	0
VILLINE	PLIT2020	0
SOPC001	SAPC2019	0
SOPC006	SAPC2019	0
SOPC008	SAPC2019	0
SOPC010	SAPC2019	0
SOPC012	SAPC2019	0
SOPC019	SAPC2019	0
SOPC016	SAPC2019	0
SOPC013	SAPC2019	0
CDUTSV01	HEST2020	0
CDUTSV02	HEST2020	0
CDUTSV03	HEST2020	0
CDUTSV04	HEST2020	0
CDUTSV05	HEST2020	0
GCDFUN	PLIN2020	0
SPACEWLK	PLIN2020	0
SRCHENGN	PLIN2020	0
UKP1	PLIN2020	0
SPCEXM	PLIN2020	0
SPCWAR	PLIN2020	0
BALASEQ	PLIN2020	0
DSTROY	PLIN2020	0
CNTSET	PLIN2020	0
TRIPPY	PLIN2020	0
OTSERC	PLIN2020	0
PJCYP	PLIN2020	0
ARRQRY	KA19MOS	0
BEAUAR	KA19MOS	0
GVAWAY	KA19MOS	0
LNDNCK	KA19MOS	0
WGTNKLC	KA19MOS	0
PRMPRT	KA19MOS	0
FCIPL	KA19MOS	0
MINDIST	KA19MOS	0
WALK4	KA19MOS	0
KPRB	KA19MOS	0
MAGC	NITC2020	0
MTLS	NITC2020	0
FIXT	NITC2020	0
MITLOV	NITC2020	0
TATU	NITC2020	0
CHUNO	NITC2020	0
MADOMA	NITC2020	0
ISBIAS	JAN20B	0
CHFDORA	JAN20B	0
DYNAMO	JAN20B	0
CHEFPSA	JAN20B	0
DFMTRX	JAN20B	0
OWCAFILE	JAN20B	0
ARMYOFME	JAN20B	0
BRKBKS	JAN20B	0
ANTHILL	JAN20B	0
CHEFARMY	JAN20B	0
ENGLISH	JAN20B	0
BOWLERS	COOK122B	0
BULBS	COOK122B	0
MININS	COOK122B	0
MVAL	COOK122B	0
JTSARTR	COOK122B	0
BRBAL	COOK122B	0
GPHLBL	COOK122B	0
ABX01	LTIME55	0
NW1	LTIME55	0
ABX02	LTIME55	0
ABX03	LTIME55	0
BLKWID	BITF2017	0
AVGRTRP	BITF2017	0
CFS2001	CFUS2020	0
CFS2002	CFUS2020	0
CFS2003	CFUS2020	0
CFS2004	CFUS2020	0
CFS2005	CFUS2020	0
CFS2006	CFUS2020	0
CFS2007	CFUS2020	0
SC_01	SCAT2020	0
SC_02	SCAT2020	0
SC_03	SCAT2020	0
DIG11	FOYO2019	0
SC_04	SCAT2020	0
SC_05	SCAT2020	0
EVOTECH4	EVOT2020	0
SSEC0004	SSCC2020	0
SSEC0005	SSCC2020	0
SSEC0006	SSCC2020	0
SSEC0010	SSCC2020	0
SSEC0020	SSCC2020	0
SSEC0015	SSCC2020	0
IRVS	CSEP2020	0
JOJOA	CSEP2020	0
TOBY	CSEP2020	0
NIRURAM2	CSEP2020	0
GORIV	CSEP2020	0
GKSMNLC	COFY2020	0
GKSMNHM	COFY2020	0
GKSMNIP	COFY2020	0
GKSMNRTD	COFY2020	0
GKSMNRSK	COFY2020	0
GKSMNIVC	COFY2020	0
PASSHACK	ABCC2020	0
GFPOOL	ABCC2020	0
MATHCHEF	ABCC2020	0
POINT	ABCC2020	0
STRING	ABCC2020	0
NCR19	FOYO2019	0
IMI55	FOYO2019	0
EIG8	FOYO2019	0
KGO15	FOYO2019	0
PRF8	FOYO2019	0
MAR14	FOYO2019	0
BTC55	FOYO2019	0
TWOGREAT	FOYO2019	0
PUZZ15	FOYO2019	0
LULD	FOYO2019	0
POGOSTCK	LTIME70B	0
TSTROBOT	LTIME70B	0
ECAUG201	ENAU2020	0
ECAUG202	ENAU2020	0
ECAUG203	ENAU2020	0
ECAUG204	ENAU2020	0
ECAUG205	ENAU2020	0
ECAUG206	ENAU2020	0
ECAUG207	ENAU2020	0
ECAUG208	ENAU2020	0
ECAUG209	ENAU2020	0
CMX1P01	COMX2020	0
CMX1P03	COMX2020	0
CMX1P05	COMX2020	0
CMX1P02	COMX2020	0
CMX1P04	COMX2020	0
TREF	LTIME70B	0
SEVENSEG	LTIME70B	0
TRVLCHEF	LTIME70B	0
PERMPART	LTIME70B	0
GCDS	LTIME70B	0
ANAVIL	BITF2017	0
WONWOM	BITF2017	0
SUPGLRES	BITF2017	0
SERIESTO	CEFT2020	0
INTER	CEFT2020	0
MAKEHAPP	CEFT2020	0
QFUN	CEFT2020	0
BUNKGUY	CEFT2020	0
GRIG	COVO2020	0
COV2TREE	COVO2020	0
SARRAY	COVO2020	0
SIMPUL	COVO2020	0
BINARR	COVO2020	0
CHEF1001	BING2020	0
CHEF1002	BING2020	0
CHEF1003	BING2020	0
CHEF1004	BING2020	0
CHEF1005	BING2020	0
CHEFJUMP	PAHC2020	0
HALFBDAY	PAHC2020	0
BINCOIN	PAHC2020	0
ARMYHELP	PAHC2020	0
ROTPTS	COOK89	0
ISOARRAY	COOK89	0
MINSUBAR	COOK89	0
HTST8	ENMA2019	0
NUTMONEY	ENMA2019	0
NUTLOOP	ENMA2019	0
CENS20D	CENS2020	0
CENS20G	CENS2020	0
CENS20A	CENS2020	0
CENS20E	CENS2020	0
CENS20F	CENS2020	0
CENS20C	CENS2020	0
CENS20B	CENS2020	0
MINMXSTR	DEM2020	0
BEACIRC	DEM2020	0
HELPHAND	DEM2020	0
TOWIN	DEM2020	0
SPPSTR	DEM2020	0
MLINE	CHIL2020	0
BININSC	CHIL2020	0
TOPCHEF	CHIL2020	0
INVUSTP	CHIL2020	0
CHLOVE	CHIL2020	0
WANNABET	CHIL2020	0
WSQUER	CHIL2020	0
BREAKUP	CHIL2020	0
LINCHESS	AUG20B	0
CHEFWARS	AUG20B	0
CRDGAME3	AUG20B	0
CHEFWED	AUG20B	0
SKMP	AUG20B	0
ACCBIP	AUG20B	0
SUBSFREQ	AUG20B	0
RGY	AUG20B	0
PSTONES	AUG20B	0
ANTS	AUG20B	0
CHEFCOMP	AUG20B	0
AVH03	ENMA2019	0
AVH04	ENMA2019	0
AVH05	ENMA2019	0
CHGM	ENMA2019	0
CHFOP	ENMA2019	0
CHFQ	ENMA2019	0
SCET03	TECA2019	0
SCET01	TECA2019	0
SCET02	TECA2019	0
ADCHEF	TECA2019	0
ICL1903	ICL2019	0
IEMCO01	IEM82020	0
IEMCO02	IEM82020	0
IEMCO03	IEM82020	0
BHPORSRP	COMT2020	0
EQUALNUM	COMT2020	0
HELPTECH	COMT2020	0
ROOTSQR	COMT2020	0
RACETIME	COMT2020	0
CHEFSTEP	LTIME86B	0
CHECHOC	LTIME86B	0
BINFUN	LTIME86B	0
PRT2	LTIME86B	0
GOLOMB	LTIME86B	0
POFP	LTIME86B	0
COPAIR	LTIME86B	0
ICL1901	ICL2019	0
ICL1905	ICL2019	0
ICL1904	ICL2019	0
ICL1906	ICL2019	0
ICL1902	ICL2019	0
CATSRATS	COOK104B	0
NBONACCI	COOK104B	0
CKOJ20A	COJK2020	0
CKOJ20B	COJK2020	0
CKOJ20C	COJK2020	0
CKOJ20D	COJK2020	0
CKOJ20E	COJK2020	0
BOJACK	COOK120B	0
EVENTUAL	COOK120B	0
ORTHODOX	COOK120B	0
PATHETIC	COOK120B	0
TOTEM	COOK120B	0
XORCIST	COOK120B	0
EXTREME	COOK120B	0
CHEFMOD	COOK120B	0
UCL	COOK104B	0
TFB2DW	COOK104B	0
MARCAPS	COOK104B	0
CNVX4HUL	COOK104B	0
SONGSHOP	COOK104B	0
FBMT	COOK89	0
OPC1701	SOPC2017	0
OPC1702	SOPC2017	0
OPC1703	SOPC2017	0
CHEFCAKE	QFUN2020	0
CRCLJUMP	QFUN2020	0
SCTFIGHT	QFUN2020	0
CHEMFACT	QFUN2020	0
MAGICMED	QFUN2020	0
DGTMAGIC	QFUN2020	0
MCURIOUS	MCOD2020	0
MCUBES	MCOD2020	0
MGOLD	MCOD2020	0
MLECTURE	MCOD2020	0
MBARS	MCOD2020	0
BSPDP1	BGS12020	0
BSPDP0	BGS12020	0
BSPSTR	BGS12020	0
BSP1	BGS12020	0
BSPDP3	BGS12020	0
BSPDP2	BGS12020	0
CHEFSTR1	JULY20B	0
CRDGAME	JULY20B	0
ADAKING	JULY20B	0
PTMSSNG	JULY20B	0
CHFNSWPS	JULY20B	0
DRCHEF	JULY20B	0
LCMCONST	JULY20B	0
DRGNDEN	JULY20B	0
GEOXD	JULY20B	0
EXPREP	JULY20B	0
WEIRDMUL	JULY20B	0
EXPTREES	JULY20B	0
DYNHUL	JULY20B	0
OPC1704	SOPC2017	0
PRGCUP01	PROC2017	0
PRGCUP03	PROC2017	0
PRWR1907	PWCR2019	0
PRWR1904	PWCR2019	0
PRWR1902	PWCR2019	0
PRWR1906	PWCR2019	0
PRWR1903	PWCR2019	0
PRWR1905	PWCR2019	0
VWL	BION2019	0
MATPH	BION2019	0
WHRL	BION2019	0
SPAR3	BION2019	0
ECJN201	ENJU2020	0
ECJN202	ENJU2020	0
ECJN203	ENJU2020	0
ECJN204	ENJU2020	0
ECJN205	ENJU2020	0
ECJN206	ENJU2020	0
ECJN207	ENJU2020	0
ECJN208	ENJU2020	0
ECJN209	ENJU2020	0
CHFMOT18	LTIME85B	0
INCRDEC	LTIME85B	0
GOLMINE	LTIME85B	0
MAXAND18	LTIME85B	0
SQRSUBMA	LTIME85B	0
RESTCH	LTIME85B	0
COWSHEDS	LTIME85B	0
SPAR2	BION2019	0
SHOOTIT	CORU2019	0
ROBRESC	CORU2019	0
CONVOLVE	CORU2019	0
BITREE	CORU2019	0
CHEF10Y	CORU2019	0
TCF2019B	TCM2019	0
RIPUGEMS	COH12020	0
RAWATDS0	COH12020	0
XORGRAPH	COH12020	0
BIT3B	BIT32020	0
BIT3E	BIT32020	0
BIT3C	BIT32020	0
BIT3D	BIT32020	0
BIT3F	BIT32020	0
HOTNCOLD	COCA2020	0
COCA2001	COCA2020	0
TWOARM	COCA2020	0
COCA2003	COCA2020	0
PRTWHY	COCA2020	0
COCA2006	COCA2020	0
DCANDY	LICO2020	0
SEGTREES	LICO2020	0
ISHGAME	LICO2020	0
OMYGAME	LICO2020	0
ISHGRAPH	LICO2020	0
PATTERNG	LICO2020	0
TCF2019D	TCM2019	0
TCF2019C	TCM2019	0
TCF2019A	TCM2019	0
TCF2019E	TCM2019	0
MUJ	CPN12019	0
BINSRT	CPN12019	0
ANACNT	CPN12019	0
COCR101	CROS2020	0
COCR102	CROS2020	0
COCR103	CROS2020	0
COCR104	CROS2020	0
COCR105	CROS2020	0
COCR106	CROS2020	0
COCR107	CROS2020	0
COCR108	CROS2020	0
SUBALGO	COTH2020	0
MINCARDS	COTH2020	0
STKGAME	COTH2020	0
UNIQSTR	COTH2020	0
ONEVALUE	COTH2020	0
OPTTRVL	COTH2020	0
JUN1	COFJ2020	0
JUN2	COFJ2020	0
JUN3	COFJ2020	0
JUN4	COFJ2020	0
BTENG	CMYC2020	0
TRPTTONY	CMYC2020	0
YOUCAN	CMYC2020	0
PENCRYPT	CMYC2020	0
CXORJ	CMYC2020	0
PRICECON	JUNE20B	0
XYSTR	JUNE20B	0
CHFICRM	JUNE20B	0
EVENM	JUNE20B	0
EOEO	JUNE20B	0
TTUPLE	JUNE20B	0
CONTAIN	JUNE20B	0
GUESSG	JUNE20B	0
CONVAIR	JUNE20B	0
DIFVAL	JUNE20B	0
PPARTS	JUNE20B	0
COVDSMPL	JUNE20B	0
CMD	CPN12019	0
SLDDEV	CPN12019	0
TRIMETER	CPN12019	0
UEM1901	UEMCO19	0
UEM1902	UEMCO19	0
UEM1904	UEMCO19	0
UEM1905	UEMCO19	0
UEM1906	UEMCO19	0
UEMC07	UEMCO19	0
CONPRI01	BCR12019	0
CONV02	BCR12019	0
PANDIG03	BCR12019	0
NOSEM	COPT2020	0
GRDAY1	COPT2020	0
ANTHUNT	COPT2020	0
FORCOWS	COPT2020	0
AUREOLE	COPT2020	0
MORECAKE	PCO12020	0
PUNISH	PCO12020	0
LOTR1	PCO12020	0
LVPOL	PCO12020	0
POWK	PCO12020	0
HELCARP	PCO12020	0
MANSQ	PCO12020	0
MATE	PCO12020	0
BRACK04	BCR12019	0
POLY05	BCR12019	0
MINOP06	BCR12019	0
LEVI07	BCR12019	0
MAT08	BCR12019	0
DAT09	BCR12019	0
NUMTH10	BCR12019	0
QM25P5A	KM252020	0
KM25P5B	KM252020	0
KM25P5C	KM252020	0
CHEFRECP	COOK118B	0
CHFIMPRS	COOK118B	0
CROADS	COOK118B	0
CHEFSHIP	COOK118B	0
CHEFSQUD	COOK118B	0
CHEFTRIP	COOK118B	0
CURSQURS	COOK118B	0
ICM05	ICMT2019	0
ICM06	ICMT2019	0
ICM01	ICMT2019	0
ICM07	ICMT2019	0
ICM08	ICMT2019	0
ICM09	ICMT2019	0
SMALLSQR	POLP2019	0
ARYROT	LDT42020	0
DRONEDEL	LDT42020	0
NAMEVAL	LDT42020	0
PARNTHSS	LDT42020	0
WALKREC	LDT42020	0
SMVOL	HALO2020	0
MINIST	HALO2020	0
HAPSET	HALO2020	0
SIMNUM	HALO2020	0
INDMOV	HALO2020	0
LOGIC	HALO2020	0
BUGC001	BUGC2020	0
BUGC002	BUGC2020	0
BUGC003	BUGC2020	0
BUGC004	BUGC2020	0
NBOTS	MAY20B	0
COVID19	MAY20B	0
CHANDF	MAY20B	0
TWOSTRS	MAY20B	0
BINLAND	MAY20B	0
SORTVS	MAY20B	0
NRWP	MAY20B	0
TRPLSRT	MAY20B	0
PRECPAIR	MAY20B	0
RNBWROAD	MAY20B	0
CORUS	MAY20B	0
BIPPAIR	MAY20B	0
SUBNUMS	POLP2019	0
EXPVAL	POLP2019	0
GAMETREE	POLP2019	0
MITSCP5	POLP2019	0
SUMSUM	POLP2019	0
TXORP	POLP2019	0
COEN01	COEN2019	0
COEN02	COEN2019	0
COEN03	COEN2019	0
COEN04	COEN2019	0
COEN06	COEN2019	0
COEN05	COEN2019	0
COW3A	COW42020	0
COW3B	COW42020	0
COW3C	COW42020	0
COW3D	COW42020	0
COW3E	COW42020	0
COW3F	COW42020	0
COW3G	COW42020	0
RECNDNOS	RC122020	0
RECNDSTR	RC122020	0
RECNDNUM	RC122020	0
RECNDROT	RC122020	0
RECNDORO	RC122020	0
RECNDSUB	RC122020	0
RECNDARY	RC122020	0
ECAPR203	ENCD2020	0
ECAPR205	ENCD2020	0
ECAPR202	ENCD2020	0
ECAPR204	ENCD2020	0
ECAPR209	ENCD2020	0
ECAPR206	ENCD2020	0
ECAPR201	ENCD2020	0
ECAPR207	ENCD2020	0
ECAPR208	ENCD2020	0
VIEW2001	QTCC2020	0
VIEW2002	QTCC2020	0
VIEW2003	QTCC2020	0
VIEW2004	QTCC2020	0
VIEW2005	QTCC2020	0
MEXUM	LTIME83B	0
TRIQRY	LTIME83B	0
DOTTIME	LTIME83B	0
HXR	LTIME83B	0
JMPFVR	LTIME83B	0
SHUFFLE	LTIME83B	0
FFL	LTIME83B	0
MANIAC1	ALMA2019	0
MANIAC2	ALMA2019	0
MANIAC3	ALMA2019	0
MANIAC4	ALMA2019	0
MANIAC5	ALMA2019	0
CR195	CORD2019	0
CR193	CORD2019	0
BBALLS	SMTC2020	0
BJAGGU	SMTC2020	0
RROUNDS	SMTC2020	0
TSALES	SMTC2020	0
MCOINS	SMTC2020	0
CR191	CORD2019	0
CR192	CORD2019	0
CR196	CORD2019	0
CR194	CORD2019	0
CR197	CORD2019	0
CHONQ	MARCH19B	0
SONATR	MARCH19B	0
CHEFGB	BTCH2020	0
AKACHOCO	BTCH2020	0
CHEFXAM	BTCH2020	0
MMHAPPY	BTCH2020	0
CHEFKIT	BTCH2020	0
UNQCARD	BTCH2020	0
MOTU001	CCOD2020	0
NITGOC	CCOD2020	0
PALL9	CCOD2020	0
FILLBOX	CCOD2020	0
ECODOWN	CCOD2020	0
BRKTBRK	JLUG2020	0
LTRCHNG	JLUG2020	0
HXTDC	JLUG2020	0
STAYIN	SITC2020	0
WESUM	SITC2020	0
FACPOW	SITC2020	0
CODEY301	CY302020	0
CODEY302	CY302020	0
CODY303	CY302020	0
CODEY304	CY302020	0
CODEY305	CY302020	0
STRNO	APRIL20B	0
REBIT	APRIL20B	0
SQRDSUB	APRIL20B	0
FCTRE	APRIL20B	0
PPDIV	APRIL20B	0
TRIPWAYS	APRIL20B	0
CARSELL	APRIL20B	0
UNITGCD	APRIL20B	0
COVIDLQ	APRIL20B	0
LLLGRAPH	APRIL20B	0
ANSLEAK	APRIL20B	0
CHNUM	MARCH19B	0
TREASURE	MARCH19B	0
SUBPRNJL	MARCH19B	0
JAIN	MARCH19B	0
PTREE	MARCH19B	0
CHDIGER	MARCH19B	0
CHEFSOC	MARCH19B	0
MATPER	MARCH19B	0
INTERLEA	MARCH19B	0
PRGCUP02	PROC2017	0
PRGCUP04	PROC2017	0
STICKY	MYL2020	0
ALEX	MYL2020	0
PQBIC	MYL2020	0
EXPAND	MYL2020	0
ASHISH	MYL2020	0
GAMP	MYL2020	0
MPRODMUL	CHPTRS01	0
CSCARE	CHPTRS01	0
FUNRUN	CHPTRS01	0
ARTPNT	CHPTRS01	0
WASHHAND	CHPTRS01	0
CARLOT	CHPTRS01	0
GAMENUM	CHPTRS01	0
CODEKARO	CHPTRS01	0
COVID	CHPTRS01	0
NCOV19	COVDHACK	0
ARMY1N	FULU2020	0
TWO2D8TH	FULU2020	0
GOOG32	FULU2020	0
TAX	FULU2020	0
POSSIBLE	FULU2020	0
SIFTING	FULU2020	0
FONT3S	FULU2020	0
ONE23	FULU2020	0
MAY19F1	IIITDS20	0
HASHRAD	IIITDS20	0
PRGCUP05	PROC2017	0
DBOY	IIITDS20	0
NOKIA	IIITDS20	0
PRGCUP06	PROC2017	0
MXMLCM	LTIME82A	0
RNDRATIO	LTIME82A	0
SWPDGT	LTIME82A	0
STRPTRE	LTIME82A	0
PRFXGD	LTIME82A	0
NSTROT	LTIME82A	0
SCRRCP	LTIME82A	0
CHEFFB	ICOP1805	0
HPOWER	ICOP1805	0
POSH	ICOP1805	0
ZORG	ICOP1805	0
VK18	DEC17	0
CHEFFIB	DEC17	0
EARTSEQ	JAN19B	0
MXDIST	JAN19B	0
PARRTY	JAN19B	0
DPAIRS	JAN19B	0
MGAME	JAN19B	0
FANCY	JAN19B	0
MATCHIT	JAN19B	0
XYPIZQ	JAN19B	0
CHEFUNI	DEC17	0
GIT01	DEC17	0
CHEFEXQ	DEC17	0
CPLAY	DEC17	0
DWW19A	DWWU2019	0
DWW19B	DWWU2019	0
DWW19C	DWWU2019	0
DWW19D	DWWU2019	0
DWW19E	DWWU2019	0
DWW19F	DWWU2019	0
DWW19G	DWWU2019	0
DWW19H	DWWU2019	0
DWW19I	DWWU2019	0
DWW19J	DWWU2019	0
DWW19K	DWWU2019	0
USANBOLT	AM19MOS	0
POLCON	AM19MOS	0
COLPOLLY	AM19MOS	0
COLINT	AM19MOS	0
SDIFFSTR	AM19MOS	0
TRGRPH	AM19MOS	0
MOBCNT	AM19MOS	0
MORTGAGE	AM19MOS	0
PERMDIST	AM19MOS	0
COMPLEXG	AM19MOS	0
LALALANT	AM19MOS	0
EXPCAN	AM19MOS	0
STICK2	LTIME79B	0
TREEQ1	LTIME79B	0
EVIPRO	LTIME79B	0
STUPMACH	LTIME79B	0
CHEALG	LTIME79B	0
FREQFUN	LTIME79B	0
GUESSNUM	LTIME79B	0
REDBLUE	DEC17	0
DSANTAP	DEC17	0
CHEFHAM	DEC17	0
WESTAND	DEC17	0
SMRSTR	LTIME54	0
SHUFFL	LTIME54	0
LRQUER	LTIME54	0
CFD020	COFN2019	0
TRAPLOOP	COFN2019	0
POLYCODE	COFN2019	0
CFD019	COFN2019	0
CFD018	COFN2019	0
CFD021	COFN2019	0
CFD022	COFN2019	0
CHNGIT	COOK113B	0
PRFYIT	COOK113B	0
XORIT	COOK113B	0
CRSHIT	COOK113B	0
MKIT	COOK113B	0
DAND	COOK113B	0
DCRTIT	COOK113B	0
SPC19F1	SPCM2019	0
SPC19F2	SPCM2019	0
SPC19F4	SPCM2019	0
SPC19F5	SPCM2019	0
SPC19F6	SPCM2019	0
CNTFAIL	AMR18ROL	0
ARMYFGT	AMR18ROL	0
GUESSMID	GW19MOS	0
INVSACK	GW19MOS	0
TRANSACT	GW19MOS	0
BINPALIN	GW19MOS	0
DICITIES	GW19MOS	0
UNBAL	GW19MOS	0
SMTOUR	GW19MOS	0
TRGAME	GW19MOS	0
TELNET	GW19MOS	0
EAREA	GW19MOS	0
MEANPROB	GW19MOS	0
SAFEROBO	GW19MOS	0
SOPC003A	SHPC2019	0
SOPC003C	SHPC2019	0
SOPC014	SHPC2019	0
SOPC009	SHPC2019	0
SOPC011	SHPC2019	0
SOPC015	SHPC2019	0
CB2000	COBT2019	0
CB2001	COBT2019	0
CB2002	COBT2019	0
CB2003	COBT2019	0
CB2004	COBT2019	0
CB2005	COBT2019	0
QM18A	QM182019	0
QM18B	QM182019	0
BALLCOL	KH19MOS	0
GRAPHCON	KH19MOS	0
VARMIN	KH19MOS	0
BALLSUM	KH19MOS	0
AWKMINI	KH19MOS	0
RECARR	KH19MOS	0
WALKFAST	KH19MOS	0
SEGDIR2	KH19MOS	0
SUBMATCH	KH19MOS	0
MAXDIVER	KH19MOS	0
RANDID	KH19MOS	0
ANAJOBS	KH19MOS	0
PLMU	DEC19B	0
SUBSPLAY	DEC19B	0
BINXOR	DEC19B	0
CHFRAN	DEC19B	0
STICNOT	DEC19B	0
APAIRS	DEC19B	0
TESTGEN	DEC19B	0
BINOFEV	DEC19B	0
CUBVIRUS	DEC19B	0
WATSCORE	DEC19B	0
BINADD	DEC19B	0
PALPATH	AMR18ROL	0
ISITCAKE	AMR18ROL	0
BALSUB	AMR18ROL	0
KHULJA	AMR18ROL	0
ALIENINV	AMR18ROL	0
REFORMS	AMR18ROL	0
SAUNA	AMR18ROL	0
SQRECT	AMR18ROL	0
ALFRED	AMR18ROL	0
MARTING1	AMR18ROL	0
AVLBLT	AMR18ROL	0
PLANT	LTIME78B	0
DEADEND	LTIME78B	0
PIBRO	LTIME78B	0
APARTS	LTIME78B	0
CMPRSS	LTIME78B	0
PRFCTN	LTIME78B	0
SRVR	LTIME78B	0
PPATTERN	LTIME67A	0
BUCKETS	LTIME67A	0
DLINE	LTIME67A	0
NOSS	LTIME67A	0
BESTPATH	LTIME67A	0
KETEKIR1	KRPM2019	0
KETEKIR2	KRPM2019	0
XORFIB	BOB22019	0
MAGIC07	BOB22019	0
DIWLIGFT	BOB22019	0
MISPRNT	BOB22019	0
DUNIHLP	BOB22019	0
NNN	CYNO2019	0
CYPNOV03	CYNO2019	0
GRSH	CYNO2019	0
JOND	CYNO2019	0
KW6	CYNO2019	0
BIGRES	COOK112B	0
BLWHTREE	COOK112B	0
MMNN01	COOK112B	0
SIGNTURE	COOK112B	0
CHADAY	COOK112B	0
DIET	COOK112B	0
ROBOTS	COOK112B	0
COMA19A	CONA2019	0
COMA19C	CONA2019	0
COMA19D	CONA2019	0
COMA19E	CONA2019	0
COMA19F	CONA2019	0
COMA19B	CONA2019	0
DRCYS	COMR2019	0
GK1901	GKAH1901	0
GK1902	GKAH1901	0
GK1903	GKAH1901	0
GK1904	GKAH1901	0
GK1905	GKAH1901	0
INGEN01	CEIN2019	0
INGEN02	CEIN2019	0
INGEN03	CEIN2019	0
INGEN04	CEIN2019	0
INGEN05	CEIN2019	0
INGEN06	CEIN2019	0
MINIGAME	ISPC2019	0
DORACAKE	ISPC2019	0
CCHW	ISPC2019	0
ABSTEPS	ISPC2019	0
CNT21	ISPC2019	0
SAT101	SATA2019	0
SAT102	SATA2019	0
SAT103	SATA2019	0
REC09A	REC92019	0
REC09B	REC92019	0
REC09E	REC92019	0
REC09F	REC92019	0
REC09C	REC92019	0
SCAP	AFZQ2019	0
WORD	AFZQ2019	0
VIEW	AFZQ2019	0
CHOCOS	AFZQ2019	0
XASD	AFZQ2019	0
REVT	AFZQ2019	0
CHFLOL	BCF12019	0
WRLDSTR	BCF12019	0
MOBGAME	BCF12019	0
CHFLOL2	BCF12019	0
QCOUNT	DEFI2019	0
PGRID	DEFI2019	0
SPDG	DEFI2019	0
GAOT	DEFI2019	0
IEMCO8A	IEMCO8	0
IEMCO8C	IEMCO8	0
IEMCO8D	IEMCO8	0
IEMCO8E	IEMCO8	0
IEMCO8F	IEMCO8	0
IEMC08B	IEMCO8	0
MXCH	CNMP2019	0
INFTINCR	CNMP2019	0
LOG_EQN	CNMP2019	0
TWEGRA	CNMP2019	0
MCHEF001	MACF2019	0
SHUBCHE2	MACF2019	0
MCHEF002	MACF2019	0
MCHEF003	MACF2019	0
ANTSCH	CCRU2019	0
HATS	CCRU2019	0
TJ	CCRU2019	0
KQM17A	QM172019	0
KQM17B	QM172019	0
UCS201	UEM22019	0
UCS202	UEM22019	0
UCS203	UEM22019	0
UCS204	UEM22019	0
UCS205	UEM22019	0
SCHTEST	ZCOSC19	0
ZCOPREP	ZCOSC19	0
ZCOSCH	ZCOSC19	0
TAPSY	COOW2019	0
PROTEIN	COOW2019	0
SUDH	COOW2019	0
UNINUM	COOW2019	0
POWSUB	COOW2019	0
PIPSQUIK	DCOD19A	0
ISHVALA	DCOD19A	0
GRUMPMA	DCOD19A	0
LEQEX	DCOD19A	0
LAYERS	DCOD19A	0
DEFECTS	DCOD19A	0
MXPOWER	DCOD19A	0
MLSDV	COMR2019	0
STRWN	COMR2019	0
WILCRSI	COMR2019	0
TDT	COMR2019	0
TNK	COMR2019	0
FNBTL	COMR2019	0
CLBATH	COLE2019	0
PHCUL	NOV19B	0
HRDSEQ	NOV19B	0
LSTBTF	NOV19B	0
WEIRDO	NOV19B	0
FAILURE	NOV19B	0
MDSWIN	NOV19B	0
SC31	NOV19B	0
PBOXES	NOV19B	0
TRICOL	NOV19B	0
DDART	NOV19B	0
CAMC	NOV19B	0
CLTNIS	COLE2019	0
CLMTRO	COLE2019	0
CLTREE	COLE2019	0
CLIPLX	COLE2019	0
CLGAME	COLE2019	0
C32K19P2	CCED2019	0
C32K19P3	CCED2019	0
C32K19P1	CCED2019	0
PALINKEY	CCOQ2019	0
PERMPAIN	CCOQ2019	0
BARDAVON	CCOQ2019	0
SS4	ENOC2019	0
SS5	ENOC2019	0
ENOC1	ENOC2019	0
ENOC2	ENOC2019	0
TVT	ENOC2019	0
GVR	ENOC2019	0
ENOC3	ENOC2019	0
ENOC4	ENOC2019	0
DEARRERR	ENOC2019	0
EN123	ENOC2019	0
ASHSEK	COX2019	0
MLOCK	COX2019	0
KANICHEF	COX2019	0
CHELEC	COX2019	0
CHESHCYC	COX2019	0
SONPI	COX2019	0
HIT	LTIME77B	0
INVZCNT	LTIME77B	0
BOXGAM97	LTIME77B	0
INVYCNT	LTIME77B	0
KTH97	LTIME77B	0
RNG97	LTIME77B	0
DDQUERY	LTIME77B	0
MCLOSET	CCOQ2019	0
DRAGONS	CCOQ2019	0
MILKCAKE	CCOQ2019	0
CHEFLBW	TNPC2019	0
CHEFBATS	TNPC2019	0
CHEFDEST	TNPC2019	0
NPLQ19A	NPLQ2019	0
NPLQ19B	NPLQ2019	0
NPLQ19C	NPLQ2019	0
NPLQ19D	NPLQ2019	0
NPLQ19E	NPLQ2019	0
NPLQ19F	NPLQ2019	0
DVL	COOK111B	0
MDL	COOK111B	0
DFNC	COOK111B	0
MNWLK	COOK111B	0
CKWLK	COOK111B	0
HDDN	COOK111B	0
DOR	COOK111B	0
CHEFSOCC	TNPC2019	0
CHEFSCOR	TNPC2019	0
DCC1	DCC2019	0
DCC2	DCC2019	0
INF1900	INFY2019	0
INF1902	INFY2019	0
INF1904	INFY2019	0
INF1906	INFY2019	0
INF1908	INFY2019	0
INF1910	INFY2019	0
INF1912	INFY2019	0
INF1914	INFY2019	0
SHIT	KOKO2019	0
SADVAL	KOKO2019	0
DISTCHOC	KOKO2019	0
ARITHEXP	KOKO2019	0
MTKR	KOKO2019	0
SETH0002	HCS12019	0
SETH0001	HCS12019	0
SETH0004	HCS12019	0
SETH0005	HCS12019	0
SETH0006	HCS12019	0
SETH0007	HCS12019	0
ICHN01	ICHN2019	0
ICHN02	ICHN2019	0
ICHN03	ICHN2019	0
ICHN04	ICHN2019	0
KQM16A	QM162019	0
KQM16B	QM162019	0
CHACAND	ACD2019	0
LITEPHRS	ACD2019	0
LYPLNK	ACD2019	0
DIV1	ACD2019	0
CHJERRY	ACD2019	0
CHTIME	ACD2019	0
JKR1	EOLC2019	0
JKR2	EOLC2019	0
JKR3	EOLC2019	0
JKR5	EOLC2019	0
JKR6	EOLC2019	0
CODEFA1	COFO2019	0
CODEFA2	COFO2019	0
CODEFA5	COFO2019	0
CODEFA7	COFO2019	0
CODEFA8	COFO2019	0
EXUNA	EXPP2019	0
EXUNB	EXPP2019	0
EXUND	EXPP2019	0
EXUNF	EXPP2019	0
EXUNC	EXPP2019	0
EXUNE	EXPP2019	0
RACE01	CWCR2019	0
WCTC01	CWCR2019	0
AVGAGE	CWCR2019	0
GAMSTR99	CWCR2019	0
SH221B	CWCR2019	0
MKFR77	CWCR2019	0
B4EF19B	B4EM2019	0
B4EF19C	B4EM2019	0
B4EF19A	B4EM2019	0
B4EF19D	B4EM2019	0
B4EF19E	B4EM2019	0
B4EF19F	B4EM2019	0
MARM	OCT19B	0
MSV	OCT19B	0
BACREP	OCT19B	0
EVEDG	OCT19B	0
MAXLIS	OCT19B	0
SAKTAN	OCT19B	0
S10E	OCT19B	0
CNNCT2	OCT19B	0
JIIT	OCT19B	0
MSNG	OCT19B	0
DCC3	DCC2019	0
DCC4	DCC2019	0
DCC7	DCC2019	0
DCC5	DCC2019	0
DCC6	DCC2019	0
GYMTRNR	FICP2019	0
SNKLD	FICP2019	0
BAHOTHRD	FICP2019	0
GRPHVIP	FICP2019	0
UNQPAL	FICP2019	0
FFC219A	FFC22019	0
FFC219B	FFC22019	0
FFC219C	FFC22019	0
FFC219D	FFC22019	0
FFC219E	FFC22019	0
FFC219F	FFC22019	0
FFC219G	FFC22019	0
FRINUM	KJCS2019	0
TSHACK	KJCS2019	0
CHOCOPRO	KJCS2019	0
PLYBETS	KJCS2019	0
PBLCT	KJCS2019	0
CATFEED	LTIME76B	0
WATCHFB	LTIME76B	0
ICECREM	LTIME76B	0
TREEVERS	LTIME76B	0
ALLSUB	LTIME76B	0
PAIRSUM2	LTIME76B	0
APPLE42	LTIME76B	0
HTST9	ENFE2019	0
DIETCOKE	ENFE2019	0
RICHMICH	ENFE2019	0
TR	ENFE2019	0
GR	ENFE2019	0
ZMMA	ENFE2019	0
HXPRIM	ENFE2019	0
SAVJEW	COOK110B	0
ANGGRA	COOK110B	0
PALMACH	COOK110B	0
HIRING	COOK110B	0
EXERCISE	COOK110B	0
TWOGRS	COOK110B	0
MATCHES	COOK110B	0
CHGM1	ENFE2019	0
CHWLD	ENFE2019	0
UICC01	UICC2019	0
RUSH05	UICC2019	0
RUSH04	UICC2019	0
RUSH02	UICC2019	0
RUSH01	UICC2019	0
BIT2A	BIT22019	0
BIT2B	BIT22019	0
GTN	BIT22019	0
BIT2C	BIT22019	0
NMN	BIT22019	0
MATHL	BIT22019	0
CCWI1901	CCWI2019	0
CCWI1904	CCWI2019	0
CCWI1902	CCWI2019	0
CCWI1906	CCWI2019	0
CCWI1907	CCWI2019	0
CCWI1908	CCWI2019	0
BFLSEQ	SGHC2019	0
COI	SGHC2019	0
HSHAKES	SGHC2019	0
HOLY	COZI2019	0
DAGXOR	COZI2019	0
FINDFN	COZI2019	0
PRSTRING	COZI2019	0
KS3	COZI2019	0
SWITOG	COZI2019	0
SHERCH	COZI2019	0
AIOL01	AIOL2019	0
AIOL02	AIOL2019	0
AIOL03	AIOL2019	0
AIOL04	AIOL2019	0
AIOL05	AIOL2019	0
AIOL06	AIOL2019	0
INQU1900	INQU2019	0
INQU1901	INQU2019	0
INQU1902	INQU2019	0
INQU1903	INQU2019	0
INQU1904	INQU2019	0
INQU1905	INQU2019	0
INQU1906	INQU2019	0
EXPGCD	SEPT19B	0
LAPD	SEPT19B	0
FUZZYLIN	SEPT19B	0
GDSUB	SEPT19B	0
FIBEASY	SEPT19B	0
DOOFST	SEPT19B	0
PSUM	SEPT19B	0
CHEFK1	SEPT19B	0
CHEFINSQ	SEPT19B	0
SEBICPU	SEPT19B	0
DODGERS	SEPT19B	0
RUSH03	UICC2019	0
IF01	INEK2019	0
IF03	INEK2019	0
IF04	INEK2019	0
IF05	INEK2019	0
IF06	INEK2019	0
IF07	INEK2019	0
IF08	INEK2019	0
IF09	INEK2019	0
IF10	INEK2019	0
GRAPHTRE	LTIME69B	0
ROLLBAR	LTIME69B	0
ALC002	ALCM2019	0
ALC005	ALCM2019	0
ALC003	ALCM2019	0
ALC001	ALCM2019	0
ALC006	ALCM2019	0
EQAVG	LTIME75B	0
EID2	LTIME75B	0
BOFS	LTIME75B	0
BOFP	LTIME75B	0
DESTCELL	LTIME75B	0
COKE2	LTIME75B	0
TRIP2	LTIME75B	0
AVG	LTIME69B	0
PERMLIST	LTIME69B	0
TRICKYDL	LTIME69B	0
CHFCH	LTIME69B	0
STRQUER	LTIME54	0
GEEK01	GKAH1701	0
GEEK02	GKAH1701	0
RPH001	COHA2019	0
BULLETS	COHA2019	0
GHOME	COHA2019	0
RHSAT	COHA2019	0
GOTCHI	COHA2019	0
PRKLOT	CYAU2019	0
ARROTATE	CYAU2019	0
JILLU1	CYAU2019	0
CYAUG01	CYAU2019	0
CYAUG02	CYAU2019	0
LGCD	ENAU2019	0
SAVKONO	ENAU2019	0
SS1	ENAU2019	0
AVPN6	ENAU2019	0
ADDI	ENAU2019	0
ALIEN1	ENAU2019	0
AVN9	ENAU2019	0
AVNP5	ENAU2019	0
ENS1	ENAU2019	0
MAGPER	COOK109B	0
WARRIORS	COOK109B	0
RICHSTR	COOK109B	0
PEPPERON	COOK109B	0
FRICAN	COOK109B	0
CIRCLES2	COOK109B	0
COKE	COOK109B	0
GEEK03	GKAH1701	0
GEEK04	GKAH1701	0
GEEK05	GKAH1701	0
PPDAY	COWZ2019	0
TRACMAT	COWZ2019	0
NCC1908	NCC2019	0
NCC1902	NCC2019	0
DC101	DEER2019	0
DC102	DEER2019	0
DC103	DEER2019	0
DC104	DEER2019	0
DC105	DEER2019	0
DC106	DEER2019	0
PCJ19A	PCJ2019	0
PCJ19B	PCJ2019	0
PCJ19C	PCJ2019	0
PCJ19D	PCJ2019	0
PCJ19E	PCJ2019	0
PCJ19G	PCJ2019	0
JCWC03	JCWR2019	0
JCWC01	JCWR2019	0
JCWC04	JCWR2019	0
JCWC05	JCWR2019	0
JCWC02	JCWR2019	0
JCWC00	JCWR2019	0
KETEKI3A	KPM32019	0
KETEKI3D	KPM32019	0
KETEKI3C	KPM32019	0
KETEKI3B	KPM32019	0
MSNSADM1	AUG19B	0
DSTAPLS	AUG19B	0
CHEFDIL	AUG19B	0
KS1	AUG19B	0
CHGORAM	AUG19B	0
ENCODING	AUG19B	0
MAXEXPR	AUG19B	0
TSEQ	AUG19B	0
CSTREE	AUG19B	0
ZOMCAV	AUG19B	0
SYNBAC	AUG19B	0
NCC1901	NCC2019	0
NCC1903	NCC2019	0
NCC1904	NCC2019	0
NCC1905	NCC2019	0
NCC1906	NCC2019	0
WCSA	WCS2019	0
WCSB	WCS2019	0
WCSC	WCS2019	0
WCSD	WCS2019	0
WCSE	WCS2019	0
WCSF	WCS2019	0
DELARRAY	LTIME74A	0
POLICE	LTIME74A	0
PROFTRIP	LTIME74A	0
EQMD	LTIME74A	0
TWOLANE	LTIME74A	0
RPD	LTIME74A	0
SFRV	LTIME74A	0
TONYFOOD	PLUM2019	0
ANTMAN	PLUM2019	0
VISION	PLUM2019	0
SPCSTONE	PLUM2019	0
CAPMARVL	PLUM2019	0
TABLET	COOK103B	0
EVILAND	COOK103B	0
MGICMENU	COOK108B	0
MNMXAR	COOK108B	0
EXPTPROD	COOK108B	0
WARTLND	COOK108B	0
BDGFT	COOK108B	0
TWOVRIBL	COOK108B	0
PLAYSTR	COOK108B	0
SECPASS	COOK103B	0
MAXREMOV	COOK103B	0
CHFPARTY	COOK103B	0
TWOARR	COOK103B	0
KTRANS	ICOP1804	0
TOORICH	ICOP1804	0
OAGREEDY	ICOP1804	0
KETEKI2A	KPM22019	0
KETEKI2B	KPM22019	0
KETEKI2C	KPM22019	0
KETEKI2D	KPM22019	0
SNKAPT	JULY19B	0
CIRMERGE	JULY19B	0
GUESSPRM	JULY19B	0
CHFWAR	JULY19B	0
LVMFFN	JULY19B	0
MXMN	JULY19B	0
CCC	JULY19B	0
PRTAGN	JULY19B	0
CHFWAR2	JULY19B	0
MMAX	JULY19B	0
CHFM	JULY19B	0
SINGLAZY	ICOP1804	0
AMANCRZY	ICOP1804	0
PALHAM	COOK88	0
CIRCBIN	SNFL19MR	0
STRSUM	SNFL19MR	0
RAFFLE	SNFL19MR	0
ORDNCHS	SNFL19MR	0
XYPRESQ	SNFL19MR	0
KSUFFIX	SNFL19MR	0
MAGARR	SNFL19MR	0
RIVERLND	SNFL19MR	0
QM16A	KQ162019	0
M16B	KQ162019	0
M16C	KQ162019	0
BURARRAY	LTIME73B	0
GIIKLUB	LTIME73B	0
QRYLAND	LTIME73B	0
SILLYPRS	LTIME73B	0
DPERM	LTIME73B	0
PAJAPONG	LTIME73B	0
FUZZYCON	LTIME73B	0
MTRXOP	SNFL19MR	0
CATS	SNFL19MR	0
BIT_BLKT	ONIG2019	0
BIT_PRAI	ONIG2019	0
BIT_CSUM	ONIG2019	0
BIT_GOOD	ONIG2019	0
SKIING	COOK88	0
SUBSETS	COOK107B	0
IDXSUM	COOK107B	0
SECRECP	COOK107B	0
EXAM1	COOK107B	0
EATTWICE	COOK107B	0
SLUSH	COOK107B	0
ANTEATER	COOK107B	0
BIT_REGN	ONIG2019	0
BIT_AR	ONIG2019	0
LRGBITSM	ONIG2019	0
MOALP	BLUP2019	0
AHAPH	BLUP2019	0
DIV4	BLUP2019	0
IIITBH	BLUP2019	0
SHADOW	FFC12019	0
CHEKOH	FFC12019	0
MARSWA	FFC12019	0
SHADOW2	FFC12019	0
DRCHE	FFC12019	0
CHESAK	FFC12019	0
AERTS	FFC12019	0
TTO1	TTO2019	0
C001	TTO2019	0
CRYPTX01	TTO2019	0
KQM15A	KQ152019	0
KQM15B	KQ152019	0
RSIGNS	JUNE19B	0
PROXYC	JUNE19B	0
LENTMO	JUNE19B	0
COUNTIT	JUNE19B	0
KS2	JUNE19B	0
CHFING	JUNE19B	0
COOLCHEF	JUNE19B	0
INTRPATH	JUNE19B	0
SUMAGCD	JUNE19B	0
FGTREE	JUNE19B	0
SNCK99	JUNE19B	0
GRAPHCOL	BLUP2019	0
BLONDIE	COBE2019	0
MARLA	COBE2019	0
GUMP	COBE2019	0
DUFRESNE	COBE2019	0
LAEDDIS	COBE2019	0
HMAPPY2	FEB19B	0
GUESSRT	FEB19B	0
MAGICJAR	FEB19B	0
MANRECT	FEB19B	0
CHEFING	FEB19B	0
DANS	NUVO2019	0
PUBG	NUVO2019	0
CHFMTR	NUVO2019	0
CANDC	NUVO2019	0
SABAR	NUVO2019	0
ROSO	NUVO2019	0
CV	LTIME72A	0
DPS	LTIME72A	0
GRIDTOUR	LTIME72A	0
XM	LTIME72A	0
REMMAX	LTIME72A	0
IAI	LTIME72A	0
TRDST	FEB19B	0
ARTBALAN	FEB19B	0
DEPCHEF	FEB19B	0
MAXTAX	FEB19B	0
XDCOMP	FEB19B	0
CHORCKIT	FEB19B	0
ONCHESS	COOK88	0
XORCMPNT	COOK106A	0
EXPXOR	COOK106A	0
GCDSET	COOK106A	0
COLORDIS	COOK106A	0
BICLIQUE	COOK106A	0
REACTION	COOK106A	0
RECVSEQ	COOK106A	0
ADJLEAF	COOK88	0
RNDPAIR	COOK88	0
NITR08	COD2017	0
NITR05	COD2017	0
NITR02	COD2017	0
NITR03	COD2017	0
NITR12	COD2017	0
HELL	NACA2019	0
STGAME	NACA2019	0
FNEE	NACA2019	0
ARAJ	NACA2019	0
NUMTED	NACA2019	0
CODX001	CODX2019	0
CODX002	CODX2019	0
CODX003	CODX2019	0
CODX004	CODX2019	0
CODX005	CODX2019	0
QM14A	KQMG2019	0
QM14B	KQMG2019	0
TWINPR	CEEL2019	0
DIVCHK	CEEL2019	0
CPL01	CEEL2019	0
CPL02	CEEL2019	0
CALCMON	CEEL2019	0
CTKEY	CEEL2019	0
CUREK	MAY19A	0
BINARY	MAY19A	0
TREDEG	MAY19A	0
REDONE	MAY19A	0
MATCHS	MAY19A	0
PKLVES	MAY19A	0
WTBTR	MAY19A	0
SONGIF	MAY19A	0
ADAPWN	MAY19A	0
ADAROKS2	MAY19A	0
CHEFXCHG	MAY19A	0
NITR14	COD2017	0
NITR06	COD2017	0
NITR11	COD2017	0
QCJ01	QUCJ2019	0
QCJ02	QUCJ2019	0
QCJ03	QUCJ2019	0
QCJ04	QUCJ2019	0
QCJ05	QUCJ2019	0
SACO19A	SACO2019	0
SACO19B	SACO2019	0
SACO19C	SACO2019	0
IEMCO7A	IEMCO7	0
IEMCO7B	IEMCO7	0
IEMCO7C	IEMCO7	0
IEMCO7D	IEMCO7	0
IEMCO7E	IEMCO7	0
IEMCO7F	IEMCO7	0
AVN001	AVEN2019	0
AVN002	AVEN2019	0
AVN003	AVEN2019	0
AVN004	AVEN2019	0
AVN005	AVEN2019	0
AVN006	AVEN2019	0
AVN007	AVEN2019	0
AVN008	AVEN2019	0
AVN009	AVEN2019	0
R2D2	LTIME71B	0
ATTND	LTIME71B	0
DRMP	LTIME71B	0
FAPF	LTIME71B	0
FASTFOOD	LTIME71B	0
MINARRS	LTIME71B	0
CHEFRAMI	LTIME71B	0
CAICE	ENJA2019	0
CTEXT	ENJA2019	0
MDSA	ENJA2019	0
MDSB	ENJA2019	0
MDSC	ENJA2019	0
DUNDRG	ENJA2019	0
MOVQUE	ENJA2019	0
BLINE	DEMA2019	0
MEDIC	DEMA2019	0
PRMRANGE	DEMA2019	0
DEM2019A	DEMA2019	0
DEMTREE	DEMA2019	0
MAXSCRAB	DEMA2019	0
MAXSPSUM	DEMA2019	0
GMPOW	DARG2019	0
SUMMOD	DARG2019	0
TUPALIN	DARG2019	0
TUMGRAPH	DARG2019	0
EQSBAR	DARG2019	0
LOALL	DARG2019	0
TCAKE	DARG2019	0
DINCPATH	COOK105B	0
RANDGAME	COOK105B	0
PEWDSVTS	COOK105B	0
CFMM	COOK105B	0
MYS00T	COOK105B	0
HUNGALGO	COOK105B	0
GUESSAGE	COOK105B	0
REA	ENJA2019	0
CFATC	ENJA2019	0
WITBIT	AFQL2019	0
PRMGM	AFQL2019	0
GUEST05	AFQL2019	0
LIONS	AFQL2019	0
SAV01	AFQL2019	0
UEMALGO1	UAGE2019	0
UEMALGO2	UAGE2019	0
MRZRLT	AFQL2019	0
CNGE	AFQL2019	0
UEMALGO4	UAGE2019	0
UEMALGO5	UAGE2019	0
UEMALGO6	UAGE2019	0
UEMALGO3	UAGE2019	0
QMM	GHC22019	0
RPLANET	GHC22019	0
BTGAN	GHC22019	0
BBST	GHC22019	0
TOMGRDNR	GHC22019	0
SNC	GHC22019	0
EZPZ	GHC22019	0
FAKEBIN	INTL2019	0
TRAIERR	INTL2019	0
PRIMESET	INTL2019	0
CHFEDR	INTL2019	0
CHEFDR	INTL2019	0
CHEFJOU	INTL2019	0
GOODBAD2	DRI22019	0
NFAR	DRI22019	0
LIT13	DRI22019	0
ZMAGIC	DRI22019	0
SCF	DRI22019	0
VNFAR	DRI22019	0
DIC007	DRI22019	0
EHIP	DRI22019	0
WAGE	KJSC2019	0
RAIN	KJSC2019	0
ATCH	KJSC2019	0
JFY	KJSC2019	0
RGCD	KJSC2019	0
OPTSPL	COME2019	0
SMALLARR	COME2019	0
GREG	COME2019	0
RNDRND	COME2019	0
SWAPSIGN	COME2019	0
IMPACT	COME2019	0
MAX2	COME2019	0
XOMMON	COME2019	0
SUBNUM	COME2019	0
PSCD	AFQL2019	0
THEROBOT	OZTA2019	0
BOHRARC	OZTA2019	0
ROBOPAIR	OZTA2019	0
KUTTYPAS	OZTA2019	0
FINWAR	OZTA2019	0
DIS	LTIME68B	0
WNDR	LTIME68B	0
WTCH	LTIME68B	0
BSTN	LTIME68B	0
RKS	LTIME68B	0
MMC	LTIME68B	0
NITR10	COD2017	0
BRKTREE	ICOP1803	0
LNGHW	ICOP1803	0
PIZPAR	ICOP1803	0
KFIB	ICOP1803	0
IEMCO4A	IEMCO4	0
IALG1	INAL2019	0
IALG2	INAL2019	0
IALG3	INAL2019	0
IALG4	INAL2019	0
IALG5	INAL2019	0
IALG6	INAL2019	0
JAPP	ARBH2019	0
COOPSQ	ARBH2019	0
FINDNP	ARBH2019	0
BLNTASGN	ARBH2019	0
ANKSPCL	COSE2019	0
ROBOT02	COSE2019	0
HCNTST	COSE2019	0
BINSTRNG	COSE2019	0
AGNES03	COSE2019	0
ANWCC01	COCS2019	0
ANWCC02	COCS2019	0
ANWCC03	COCS2019	0
ANWCC04	COCS2019	0
ANWCC05	COCS2019	0
ANWCC06	COCS2019	0
ADAFUN	COOK102B	0
ADAPWNS	COOK102B	0
ADAKNG	COOK102B	0
ADAMTR	COOK102B	0
ADASCOOL	COOK102B	0
ADAROKS	COOK102B	0
IEMCO4B	IEMCO4	0
IEMCO4C	IEMCO4	0
IEMCO4D	IEMCO4	0
IEMCO4E	IEMCO4	0
IEMCO4F	IEMCO4	0
BINOMSUM	NOV17	0
TSECJC05	TJCN2019	0
TSECJC02	TJCN2019	0
TSECJC01	TJCN2019	0
TSECJC04	TJCN2019	0
TSECJC03	TJCN2019	0
TSECJC06	TJCN2019	0
ALORA1	ALRA2019	0
ALORA2	ALRA2019	0
ALORA3	ALRA2019	0
ALORA4	ALRA2019	0
ALORA5	ALRA2019	0
ALORA6	ALRA2019	0
ALORA7	ALRA2019	0
SSJG	ICOP1904	0
SHIVIGOD	ICOP1904	0
GRP	ICOP1904	0
JVPHOBIA	ICOP1904	0
TREEDGE	ICOP1904	0
STRGRA	ICOP1904	0
COMB3	COMB2018	0
COMB2	COMB2018	0
COMB6	COMB2018	0
COMB1	COMB2018	0
COMB4	COMB2018	0
COMB7	COMB2018	0
IEMCHEM1	IEMCHEMY	0
IEMCHEM2	IEMCHEMY	0
IEMCHEM3	IEMCHEMY	0
IEMCHEM4	IEMCHEMY	0
IEMCHEM5	IEMCHEMY	0
IEMCHEM6	IEMCHEMY	0
IEMCHEM7	IEMCHEMY	0
IEMCHEM8	IEMCHEMY	0
IEMCHEM9	IEMCHEMY	0
IEMCHM10	IEMCHEMY	0
IEMCHM11	IEMCHEMY	0
IEMCHM12	IEMCHEMY	0
IEMCHM13	IEMCHEMY	0
IEMCHM14	IEMCHEMY	0
IEMCHM15	IEMCHEMY	0
IEMCHM16	IEMCHEMY	0
IEMCHM17	IEMCHEMY	0
IEMCHM18	IEMCHEMY	0
IEMCHM19	IEMCHEMY	0
IEMCHM20	IEMCHEMY	0
IEMCHM21	IEMCHEMY	0
IEMCHM22	IEMCHEMY	0
IEMCHM23	IEMCHEMY	0
IEMCHM24	IEMCHEMY	0
IEMCHM25	IEMCHEMY	0
IEMCHM26	IEMCHEMY	0
IEMCHM27	IEMCHEMY	0
IEMCHM28	IEMCHEMY	0
IEMCHM29	IEMCHEMY	0
IEMCHM30	IEMCHEMY	0
GARGOYLE	PELT2019	0
MISSME	PELT2019	0
ENG5	PELT2019	0
SUMNCR	PELT2019	0
XORNEY	PELT2019	0
SHMIRZ	PELT2019	0
NINENINE	PELT2019	0
SHLOCK	PILT2019	0
BROCODE	PILT2019	0
SPDT	PILT2019	0
IUPC123	PILT2019	0
BANK123	PILT2019	0
MONICA12	PILT2019	0
DIFFSTR	PILT2019	0
ISLNDTFE	PILT2019	0
ZETAJ	PILT2019	0
POOH	PILT2019	0
AE04	CONE2018	0
SA	CONE2018	0
SSM	CONE2018	0
COS	CONE2018	0
DD	CONE2018	0
HP18	JAN19B	0
GRAPART	JAN19B	0
DIFNEIGH	JAN19B	0
SEGPROD	NOV17	0
AGECAL	LTIME67A	0
POLY	NOV17	0
CLRL	NOV17	0
CHEFHPAL	NOV17	0
CSUBQ	NOV17	0
PERPALIN	NOV17	0
LVGFT	NOV17	0
YVNUM	COOK101B	0
SOSTD	COOK101B	0
INTERVCH	COOK101B	0
CAMPON	COOK101B	0
CSUBSQ	COOK101B	0
YVSTR	COOK101B	0
VILTRIBE	NOV17	0
CHEFNIL	NOV17	0
WIZDATE	DCOD2017	0
QWATTK	DCOD2017	0
WCMPRS	DCOD2017	0
WIZCW	DCOD2017	0
MULHANOI	KOL18ROL	0
BEAUKONO	KOL18ROL	0
BUCKETWA	KOL18ROL	0
SNOWMAN	KOL18ROL	0
READCOST	KOL18ROL	0
JOSEPHUS	KOL18ROL	0
ABSDIFFS	KOL18ROL	0
YASPP	KOL18ROL	0
YAEXP	KOL18ROL	0
ALIENCOW	KOL18ROL	0
TILEBAG	KOL18ROL	0
VALIDSTK	KOL18ROL	0
SOPC18A	SOPC2018	0
SPACE	SOPC2018	0
SOPC18C	SOPC2018	0
SOPC18D	SOPC2018	0
SOPC18C3	SOPC2018	0
SOPC18E	SOPC2018	0
GAMOFNUM	GWR18ROL	0
NGONS	GWR18ROL	0
POLYSTR	GWR18ROL	0
EOSUBSEQ	GWR18ROL	0
LIFELTD	GWR18ROL	0
AUTOCARS	GWR18ROL	0
WALKTREE	GWR18ROL	0
SIRUSERI	GWR18ROL	0
CAPTBIRD	GWR18ROL	0
THSTRS	GWR18ROL	0
PREFNUM	GWR18ROL	0
INFDIV	KGP18ROL	0
MAFIASYN	KGP18ROL	0
SQRTRI	KGP18ROL	0
PERIODCN	KGP18ROL	0
PLAYPIAN	KGP18ROL	0
BINGAME	KGP18ROL	0
SORTALGO	KGP18ROL	0
NOMATCH	KGP18ROL	0
SUBSUMX	KGP18ROL	0
VASTLIFE	KGP18ROL	0
POLITRI	KGP18ROL	0
GRAPHAND	KGP18ROL	0
QM13A	KQ132018	0
QM13B	KQ132018	0
SFXPAL	SNCKEL19	0
EBAIT	SNCKEL19	0
GDIST	SNCKEL19	0
RECOVER	SNCKEL19	0
RECTLIT	SNCKEL19	0
IMPO	SNCKEL19	0
ADIMAT	SNCKEL19	0
ADITREE	SNCKEL19	0
XORTABLE	SNCKEL19	0
ADJLEAF2	SNCKEL19	0
DLDAG	DEC18B	0
BHD	DEC18B	0
CBFEAST	DEC18B	0
BICONT	DEC18B	0
EDGEDIR	DEC18B	0
MAXEP	DEC18B	0
COMAS	DEC18B	0
INTXOR	DEC18B	0
CHFINTRO	DEC18B	0
CHFIDEAL	DEC18B	0
WKPLAN	DEC18B	0
STATWIZ	DCOD2017	0
UEMCOSA	UEMC2017	0
UEMCOAB	UEMC2017	0
UEMCOAAT	UEMC2017	0
UEMCO5	UEMC2017	0
UEMCORD	UEMC2017	0
UEMCOSA2	UEMC2017	0
UEMCO7	UEMC2017	0
BUGCAL	LTIME53	0
WEICOM	LTIME53	0
OPTSSET	LTIME53	0
USF	LTIME66B	0
MDN	LTIME66B	0
MXM	LTIME66B	0
PPAP	LTIME66B	0
EVENT	LTIME66B	0
BPS	LTIME66B	0
MAXNUM3	LTIME53	0
PYFALLS	ICOP1802	0
ISTA2002	ICOP1802	0
ISTA2006	ICOP1802	0
ANATREE	ICOP1802	0
ISTA2003	ICOP1802	0
DIGILOCK	ISPC2018	0
CHEFBUS	ISPC2018	0
VEASYQ	ISPC2018	0
CHEFSAL	ISPC2018	0
NMN03	ISPC2018	0
SISSUES	ISPC2018	0
COG1801	COG2018	0
COG1802	COG2018	0
COG1803	COG2018	0
COG1804	COG2018	0
COG1805	COG2018	0
COG1806	COG2018	0
ARMBH1	AARA2018	0
ARMBH2	AARA2018	0
ARMBH4	AARA2018	0
ARMBH5	AARA2018	0
ARMBH3	AARA2018	0
TRUEDARE	COOK100B	0
BEAUTGAR	COOK100B	0
TREEUNAT	COOK100B	0
DATAPIPE	COOK100B	0
ELEPPOND	COOK100B	0
CK87GSUB	COOK87	0
CK87MEDI	COOK87	0
CK87QUER	COOK87	0
CK87DANC	COOK87	0
CK87MEAD	COOK87	0
ANTMAT	MOSCWJ19	0
CUTPIZ	MOSCWJ19	0
SUBLD	MOSCWJ19	0
INVLIS	MOSCWJ19	0
TREEMX	MOSCWJ19	0
DRGRAC	MOSCWJ19	0
UCS01	UCS2018	0
UCS02	UCS2018	0
UCS03	UCS2018	0
UCS04	UCS2018	0
UCS05	UCS2018	0
UCS06	UCS2018	0
USERV01D	ICOP1903	0
SPLTARR	ICOP1903	0
JOKRBOMB	ICOP1903	0
GOTBOOK1	ICOP1903	0
IEMCO6A	IEMCO6	0
IEMCO6B	IEMCO6	0
IEMCO6C	IEMCO6	0
IEMCO6D	IEMCO6	0
IEMCO6E	IEMCO6	0
IEMCO6F	IEMCO6	0
QM12A	KM122018	0
QM12B	KM122018	0
CODX06	CDX2018	0
CODX07	CDX2018	0
CODX02	CDX2018	0
CODX05	CDX2018	0
CODX04	CDX2018	0
CODX01	CDX2018	0
CODX08	CDX2018	0
CODX03	CDX2018	0
CODX09	CDX2018	0
IEMATIC2	IEMATICS	0
IEMATIC3	IEMATICS	0
IEMATIC4	IEMATICS	0
IEMATIC5	IEMATICS	0
IEMATIC6	IEMATICS	0
IEMATIC7	IEMATICS	0
IEMATIC8	IEMATICS	0
IEMATIC9	IEMATICS	0
PAINTREE	SNCKPE19	0
HPIRATES	SNCKPE19	0
STRTF	SNCKPE19	0
BUDDYNIM	SNCKPE19	0
SPECTAC	SNCKPE19	0
ANGLE	SNCKPE19	0
INVENTRY	SNCKPE19	0
CHQUEENS	SNCKPE19	0
GEHA1802	GEHA2018	0
GEHA1803	GEHA2018	0
GEHA1804	GEHA2018	0
GEHA1805	GEHA2018	0
GEHA1806	GEHA2018	0
GEHA1807	GEHA2018	0
GEHA1801	GEHA2018	0
CHEFEQUA	NOV18B	0
MAXDTREE	NOV18B	0
GMEDIAN	NOV18B	0
HMAPPY1	NOV18B	0
RECIPES	NOV18B	0
PRDRG	NOV18B	0
PRITREE	NOV18B	0
BINSTR	NOV18B	0
MAGICHF2	NOV18B	0
CHFTIRED	NOV18B	0
CHHAPPY	NOV18B	0
CDP01	CODP2017	0
CDP02	CODP2017	0
CDP03	CODP2017	0
CDP04	CODP2017	0
CDP05	CODP2017	0
NPL1701A	NPLQ2017	0
NPL1701B	NPLQ2017	0
NPL1701C	NPLQ2017	0
NPL1701D	NPLQ2017	0
NPL1701E	NPLQ2017	0
NPL1701F	NPLQ2017	0
LNOC	CYOC2018	0
STKMZE	CYOC2018	0
KRNARJN	CYOC2018	0
CYPOCT01	CYOC2018	0
MAXPRODU	SNCK1B19	0
CHEFKO	SNCK1B19	0
SNCKYEAR	SNCK1B19	0
QUEUE2	SNCK1B19	0
CHFAR	SNCK1B19	0
TREEWLK2	LTIME65B	0
WEIRD2	LTIME65B	0
THREEFR	LTIME65B	0
CLORGIRD	LTIME65B	0
ROBAGAIN	LTIME65B	0
NICARRAY	LTIME65B	0
ATMOQ1	ACJQ2017	0
ATMOQ6	ACJQ2017	0
ATM0Q3	ACJQ2017	0
ATM0Q8	ACJQ2017	0
ATMOQ7	ACJQ2017	0
TIDUAFT	ICOP1801	0
KCHESS	ENCO2018	0
PNTWLL	ENCO2018	0
SLAEL	ENCO2018	0
OLDFAR	ENCO2018	0
CTOUR	ENCO2018	0
BINIM2	COOK99B	0
PWRTREE	COOK99B	0
ADASTAIR	COOK99B	0
PUMPWAT	COOK99B	0
ADAFARM	COOK99B	0
ADASHOP	COOK99B	0
TIDURAT	ICOP1801	0
ISTA2001	ICOP1801	0
RAJAPR0	ICOP1801	0
EASY001	CCCO2017	0
EASY002	CCCO2017	0
MED004	CCCO2017	0
INF1801	INTY2018	0
INF1802	INTY2018	0
INF1803	INTY2018	0
INF1804	INTY2018	0
INF1805	INTY2018	0
AVGMAT	SNCK1A19	0
TYPING	SNCK1A19	0
CHEFADD	SNCK1A19	0
ARRGRAPH	SNCK1A19	0
CARDMGK	SNCK1A19	0
PERIODIC	SNCK1A19	0
CAKEWALK	DODE2018	0
GOD	DODE2018	0
CUPGAME	DODE2018	0
BORED	DODE2018	0
NEWS	DODE2018	0
VKURI	CCLC2018	0
CHESGAME	CCLC2018	0
RRAHSEM	CCLC2018	0
DIVFOUR	CCLC2018	0
TOUGHEST	CCLC2018	0
STRSRCH	CCLC2018	0
SPREAD2	SNCKQL19	0
TEAMMATE	SNCKQL19	0
QUALPREL	SNCKQL19	0
QABC	SNCKQL19	0
CHEFPRMS	SNCKQL19	0
KODE03	KOKO2018	0
KODE01	KOKO2018	0
KODE02	KOKO2018	0
KODE04	KOKO2018	0
UEMKRD	UEM2018	0
UEMSA	UEM2018	0
UEMRDPG	UEM2018	0
UEMCO2	UEM2018	0
UEMKPG	UEM2018	0
LUCAS1	COCE2018	0
QUERARR	COCE2018	0
LTRDL	COCE2018	0
ORQUERR	COCE2018	0
JAMOORA	COCE2018	0
CHFINT	ENOC2018	0
CHFBINS	ENOC2018	0
AOA	ENOC2018	0
CHESS1	ENOC2018	0
DCODE	ENOC2018	0
GRIDGM	ENOC2018	0
CHFGM	ENOC2018	0
OPN21	MITC2018	0
SCOAS	MITC2018	0
FLRM	MITC2018	0
INT21	MITC2018	0
GA	MITC2018	0
MINDSUM	OCT18B	0
TREEWALK	OCT18B	0
HMAPPY	OCT18B	0
SURCHESS	OCT18B	0
CPCOMP	OCT18B	0
CHSERVE	OCT18B	0
BITOBYT	OCT18B	0
CCIRCLES	OCT18B	0
DISTRING	OCT18B	0
BBRICKS	OCT18B	0
EXP005	CCCO2017	0
EXP006	CCCO2017	0
EXP007	CCCO2017	0
CODG1701	CODG2017	0
CODG1702	CODG2017	0
CODG1703	CODG2017	0
CODG1704	CODG2017	0
CODG1705	CODG2017	0
VOWPAIR	ALQU2018	0
POWTWO	ALQU2018	0
GDP	ALQU2018	0
SUBMAX	ALQU2018	0
MAXTRIP	ALQU2018	0
SUPPRM	ALQU2018	0
MEMOLOG	EXPP2018	0
GREEDYCH	EXPP2018	0
GRAPHB	EXPP2018	0
SUBAND	EXPP2018	0
MINWORK	EXPP2018	0
BAL	KJCS2018	0
BOOK	KJCS2018	0
BOND	KJCS2018	0
SIXSTR	KJCS2018	0
LTR	KJCS2018	0
CYSEP01	CYSE2018	0
DIFSQ	CYSE2018	0
CYSEP03	CYSE2018	0
FTFC	CYSE2018	0
GRAPHLOS	CYSE2018	0
CHEFRES	LTIME64B	0
OPPOSITE	LTIME64B	0
JDELAY	LTIME64B	0
BJUDGE	LTIME64B	0
COINPART	LTIME64B	0
MATCH2	LTIME64B	0
KOK001	KOKO2017	0
KOK010	KOKO2017	0
KOK011	KOKO2017	0
KOK100	KOKO2017	0
Q1_NU	COYH2017	0
Q2_NU	COYH2017	0
OETW	COOK98B	0
UPDOTR	COOK98B	0
DOTIT	COOK98B	0
MAKPERM	COOK98B	0
ATM2	COOK98B	0
GHVSSI	COOK98B	0
Q3_NU	COYH2017	0
CZAP	CZIL2017	0
CZLT17	CZIL2017	0
CZNGP17	CZIL2017	0
CZTT17	CZIL2017	0
CZTC17	CZIL2017	0
CGPRIME	CGSC2018	0
CGMAXOR	CGSC2018	0
CGCODE	CGSC2018	0
CGAAST	CGSC2018	0
CGSURYA	CGSC2018	0
CGHORSE	CGSC2018	0
NPLQ18A	NPLQ2018	0
NPLQ18C	NPLQ2018	0
NPLQ18F	NPLQ2018	0
NPLQ18B	NPLQ2018	0
NPLQ18D	NPLQ2018	0
NPLQ18G	NPLQ2018	0
NPLQ18E	NPLQ2018	0
TMRWLD	ELE32018	0
CRLSTR	ELE32018	0
CHFUCHOC	ELE32018	0
CHFIPUBG	ELE32018	0
CHFPRMDM	ELE32018	0
JACKJILL	ELE32018	0
BDMS	COW2018	0
TRO	COW2018	0
TA	COW2018	0
DSI	COW2018	0
BP	COW2018	0
KLV	COW2018	0
CRCKT	INCC2018	0
INVENTO	INCC2018	0
PRISTG	INCC2018	0
TWOARY	INCC2018	0
MXPROD	CCWC2018	0
DINI	CCWC2018	0
BONAPP	CCWC2018	0
ONEQUE	CCWC2018	0
QUES	CCWC2018	0
WFORT	CCWC2018	0
BSTOP	CCWC2018	0
ARGTS	ENSE2018	0
CHFDT	ENSE2018	0
CHFWV	ENSE2018	0
CTKL	ENSE2018	0
BINMT	ENSE2018	0
PROFBL	ENSE2018	0
ARGTS2	ENSE2018	0
MNZEQ	ENSE2018	0
CHFBD	ENSE2018	0
EVENODD1	GOV32018	0
EVENODD2	GOV32018	0
GO3	GOV32018	0
GO5	GOV32018	0
GGLMAGIC	GOV32018	0
GGLSTRNG	GOV32018	0
PHOTOCOM	SEPT18B	0
MAGICHF	SEPT18B	0
CHEFLST	SEPT18B	0
XORIER	SEPT18B	0
CHEFZERO	SEPT18B	0
FCTR	SEPT18B	0
TABGAME	SEPT18B	0
CHEFADV	SEPT18B	0
BSHUFFLE	SEPT18B	0
ANDSQR	SEPT18B	0
STCFOTT	SEPT18B	0
CZFS17	CZIL2017	0
CZMG17	CZIL2017	0
CDSI6	COIS2017	0
CDSI7	COIS2017	0
CIS7	COIS2017	0
CDSI8	COIS2017	0
CIS4	COIS2017	0
CDSI17	COIS2017	0
RUN	SICJ2017	0
FRIEND	SICJ2017	0
HOUSE	SICJ2017	0
IMGOD	INQU2018	0
SQMANIA	INQU2018	0
TRIANLUV	INQU2018	0
SACGAME	INQU2018	0
GOPALMAT	INQU2018	0
KATEKAR	INQU2018	0
ANOMALY	INQU2018	0
CHFRST	BIBA2018	0
SQCB	BIBA2018	0
GCTNM	BIBA2018	0
RECTSQR	BIBA2018	0
BUGF18A	BUGF2018	0
BUGF18B	BUGF2018	0
BUGF18C	BUGF2018	0
BUGF18D	BUGF2018	0
BUGF18E	BUGF2018	0
CAH01	CAH1801	0
LONVIJJU	ICOP1902	0
VIJJUPAR	ICOP1902	0
TARITAR	ICOP1902	0
TIMPLEM	ICOP1902	0
LRPRINT	CYAU2018	0
SUITUP	CYAU2018	0
DEANSAM	CYAU2018	0
GOLDEW	CYAU2018	0
SUSACT	CYAU2018	0
SPOOL	LTIME63B	0
EID	LTIME63B	0
PROBSET	LTIME63B	0
XTGR	LTIME63B	0
JAGAM	LTIME63B	0
GHMC	LTIME63B	0
CODE	SICJ2017	0
COUPLE	SICJ2017	0
XORTREEH	OCT17	0
MEX	OCT17	0
CHEFCOUN	OCT17	0
MARRAYS	OCT17	0
BUG2K18A	BUGE2018	0
BUG2K18B	BUGE2018	0
BUG2K18C	BUGE2018	0
BUG2K18D	BUGE2018	0
BUG2K18E	BUGE2018	0
FUNKNOW	ISTS2018	0
CHOCPAIR	ISTS2018	0
DECODE	ISTS2018	0
TOURNEY	ISTS2018	0
DIGITSUM	ISTS2018	0
POWOFPOW	ISTS2018	0
MIXGA	COOK97B	0
HACKFU	COOK97B	0
GUZAC	COOK97B	0
NQNF	COOK97B	0
STTT	COOK97B	0
BFTT	COOK97B	0
CHEFCCYL	OCT17	0
CHEFGP	OCT17	0
LKYEDGE	OCT17	0
PERFCONT	OCT17	0
POINTCN	OCT17	0
SHTARR	OCT17	0
PROC18A	PROC2018	0
PROC18B	PROC2018	0
PROC18C	PROC2018	0
PROC18D	PROC2018	0
PROC18E	PROC2018	0
PROC18F	PROC2018	0
CEW1	COWC2018	0
CEW2	COWC2018	0
CEW3	COWC2018	0
CEW4	COWC2018	0
CEW5	COWC2018	0
CEW6	COWC2018	0
BYTFST	COAT2018	0
PHTSHT	COAT2018	0
TRNJRN	COAT2018	0
SWORDFIG	COAT2018	0
ACEBIT	CNES2017	0
SPCLPN	COAT2018	0
GAMEPR	COAT2018	0
MYSTWEEK	COAT2018	0
QM10P5A	KQM52018	0
QM10P5B	KQM52018	0
PCJ18A	PCJ2018	0
PCJ18B	PCJ2018	0
PCJ18C	PCJ2018	0
PCJ18D	PCJ2018	0
PCJ18E	PCJ2018	0
PCJ18G	PCJ2018	0
PCJ18F	PCJ2018	0
GRDPRTY	ENAU2018	0
PLYNUM	ENAU2018	0
CHFJB	ENAU2018	0
KNGPRB	ENAU2018	0
MISKEY	ENAU2018	0
BRNDG	ENAU2018	0
CHFSQN	ENAU2018	0
ARRPROB	ENAU2018	0
ACTNBM	ENAU2018	0
CF1926	CF22018	0
CF1922	CF22018	0
CF1924	CF22018	0
CF1921	CF22018	0
CF1920	CF22018	0
CF1923	CF22018	0
CCG	COHR2018	0
CAMT	COHR2018	0
CAI0	COHR2018	0
MCHN	COHR2018	0
ALGO	COHR2018	0
CLCTN	COHR2018	0
PESTS	COHR2018	0
MMRY	COHR2018	0
DARY	COHR2018	0
PRINDRAG	AUG18B	0
MYST	AUG18B	0
LONCYC	AUG18B	0
RIVER	AUG18B	0
KCOMPRES	AUG18B	0
SAFPAR	AUG18B	0
SHKNUM	AUG18B	0
SPELLBOB	AUG18B	0
PROBLEMS	AUG18B	0
INMAT	AUG18B	0
GCDMOD	AUG18B	0
ACEORG	CNES2017	0
ACENEW	CNES2017	0
ACEWAR	CNES2017	0
ACEDSS	CNES2017	0
ACESQN	CNES2017	0
KJCS17A	KJCS17	0
KJCS17C	KJCS17	0
KJCS17D	KJCS17	0
KJCS17E	KJCS17	0
KJCS17F	KJCS17	0
C00K0FF	LTIME52	0
LGOODSUB	SGHC2018	0
MATRCOMB	SGHC2018	0
MAXPARTI	SGHC2018	0
SPLST	LTIME62B	0
FRCPRT	LTIME62B	0
GCDSUM	LTIME62B	0
MKSTR	LTIME62B	0
MEXRNG	LTIME62B	0
PRMDIV	LTIME62B	0
CHEFDICE	LTIME52	0
CHEFPCHF	LTIME52	0
CHEFTRAF	LTIME52	0
CHEFTRAV	LOCSEP17	0
CHEFSTCK	LOCSEP17	0
JMAGNUM	LOCSEP17	0
VKDECOMP	LOCJUL18	0
CMK	LOCJUL18	0
TAJ	LOCJUL18	0
COLCHEF	LOCJUL18	0
CLPOINT	LOCJUL18	0
F2NDMAX	COOK96B	0
ORMATRIX	COOK96B	0
ENCMSG	COOK96B	0
STICKS2	COOK96B	0
CHAQOT	COOK96B	0
CHGCDG	COOK96B	0
ICPCSEL	LOCSEP17	0
COCOPROD	LOCSEP17	0
TAXR	LOCSEP17	0
CGEEK01	COGE2017	0
CGEEK02	COGE2017	0
CGEEK03	COGE2017	0
EXACTWAL	IOITC182	0
COINDENO	IOITC182	0
CHANGNUM	IOITC182	0
DECUNI	ICOP1901	0
MEANARR	ICOP1901	0
ARRCENT	ICOP1901	0
TREEUGH	ICOP1901	0
T21	ISCC2018	0
T22	ISCC2018	0
T23	ISCC2018	0
T24	ISCC2018	0
T25	ISCC2018	0
T26	ISCC2018	0
T28	ISCC2018	0
T30	ISCC2018	0
T27	ISCC2018	0
T29	ISCC2018	0
MGCSET	JULY18B	0
PINS	JULY18B	0
NSA	JULY18B	0
EQUILIBR	JULY18B	0
WARTARAN	JULY18B	0
SUBWAY	JULY18B	0
NMNMX	JULY18B	0
GEARS	JULY18B	0
PDELIV	JULY18B	0
PFRUIT	JULY18B	0
JERRYTOM	JULY18B	0
CGEEK0X	COGE2017	0
CGEEK0Y	COGE2017	0
BAGAPRIM	KICW2017	0
ANUPROD	KICW2017	0
REVCASE	KICW2017	0
LIKECS01	COOK86	0
LIKECS02	COOK86	0
LIKECS03	COOK86	0
LIKECS04	COOK86	0
LIKECS05	COOK86	0
KPRR	COGA2017	0
REPML	COGA2017	0
C002	CIU2018	0
TREESORT	LTIME61B	0
XORSORT2	LTIME61B	0
TBGRAPH	LTIME61B	0
DOCSDEL	LTIME61B	0
NUM239	LTIME61B	0
SUMPOWER	LTIME61B	0
WALKKHL	COGA2017	0
INSQ17P	INQU2017	0
INSQ17E	INQU2017	0
INSQ17X	INQU2017	0
INSQ17Z	INQU2017	0
INSQ17V	INQU2017	0
LOC18JUN	LOCJUN18	0
CHEFCUP	LOCJUN18	0
KATANA	LOCJUN18	0
RANDB	LOCJUN18	0
NOOB	LOCJUN18	0
CYCLECOL	IOITC181	0
KPERFMAT	IOITC181	0
CIRCINTE	IOITC181	0
SONYASEG	COOK95A	0
DANYANUM	COOK95A	0
MINIONS	COOK95A	0
BTMNTREE	COOK95A	0
NUMCOMP	COOK95A	0
GOODPERM	COOK95A	0
INSQ17R	INQU2017	0
INSQ17W	INQU2017	0
BUG2K17A	BUGE2017	0
QM10A	KQ102018	0
QM10B	KQ102018	0
FRIEZA	QUCO2018	0
GOHAN	QUCO2018	0
KRILLIN	QUCO2018	0
VEGETA	QUCO2018	0
BEERUS	QUCO2018	0
PLUSEQ	JUNE18A	0
ARCTR	JUNE18A	0
BIBOARD	JUNE18A	0
NAICHEF	JUNE18A	0
BINSHFFL	JUNE18A	0
SHKSTR	JUNE18A	0
WAREHOUS	JUNE18A	0
VSN	JUNE18A	0
WRKWAYS	JUNE18A	0
BUILDIT	JUNE18A	0
TWOFL	JUNE18A	0
BUG2K17C	BUGE2017	0
BUG2K17B	BUGE2017	0
BUG2K17D	BUGE2017	0
BSTFUNC	CLCW2017	0
SPDF	CLCW2017	0
MXAVG	CLCW2017	0
RNGOR	CLCW2017	0
GOTLOL	CLCW2017	0
MARO	CLCW2017	0
SUMCUBE	SEPT17	0
WEASELTX	SEPT17	0
ELECTION	LOCMAY18	0
DSERIES	LOCMAY18	0
PRIMECLO	LOCMAY18	0
PERMSUM	LOCMAY18	0
REMAIN	LOCMAY18	0
SBSTR	LTIME60A	0
SHIFTPAL	LTIME60A	0
WEAKMID	LTIME60A	0
PLUS	LTIME60A	0
TSUM2	LTIME60A	0
TRACE	LTIME60A	0
MINPERM	SEPT17	0
CHEFPDIG	SEPT17	0
CHEFSUM	SEPT17	0
FILLMTR	SEPT17	0
QGRID	SEPT17	0
WEASELSC	SEPT17	0
CHEFLAKE	COOK94A	0
KMXOR	COOK94A	0
CHEFLMN	COOK94A	0
CHEFTRVL	COOK94A	0
CHEFRUN	COOK94A	0
CHEFPIC	COOK94A	0
SEACO	SEPT17	0
SEAFUNC	SEPT17	0
MATDYS	LTIME51	0
MATPAN	LTIME51	0
MATTEG	LTIME51	0
MATCUT	LTIME51	0
RUBBER	MAY18A	0
EDGEST	MAY18A	0
SERSUM	MAY18A	0
RD19	MAY18A	0
XORAGN	MAY18A	0
MTYFRI	MAY18A	0
NONCONVX	MAY18A	0
CHSIGN	MAY18A	0
STMINCUT	MAY18A	0
FAKEBS	MAY18A	0
DBFB	MAY18A	0
KMAX	LOCAUG17	0
GTREE	LOCAUG17	0
ALTSUB	LOCAUG17	0
ALATE	LOCAUG17	0
PRINCESS	LOCAUG17	0
ELEVSTRS	COOK85	0
GAMSTICK	COOK85	0
MTRXMOD	COOK85	0
OBTTRNGL	COOK85	0
TRCNTCT	COOK85	0
MGS	TETO2017	0
COX01	COX2018	0
COX02	COX2018	0
COX03	COX2018	0
COX04	COX2018	0
COX05	COX2018	0
TWOVSTEN	LTIME59A	0
GCDDIV	LTIME59A	0
TREE3	LTIME59A	0
NPORP	LTIME59A	0
FFT	LTIME59A	0
DARTSEGM	LTIME59A	0
THSF	TETO2017	0
GRTGM	TETO2017	0
NG	TETO2017	0
CHEFMOVR	AUG17	0
CHEFFA	AUG17	0
RAINBOWA	AUG17	0
OJUMPS	MAY14	0
CHEFBM	MAY14	0
SEAGM	MAY14	0
COMPILER	MAY14	0
ANUDTQ	MAY14	0
SEINC	MAY14	0
ANUMFS	MAY14	0
LEBALONS	MAY14	0
FUNAGP	MAY14	0
RRSTONE	MAY14	0
PERFNEC	LOCAPR18	0
TRGR	LOCAPR18	0
CRICSCR	LOCAPR18	0
DOBDELIV	LOCAPR18	0
PALLIND	LOCAPR18	0
MARRIAGE	BCRR2018	0
ATDSHT	BCRR2018	0
LUVNUM	BCRR2018	0
HLPCRUSH	BCRR2018	0
TOINF	BCRR2018	0
VYREVY	BCRR2018	0
HACKRMAN	BCRR2018	0
PWNCHESS	COOK93A	0
HAMEL	COOK93A	0
CHEFGORO	COOK93A	0
BINIM	COOK93A	0
RUNDIR	COOK93A	0
CUTBOARD	COOK93A	0
GCAC	AUG17	0
PALINGAM	AUG17	0
STRINGRA	AUG17	0
WALKBT	AUG17	0
HILLJUMP	AUG17	0
MATDW	AUG17	0
IEMCO5A	IEMCO5	0
IEMCO5B	IEMCO5	0
IEMCO5C	IEMCO5	0
IEMCO5D	IEMCO5	0
IEMCO5E	IEMCO5	0
IEMCO5F	IEMCO5	0
ADP	CORP2018	0
TEX	CORP2018	0
IOC	CORP2018	0
ENP	CORP2018	0
GOODS	CORP2018	0
CODEX001	CXII2018	0
CODEX003	CXII2018	0
CODEX000	CXII2018	0
OCM	CMA22018	0
GANGS	CMA22018	0
ENGINEER	CMA22018	0
EGJAM	CMA22018	0
CHOCOSTK	CMA22018	0
CLUSCL	COLE2018	0
CLKLZM	COLE2018	0
CLERVT	COLE2018	0
CLTNGL	COLE2018	0
CLFIBD	COLE2018	0
CLSUMG	COLE2018	0
AVNRTRI	AVEN2018	0
AVNRLIN	AVEN2018	0
AVN18ENC	AVEN2018	0
AVNRSER	AVEN2018	0
AVN18FNL	AVEN2018	0
AVN18CMP	AVEN2018	0
SND18TPP	DAVC2018	0
SANDTIC	DAVC2018	0
SANDARY	DAVC2018	0
SAND7	DAVC2018	0
SANDSHOP	DAVC2018	0
EXODIA	DEME2018	0
DELICEIL	DEME2018	0
CREP	DEME2018	0
SANTA2	DEME2018	0
BINDIF	DEME2018	0
GRPLS	DEME2018	0
ENC2020A	ENCO2020	0
ENC2020B	ENCO2020	0
ENC2020D	ENCO2020	0
ENC2020E	ENCO2020	0
ENC2020F	ENCO2020	0
HLPSAM	BLAS2020	0
MKTRNG	BLAS2020	0
TM	BLAS2020	0
MIMAX	BLAS2020	0
WCPL	BLAS2020	0
PATTE1	CHLG2020	0
MINI2	CHLG2020	0
KIDEE1	CHLG2020	0
CCFUND	CHLG2020	0
MATH88	CHLG2020	0
NBC001	NOOB2020	0
FLOWERPO	AUG17	0
NBC003	NOOB2020	0
NBC002	NOOB2020	0
NBC004	NOOB2020	0
NBC006	NOOB2020	0
NBC005	NOOB2020	0
STMX17	CFW32020	0
OMGO	CFW32020	0
COV3DEAL	CFW32020	0
GKLDPRCT	CFW32020	0
AYUSCRT	CFW32020	0
GSARRY	CFW32020	0
WC01	WNTR2020	0
WC02	WNTR2020	0
WC03	WNTR2020	0
WC04	WNTR2020	0
WC05	WNTR2020	0
WC06	WNTR2020	0
WC07	WNTR2020	0
WC08	WNTR2020	0
ORFA	SCC42020	0
SSEC0029	SCC42020	0
SSEC0018	SCC42020	0
SSEC0025	SCC42020	0
ADADISH	NOV20B	0
FEMA2	NOV20B	0
CNDYGAME	NOV20B	0
RESTORE	NOV20B	0
UNSQUERS	NOV20B	0
RB2CNF	NOV20B	0
CHEFSSM	NOV20B	0
SCALSUM	NOV20B	0
SELEDGE	NOV20B	0
PANIC	NOV20B	0
CONGRID	NOV20B	0
JONSNOW	PROJ2017	0
CURREQ	PROJ2017	0
IMPPAL	PROJ2017	0
TRAVLMIN	PROJ2017	0
WEIRD	PROJ2017	0
NODEJP	PROJ2017	0
FNDJOB	PROJ2017	0
LOSTMAX	LTIME50	0
MAXOR	LTIME50	0
TRAVELAL	LTIME50	0
DIVSET	LTIME50	0
EOOPR	INFY20A	0
SOLDVAL	INFY20A	0
RRUN	INFY20A	0
GMSTN	INFY20A	0
KTREE	INFY20A	0
KGCD	INFY20A	0
SNACKUP	COOK83	0
ADADET	COOK83	0
ADACRA	COOK83	0
PREFIXOR	SNEL17RP	0
WIQ	SNEL17RP	0
FOURPTS	SNEL17RP	0
ECPC10E	ECPG2020	0
ECPC10F	ECPG2020	0
ECPC10G	ECPG2020	0
ECPC10A	ECPG2020	0
ECPC10B	ECPG2020	0
ECPC10C	ECPG2020	0
ECPC10D	ECPG2020	0
ANDOR	LTIME89B	0
SUBMEXS	LTIME89B	0
GSUB	LTIME89B	0
COPAR	LTIME89B	0
SSO	LTIME89B	0
CDSUMS	LTIME89B	0
EFLIP	LTIME89B	0
ANCESTOR	SNEL17RP	0
CHEFPRAD	SNEL17RP	0
GQUERY	SNEL17RP	0
MEXDIV	SNEL17RP	0
PLUSMUL	SNEL17RP	0
ROBOTDAG	SNEL17RP	0
BLACKCOM	SNEL17RP	0
STONKSA	KZEN2020	0
STONKSB	KZEN2020	0
STONKSE	KZEN2020	0
STONKSC	KZEN2020	0
STONKSD	KZEN2020	0
RC_Q1	RVRS2020	0
RC_Q2	RVRS2020	0
RC_Q3	RVRS2020	0
RC_Q4	RVRS2020	0
RC_Q5	RVRS2020	0
RC_Q6	RVRS2020	0
RC_Q7	RVRS2020	0
RC_Q8	RVRS2020	0
RC_Q9	RVRS2020	0
RC_Q10	RVRS2020	0
RC_Q11	RVRS2020	0
RC_Q12	RVRS2020	0
RC_Q13	RVRS2020	0
RC_Q14	RVRS2020	0
RC_Q15	RVRS2020	0
RC_Q16	RVRS2020	0
RC_Q17	RVRS2020	0
RC_Q18	RVRS2020	0
RC_Q19	RVRS2020	0
APOC2_01	APO12020	0
APOC2_02	APO12020	0
APOC2_03	APO12020	0
APOC2_04	APO12020	0
APOC2_05	APO12020	0
CGMN1	CGRL2020	0
CGPP2	CGRL2020	0
CGTR03	CGRL2020	0
CGPPR04	CGRL2020	0
CGAU05	CGRL2020	0
SPLITIT	COOK123B	0
DECREM	COOK123B	0
PATHSUMS	COOK123B	0
DIANE	COOK123B	0
INVERACT	COOK123B	0
XOXO	COOK123B	0
MORPH21	COOK123B	0
PERFSQRS	COOK123B	0
SPCLN	SNCKEL17	0
OCTAVE	CSPR2020	0
RRACE	CSPR2020	0
KCUBE	CSPR2020	0
SHER	CSPR2020	0
ICE	CSPR2020	0
INQU2000	INSO2020	0
INQU2001	INSO2020	0
INQU2002	INSO2020	0
INQU2003	INSO2020	0
INQU2004	INSO2020	0
INQU2005	INSO2020	0
INQU2006	INSO2020	0
INQU2007	INSO2020	0
COFOCTP1	COF2020	0
COFOCTP2	COF2020	0
CHFMNT	STR2020	0
PERRY	STR2020	0
INVASION	STR2020	0
FORFS	STR2020	0
TRP	STR2020	0
DOGGO	STR2020	0
QUEFNX	STR2020	0
WEIRDTOP	STR2020	0
MATMIN1	LOGI2020	0
CHEFG999	LOGI2020	0
FIZZA	LOGI2020	0
FROD	LOGI2020	0
SEIGE	LOGI2020	0
AVGMED	LOGI2020	0
MPOW	LOGI2020	0
HNH01	NEWB2020	0
PREGLO	NEWB2020	0
CNFCT	NEWB2020	0
BUYCD	NEWB2020	0
LXORR	NEWB2020	0
FGHTXT	NEWB2020	0
ACODEX2	COX22020	0
CCODEX2	COX22020	0
DCODEX2	COX22020	0
HCODEX2	COX22020	0
ICODEX2	COX22020	0
JCODEX2	COX22020	0
TAWY001	TAWY2020	0
TAWY002	TAWY2020	0
TAWY003	TAWY2020	0
TAWY004	TAWY2020	0
GURUJI	TEWE2020	0
BINOD	TEWE2020	0
THEFIN	TEWE2020	0
FIXTHE	TEWE2020	0
COVIDCR	TEWE2020	0
ARYANCO	TEWE2020	0
DBAS	TEWE2020	0
DC10001	DECI2020	0
DC10002	DECI2020	0
DC10003	DECI2020	0
DC10004	DECI2020	0
DC10005	DECI2020	0
DC10006	DECI2020	0
CHEFEZQ	OCT20B	0
CVDRUN	OCT20B	0
REPLESX	OCT20B	0
POSAND	OCT20B	0
VILLNET	OCT20B	0
RANDKNAP	OCT20B	0
DDIMMST	OCT20B	0
SEGCOMPR	OCT20B	0
ADDSQURE	OCT20B	0
INVSMOD2	OCT20B	0
ROOTMST	OCT20B	0
TSECJ105	TSCO2017	0
TSECJ104	TSCO2017	0
TSECJ101	TSCO2017	0
TSECJ102	TSCO2017	0
TSECJ106	TSCO2017	0
TSECJ103	TSCO2017	0
CAVECOIN	LOCJUL17	0
BOSSLOSS	LOCJUL17	0
AMITNITI	LOCJUL17	0
SCHAR	LOCJUL17	0
MAAFIA	LOCJUL17	0
SIPM	CZEN2020	0
ZRACE	CZEN2020	0
RGSPY	CZEN2020	0
ALCHH	CZEN2020	0
NHSPN	CZEN2020	0
AVVST	CZEN2020	0
CODSTAN4	CFUN2020	0
CODSTAN1	CFUN2020	0
CODSTAN2	CFUN2020	0
CODSTAN6	CFUN2020	0
CODSTAN7	CFUN2020	0
CCH1	GACE2020	0
CCH2	GACE2020	0
CCH3	GACE2020	0
CHNGFUNC	COOK84	0
CHNGOR	COOK84	0
CHNGSEQ	COOK84	0
CHNGSUM	COOK84	0
BIPARTRE	COOK84	0
PATROL	ISCC2017	0
TRAVERSE	ISCC2017	0
CEXE01	COME2018	0
CEXE02	COME2018	0
CEXE03	COME2018	0
CEXE04	COME2018	0
CEXE05	COME2018	0
CEXE06	COME2018	0
CEXE07	COME2018	0
CEXE08	COME2018	0
CHFCHL	KJSC2018	0
CALPRB	KJSC2018	0
CHSEC	KJSC2018	0
FINDFRM	KJSC2018	0
ZOMB	KJSC2018	0
APR105	COLF2018	0
APR102	COLF2018	0
APR101	COLF2018	0
APR103	COLF2018	0
APR104	COLF2018	0
APR106	COLF2018	0
NN02	NOON2018	0
NN03	NOON2018	0
NN04	NOON2018	0
NN005	NOON2018	0
NN01	NOON2018	0
FLC	JOBE2018	0
GBP	JOBE2018	0
RVS	JOBE2018	0
FRW	JOBE2018	0
ESS	JOBE2018	0
TECHNO1	COIE2018	0
TECHNO2	COIE2018	0
TECHNO4	COIE2018	0
TECHNO3	COIE2018	0
TECHNO06	COIE2018	0
TECHNO07	COIE2018	0
TECNO8	COIE2018	0
TECHNO08	COIE2018	0
EDGBASE	CODO2018	0
SMST	CODO2018	0
AXXOR	CODO2018	0
EVON	CODO2018	0
EDGEXP	CODO2018	0
COUT18A	CODO2018	0
MCOIN	CODO2018	0
CHEFPAR	APRIL18B	0
VAIMIN	APRIL18B	0
GOODPREF	APRIL18B	0
CUTPLANT	APRIL18B	0
HIGHWAYC	APRIL18B	0
WGHTNUM	APRIL18B	0
AVGPR	APRIL18B	0
CHEFWORK	APRIL18B	0
CHEFAT	APRIL18B	0
JADUGAR	APRIL18B	0
SSPLD	APRIL18B	0
JADUGAR2	APRIL18B	0
HISTOSIM	ISCC2017	0
AHHOUSE	ISCC2017	0
SEQUA	ISCC2017	0
NODDC	ISCC2017	0
RUINEDF	ISCC2017	0
MULDIG	JULY17	0
PSHTTR	JULY17	0
CHEFSIGN	JULY17	0
NITIKA	JULY17	0
EXPTREE	JULY17	0
CALC	JULY17	0
IPCTRAIN	JULY17	0
ENIG10	CMEL2018	0
YFG	CMEL2018	0
XDS	CMEL2018	0
CRISIS	CMEL2018	0
CNTL	CMEL2018	0
SEGSM	CMEL2018	0
LCSTSUB	CMEL2018	0
SINS	CMEL2018	0
CMPVIRS	CMEL2018	0
CNDLOVE	CMEL2018	0
GQR	LTIME58A	0
TRS	LTIME58A	0
ARRP	LTIME58A	0
AFK	LTIME58A	0
FRK	LTIME58A	0
ZOZ	LTIME58A	0
TWOCOINS	JULY17	0
APRPS	JULY17	0
SRVRS	JULY17	0
ANDGRAPH	SNFL17MR	0
MATRIXUM	SNFL17MR	0
MINIMAX	SNFL17MR	0
TIME14	FOOY2018	0
FOOLU18	FOOY2018	0
EXCL18	FOOY2018	0
HAND01	FOOY2018	0
HARD101	FOOY2018	0
QM9A	KQM92018	0
QM9B	KQM92018	0
MSTC01	MMFO2018	0
MSTC02	MMFO2018	0
MSTC04	MMFO2018	0
IT003	CEM2018	0
IT001	CEM2018	0
IT002	CEM2018	0
GSMAR18A	GSMAR18	0
GSMAR18B	GSMAR18	0
GSMAR18C	GSMAR18	0
SPSUM	INSO2018	0
STSWAP	INSO2018	0
CONSEL	INSO2018	0
HIGHINT	INSO2018	0
CBS	INSO2018	0
CNTNODE	INSO2018	0
STRAIGHT	INSO2018	0
GOFG	INSO2018	0
EZDP	INSO2018	0
FUNFUN	INSO2018	0
CO92MATR	COOK92A	0
CO92TREE	COOK92A	0
CO92REST	COOK92A	0
CO92SUBW	COOK92A	0
MXPATH	COOK92A	0
CO92JUDG	COOK92A	0
REFUELS	SNFL17MR	0
MINDEG	SNFL17MR	0
HULLSUM	SNFL17MR	0
WEAPONS	SNFL17MR	0
UNIVERSE	SNFL17MR	0
BCYCLES	SNFL17MR	0
XDXD	PRWR2018	0
RATM	PRWR2018	0
VKNCR	PRWR2018	0
SQCUBE	PRWR2018	0
KTREES	PRWR2018	0
AMPRO	CONI2018	0
SMSAN	CONI2018	0
FRNTR	CONI2018	0
CBLCRS	CONI2018	0
CRDGM	CONI2018	0
HARRYCOS	ALKH2018	0
HARRYDH1	ALKH2018	0
HARRYWND	ALKH2018	0
HARRYHBP	ALKH2018	0
HELPVOLD	ALKH2018	0
HEDWIG	ALKH2018	0
ROOMOFRM	ALKH2018	0
HARRYGOF	ALKH2018	0
HARRYPSS	ALKH2018	0
HARRYDH2	ALKH2018	0
SIMPLPRO	CODN2018	0
SMSQR	CODN2018	0
SPRTJRSY	CODN2018	0
EVNDIL	CODN2018	0
MODPR	CODN2018	0
FLGAME	CODN2018	0
GDSTRNG	CODN2018	0
PACMAN	CODN2018	0
BTLGDN	CODN2018	0
ZVAL	CODN2018	0
ADASUM	GOC2018	0
ANUSQU	GOC2018	0
KUNDIG	GOC2018	0
KHCARD	GOC2018	0
ANIRWO	GOC2018	0
YDIV1	COUT2018	0
SUP1	COUT2018	0
ADI	COUT2018	0
STRS	COUT2018	0
SUPRUP	COUT2018	0
SWASI	COUT2018	0
CADD1	COUT2018	0
CADD2	COUT2018	0
SAN1	CAC2018	0
AVSD	CAC2018	0
PID	CAC2018	0
ERD	CAC2018	0
QM8A	KQM82018	0
QM8B	KQM82018	0
TCQF218A	TCQ22018	0
TCQF218B	TCQ22018	0
TCQF218C	TCQ22018	0
TCQF218D	TCQ22018	0
CHEGLOVE	MARCH18A	0
BIGSALE	MARCH18A	0
MINEAT	MARCH18A	0
MINVOTE	MARCH18A	0
MIXCOLOR	MARCH18A	0
XXOR	MARCH18A	0
PSHTRG	MARCH18A	0
GCDCNT	MARCH18A	0
CUTTREE	MARCH18A	0
CHEFKNN	MARCH18A	0
EMBDTREE	MARCH18A	0
MAXIEDGE	SNFL17MR	0
TMS	MOPC2018	0
GNM	MOPC2018	0
LMAD	MOPC2018	0
JS2	MOPC2018	0
DSA	MOPC2018	0
ICL1803	ICL2018	0
ICL1801	ICL2018	0
ICL1802	ICL2018	0
ICL1805	ICL2018	0
ICL1804	ICL2018	0
NCC1801	NCC2018	0
NCC1802	NCC2018	0
NCC1803	NCC2018	0
NCC1804	NCC2018	0
NCC1805	NCC2018	0
NCC1806	NCC2018	0
NCC1807	NCC2018	0
TCENT	BYTC2018	0
SHRE	BYTC2018	0
ALPHAS	BYTC2018	0
MDIM	BYTC2018	0
FEEDBACK	BYTC2018	0
DISTRANG	BYTC2018	0
RECSUM	BYTC2018	0
HOLGAME	BYTC2018	0
BONGSUM	BYTC2018	0
HILLS	LTIME57	0
GAMENUMB	LTIME57	0
BORDER	LTIME57	0
COUPLES	LTIME57	0
GSFEB18B	GSF2018	0
GSFEB18C	GSF2018	0
GSFEB18D	GSF2018	0
C3PRB1	CCU2018	0
C3PRB2	CCU2018	0
C3PBR3	CCU2018	0
FCC01	FSCC2018	0
FCC02	FSCC2018	0
FCC03	FSCC2018	0
FCC04	FSCC2018	0
FCC05	FSCC2018	0
CCOOK	COOK91	0
CTHREE	COOK91	0
CSUBSEQ	COOK91	0
CARRAY	COOK91	0
CTREE	COOK91	0
PM2A	KPM22018	0
PM2B	KPM22018	0
PM2C	KPM22018	0
BIT_NJ	OVEC2018	0
BIT_BS	OVEC2018	0
BIT_NS	OVEC2018	0
BIT_NB	OVEC2018	0
BIT_T7	OVEC2018	0
KRYP1	CODR2018	0
KRYP2	CODR2018	0
KRYP3	CODR2018	0
KRYP4	CODR2018	0
KRYP5	CODR2018	0
KRYP6	CODR2018	0
HOF2	HACF2018	0
HOF3	HACF2018	0
STRLU	HACF2018	0
SS	HACF2018	0
PRA	HACF2018	0
CIR	HACF2018	0
COMAPR04	COM2018	0
COMAPR02	COM2018	0
COMAPR06	COM2018	0
COMAPR01	COM2018	0
COMAPR03	COM2018	0
COMAPR05	COM2018	0
COMAPR07	COM2018	0
BOTTLES	ENCI2018	0
CHEFBAM	ENCI2018	0
PAD19	ENCI2018	0
TOMJE	ENCI2018	0
ENCPH1	ENCI2018	0
BAR3	ENCI2018	0
QM6P5A	KQM6518	0
QM6P5B	KQM6518	0
COCO1	COCO2018	0
COCO2	COCO2018	0
COCO3	COCO2018	0
COCO4	COCO2018	0
COCO5	COCO2018	0
COCO6	COCO2018	0
DL2017A	DEAD2018	0
DL2017B	DEAD2018	0
DL2017C	DEAD2018	0
DL2017D	DEAD2018	0
DL2017E	DEAD2018	0
ADGRAPHS	BLUP2018	0
WTRDIL	BLUP2018	0
FIBPOWER	BLUP2018	0
STRFIB	BLUP2018	0
ADSTRING	BLUP2018	0
COCU2	COCU2018	0
COCU3	COCU2018	0
COCU4	COCU2018	0
COCU5	COCU2018	0
COCU1	COCU2018	0
TCQF181A	TCQ2018	0
TCQF181B	TCQ2018	0
TCQF181D	TCQ2018	0
TCQF181C	TCQ2018	0
AMDRUNK	AMR17ROL	0
AMMAGIC	AMR17ROL	0
AMRACES	AMR17ROL	0
AMBOXES	AMR17ROL	0
AMPUZZLE	AMR17ROL	0
CRYPCUR	AMR17ROL	0
QUADFUNC	AMR17ROL	0
LAUGHMEN	AMR17ROL	0
SIMPPOLY	AMR17ROL	0
CODERLIF	AMR17ROL	0
AMLEX	AMR17ROL	0
DARKO	CBEN2018	0
LEONARD	CBEN2018	0
TYLER	CBEN2018	0
CLANCY	CBEN2018	0
WILLIAM	CBEN2018	0
THC1	CODH2018	0
ATC2	CODH2018	0
AMC3	CODH2018	0
CPC4	CODH2018	0
SCC5	CODH2018	0
PAC6	CODH2018	0
CLANDLBL	FEB18	0
CHEFPTNT	FEB18	0
CHEFCHR	FEB18	0
LUCASTH	FEB18	0
BROCLK	FEB18	0
CARPTUN	FEB18	0
POINPOLY	FEB18	0
CHANOQ	FEB18	0
PERMPAL	FEB18	0
BIAS	FEB18	0
GRAPHLIS	TESS2018	0
JACKJACK	TESS2018	0
INDSUB	TESS2018	0
FOUR	TESS2018	0
L56AVG	LTIME56	0
L56KTH	LTIME56	0
L56GAME	LTIME56	0
L56LABY	LTIME56	0
ZUBREACH	KOL17ROL	0
ZUBRIDER	KOL17ROL	0
ZUBPASSR	KOL17ROL	0
ZUBGOLD	KOL17ROL	0
ZUBHTREE	KOL17ROL	0
ZUBAPCNT	KOL17ROL	0
ZUBSECRT	KOL17ROL	0
ZUBTRCNT	KOL17ROL	0
ZUBPALK	KOL17ROL	0
ZUBSPOIL	KOL17ROL	0
RAWPOWER	KOL17ROL	0
FOOLS18A	FOPR2018	0
FOOLS18B	FOPR2018	0
FOOLS18C	FOPR2018	0
FOOLS18D	FOPR2018	0
FOOLS18E	FOPR2018	0
FOOLS18F	FOPR2018	0
FOOLS18G	FOPR2018	0
FINDA	COOK90	0
MAGA	COOK90	0
MULTHREE	COOK90	0
FARGRAPH	COOK90	0
SURVIVE	COOK90	0
QM6A	KQM62018	0
QM6B	KQM62018	0
GSJANA	GSJAN18	0
GSJANC	GSJAN18	0
GSJANB	GSJAN18	0
VAMSI_NU	CWF2018	0
VAMSI_CR	CWF2018	0
VAMSI_ST	CWF2018	0
VAMSI_GR	CWF2018	0
VAMSI_BT	CWF2018	0
VAMSI_SP	CWF2018	0
TRICHEF	GWR17ROL	0
QTRAGAIN	GWR17ROL	0
OPTCODE	GWR17ROL	0
COUPSYS	GWR17ROL	0
KALADIN	GWR17ROL	0
LIGHTARE	GWR17ROL	0
TALESQUA	GWR17ROL	0
TALETRI	GWR17ROL	0
ZUBWALLT	GWR17ROL	0
ALTTRI	PLCO2018	0
ANGKILL	PLCO2018	0
KILLLAZ	PLCO2018	0
CHEFSPAR	PLCO2018	0
PRMSWP	PLCO2018	0
CHFSPN	PLCO2018	0
CHEFCHOC	PLCO2018	0
EZPRB	PLCO2018	0
CWHIZZ01	CODW2018	0
CWHIZZ05	CODW2018	0
CWHIZZ02	CODW2018	0
CWHIZZ04	CODW2018	0
CSGGV1	CODS2018	0
CSGGV2	CODS2018	0
CSGGV3	CODS2018	0
CSGGV4	CODS2018	0
CSGGV5	CODS2018	0
SCIENCEF	KGP17ROL	0
DISCAREA	KGP17ROL	0
STRLBP	KGP17ROL	0
SADQ	KGP17ROL	0
TAXITURN	KGP17ROL	0
SPAMCLAS	KGP17ROL	0
NONOVSEG	KGP17ROL	0
SPANTREE	KGP17ROL	0
GENPERM	KGP17ROL	0
NUMBGAME	KGP17ROL	0
XORQUERY	KGP17ROL	0
VAMSI_JL	CW2018	0
VAMSI_CY	CW2018	0
COW18_6	CW2018	0
COW18_7	CW2018	0
PROB_5	CW2018	0
PROB_4	CW2018	0
SHK01	CTLH2018	0
SHK02	CTLH2018	0
SHK03	CTLH2018	0
FBCH	CTLH2018	0
ELHIDARR	CHN17ROL	0
DEFOREST	CHN17ROL	0
BLREDSET	CHN17ROL	0
OBEXPVAL	CHN17ROL	0
CODIE	CHN17ROL	0
AREAFIGR	CHN17ROL	0
MRO	CHN17ROL	0
VRTXCOVR	CHN17ROL	0
GOODBAD	CHN17ROL	0
MANCBST	CHN17ROL	0
MINSTR	CHN17ROL	0
SQRGOOD	JAN18	0
KILLKTH	JAN18	0
MONSTER	JAN18	0
MAXSC	JAN18	0
RECTANGL	JAN18	0
KCON	JAN18	0
STRMRG	JAN18	0
PRTITION	JAN18	0
XYHUMOQ	JAN18	0
CHEFPALS	JAN18	0
PCAKE	LOCJUN17	0
KCHAR	LOCJUN17	0
PRATABHI	LOCJUN17	0
HHMGN	LOCJUN17	0
RIDDLE99	LOCJUN17	0
TWONMS	LTIME49	0
MAXSEGM	LTIME49	0
SHDWCMP	LTIME49	0
COMPCLUB	LTIME49	0
CENTREE	COOK83	0
KNICOV	COOK83	0
ES	JUNE17	0
GOODSET	JUNE17	0
PRMQ	JUNE17	0
CLONEME	JUNE17	0
OAK	JUNE17	0
SUMQ	JUNE17	0
XENRANK	JUNE17	0
UNIONSET	JUNE17	0
NEO01	JUNE17	0
SBTR	JUNE17	0
CAPTCITI	SNCKPB17	0
SNELECT	SNCKPB17	0
SNCOUP	SNCKPB17	0
SNSOCIAL	SNCKPB17	0
SNDISCUS	SNCKPB17	0
SNGRAPH	SNCKPB17	0
PROTEPOI	SNCKPA17	0
TEAMFORM	SNCKPA17	0
SNTEMPLE	SNCKPA17	0
GAMEBALL	SNCKPA17	0
ISSNAKE	SNCKPA17	0
CONSESNK	SNCKPA17	0
TELEPORT	LTIME48	0
PREFINVS	LTIME48	0
POSTTREE	LTIME48	0
SUBINVER	LTIME48	0
LOC172	LOCMAY17	0
DTREE	LOCMAY17	0
VTREE	LOCMAY17	0
ARGCD	LOCMAY17	0
BONDFOND	LOCMAY17	0
COOK82A	COOK82	0
COOK82B	COOK82	0
COOK82C	COOK82	0
COOK82D	COOK82	0
COOK82E	COOK82	0
SNAKPROC	SNCKQL17	0
SNAKEEAT	SNCKQL17	0
TEMPLELA	SNCKQL17	0
SAMESNAK	SNCKQL17	0
BITMASK1	BITM2017	0
BITMASK2	BITM2017	0
BITMASK3	BITM2017	0
BITMASK5	BITM2017	0
BITMASK4	BITM2017	0
CHEFSUBA	MAY17	0
CHEFROUT	MAY17	0
UNICOURS	MAY17	0
MXMEDIAN	MAY17	0
GPD	MAY17	0
CHEFCODE	MAY17	0
SANDWICH	MAY17	0
WSITES01	MAY17	0
KILLER	MAY17	0
CHEFBATL	MAY17	0
SUBQUERY	LTIME13	0
SMPAIR	LTIME13	0
COPRIME3	LTIME13	0
DYNAINV	LTIME13	0
CHEFZOT	JUNE14	0
DIGJUMP	JUNE14	0
FUNC	JUNE14	0
GUESS	JUNE14	0
MAXPR	JUNE14	0
SEAARC	JUNE14	0
TWOCOMP	JUNE14	0
FORGETPW	JUNE14	0
DARTS	JUNE14	0
LEBLOCKS	JUNE14	0
APPROX2	LTIME12	0
DIVSUBS	LTIME12	0
TROOT	LTIME12	0
BNGAME	LTIME12	0
QUAD	NCC2014	0
EXAM	NCC2014	0
MULDIV	NCC2014	0
SNOOKER	NCC2014	0
RECT	NCC2014	0
SNET	NCC2014	0
GMB02	CDSN2014	0
GMB01	CDSN2014	0
GMB03	CDSN2014	0
GMB04	CDSN2014	0
GMB05	CDSN2014	0
TANDC	LTIME11	0
KFORK	LTIME11	0
CIRCLE	LTIME11	0
MPROD	LTIME11	0
CG01	CDGR2014	0
CG02	CDGR2014	0
CG03	CDGR2014	0
CG04	CDGR2014	0
CG05	CDGR2014	0
CG06	CDGR2014	0
PROM01	PRMT2014	0
PROM02	PRMT2014	0
PROM03	PRMT2014	0
PROM04	PRMT2014	0
PROM05	PRMT2014	0
PROM07	PRMT2014	0
PROM06	PRMT2014	0
PROM08	PRMT2014	0
PROM09	PRMT2014	0
SSS	TUXO2014	0
TUX01	TUXO2014	0
TUX02	TUXO2014	0
SREENI	TUXO2014	0
TUX03	TUXO2014	0
RONR	TUXO2014	0
POTATOES	APRIL14	0
CNPIIM	APRIL14	0
ADIGIT	APRIL14	0
TANGDIV	APRIL14	0
LMATRIX3	APRIL14	0
BINTREE	APRIL14	0
ANUCBC	APRIL14	0
FBCHEF	APRIL14	0
SEAPERM	APRIL14	0
GERALD08	APRIL14	0
CRZ01	CDCN2014	0
CRZ02	CDCN2014	0
CRZ03	CDCN2014	0
CRZ04	CDCN2014	0
CRZ05	CDCN2014	0
SEQCOUNT	LTIME10	0
SUBSGM	LTIME10	0
SHGAME	LTIME10	0
CORRCHK	LTIME10	0
GOC01	GOC2014	0
GOC02	GOC2014	0
GOC03	GOC2014	0
GOC04	GOC2014	0
GOC05	GOC2014	0
COG14D	BTBT2014	0
COG14E	BTBT2014	0
COG14A	BTBT2014	0
COG14B	BTBT2014	0
COG14C	BTBT2014	0
COG14F	BTBT2014	0
COD01	CDR2014	0
COD02	CDR2014	0
COD03	CDR2014	0
COD04	CDR2014	0
COD05	CDR2014	0
COD06	CDR2014	0
COD07	CDR2014	0
COD08	CDR2014	0
COD09	CDR2014	0
JMI00	CDMR2014	0
JMI01	CDMR2014	0
JMI02	CDMR2014	0
JMI03	CDMR2014	0
JMI04	CDMR2014	0
CI4	COGZ2014	0
CI3	COGZ2014	0
CI2	COGZ2014	0
CI1	COGZ2014	0
BTCD14B	BTCD2014	0
BTCD14D	BTCD2014	0
BTCD14A	BTCD2014	0
BTCD14C	BTCD2014	0
BTCD14G	BTCD2014	0
BTCD14J	BTCD2014	0
BTCD14E	BTCD2014	0
BTCD14F	BTCD2014	0
BTCD14H	BTCD2014	0
BTCD14I	BTCD2014	0
TMSLT	MARCH14	0
BINTOUR	MARCH14	0
WALK	MARCH14	0
ANUGCD	MARCH14	0
STREETTA	MARCH14	0
PROSUM	MARCH14	0
MIKE3	MARCH14	0
SSTORY	MARCH14	0
GERALD07	MARCH14	0
SEASORT2	MARCH14	0
SNOWWAVE	DMNT2014	0
MULFACT	DMNT2014	0
ORPROFIT	DMNT2014	0
SNOWGAME	DMNT2014	0
REVADD	DMNT2014	0
TR002	TRNT2014	0
TR001	TRNT2014	0
TR003	TRNT2014	0
TR004	TRNT2014	0
IOPC14J	IOPC2014	0
IOPC14A	IOPC2014	0
IOPC14B	IOPC2014	0
IOPC14E	IOPC2014	0
IOPC14F	IOPC2014	0
IOPC14G	IOPC2014	0
IOPC14H	IOPC2014	0
IOPC14P	IOPC2014	0
IOPC14L	IOPC2014	0
IOPC14K	IOPC2014	0
IOPC14O	IOPC2014	0
IOPC14N	IOPC2014	0
IOPC14C	IOPC2014	0
IOPC14Q	IOPC2014	0
IOPC14D	IOPC2014	0
IOPC14S	IOPC2014	0
IOPC14R	IOPC2014	0
IOPC14T	IOPC2014	0
IOPC14M	IOPC2014	0
IOPC14I	IOPC2014	0
CDCRTS1	CDCS2014	0
CDCRTS2	CDCS2014	0
CDCRTS3	CDCS2014	0
CDCRTS4	CDCS2014	0
CDCRTS5	CDCS2014	0
IGNUS14B	IGNS2014	0
IGNUS14C	IGNS2014	0
IGNUS14D	IGNS2014	0
IGNUS14E	IGNS2014	0
IGNUS14A	IGNS2014	0
SEARRAYS	LTIME09	0
SEAD	LTIME09	0
LFEB14B	LTIME09	0
LFEB14A	LTIME09	0
ACMICL01	AICL2014	0
ACMICL02	AICL2014	0
ACMICL03	AICL2014	0
ACMICL04	AICL2014	0
QUEST	CDNCTR14	0
ARRAY	CDNCTR14	0
FEST	CDNCTR14	0
GOT	CDNCTR14	0
JADEJA	CDNCTR14	0
MIRRORS	CDMT2014	0
CINEMA	CDMT2014	0
CANDB	CDMT2014	0
TILE	CDMT2014	0
TILE0	CDMT2014	0
CDMT06	CDMT2014	0
MOVF	NCDFEB14	0
MPROJ	NCDFEB14	0
NFEB3	NCDFEB14	0
NFEB4	NCDFEB14	0
NFEB5	NCDFEB14	0
PG	CDMN2014	0
VOTE	CDMN2014	0
PAPPUG	CDMN2014	0
BALLOT	CDMN2014	0
PREDICTO	CDMN2014	0
CM1	CDMN2014	0
REMISS	COOK43	0
KINGSHIP	COOK43	0
COTA	COOK43	0
UNIQUE	COOK43	0
LPAIR	COOK43	0
CC2	CDCRNT14	0
CC1	CDCRNT14	0
CC3	CDCRNT14	0
CC4	CDCRNT14	0
CODQ1	CDLV2014	0
CODQ2	CDLV2014	0
CODQ3	CDLV2014	0
CODQ4	CDLV2014	0
CODQ5	CDLV2014	0
CODQ6	CDLV2014	0
CODQ7	CDLV2014	0
CODQ8	CDLV2014	0
CDZ14A	CDZL2014	0
CDZ14B	CDZL2014	0
CDZ14C	CDZL2014	0
CDZ14D	CDZL2014	0
CDZ14E	CDZL2014	0
CRANATOM	CRNM2014	0
CRANBROM	CRNM2014	0
CRANCBOY	CRNM2014	0
CRANGIRL	CRNM2014	0
CRANCRD	CRNM2014	0
CRANLOTT	CRNM2014	0
CRANPPOL	CRNM2014	0
LMATRIX	FEB14	0
COT5	FEB14	0
DAGCH	FEB14	0
CHSEQ22	FEB14	0
DRGHTS	FEB14	0
COLARR	FEB14	0
SUBMIN	FEB14	0
LCPESY	FEB14	0
TWODOGS	FEB14	0
LEMOVIE	FEB14	0
LMATRIX2	FEB14	0
BYTES1	TROK2014	0
BYTES2	TROK2014	0
BYTES3	TROK2014	0
BYTES4	TROK2014	0
BYTES5	TROK2014	0
BYTES6	TROK2014	0
SMHTA	SMHT2014	0
SMHTB	SMHT2014	0
SMHTC	SMHT2014	0
SMHTD	SMHT2014	0
SMHTE	SMHT2014	0
IITI13	DBYZ2014	0
IITI14	DBYZ2014	0
IITI15	DBYZ2014	0
IITI16	DBYZ2014	0
IITI17	DBYZ2014	0
ATOM	CDCRFT14	0
BIT	CDCRFT14	0
BALLS	CDCRFT14	0
INGREDIE	CDCRFT14	0
DURIND	CDCRFT14	0
DRUNKG	CDCRFT14	0
SUBBXOR	CDCRFT14	0
NQUEEN	CDCRFT14	0
MACMAY	CDCRFT14	0
COPRIME	CDCRFT14	0
GIVEAWAY	CDCRFT14	0
CIRCLES	CDCRFT14	0
CHRL1	LTIME08	0
CHRL3	LTIME08	0
CHRL2	LTIME08	0
CHRL4	LTIME08	0
REN2013A	CODX2014	0
REN2013B	CODX2014	0
REN2013C	CODX2014	0
REN2013D	CODX2014	0
REN2013E	CODX2014	0
REN2013F	CODX2014	0
REN2013G	CODX2014	0
REN2013I	CODX2014	0
REN2013J	CODX2014	0
REN2013K	CODX2014	0
CAKE1AM	COOK42	0
CAKE2AM	COOK42	0
ORDERAAM	COOK42	0
GAMEAAM	COOK42	0
GANGAAM	COOK42	0
APOWB	SHSTRA14	0
SHASSTR	SHSTRA14	0
SHASGAME	SHSTRA14	0
SHASFUN	SHSTRA14	0
EIGVAL	SHSTRA14	0
SHASGRA	SHSTRA14	0
AWTHR	SHSTRA14	0
GRETHIEF	SHSTRA14	0
SHAMASS	SHSTRA14	0
PLZLYKME	JAN14	0
MTRICK	JAN14	0
ERROR	JAN14	0
SEAGRP	JAN14	0
TAPAIR	JAN14	0
METEORAK	JAN14	0
CNTDSETS	JAN14	0
FGFS	JAN14	0
FRBSUM	JAN14	0
TOURBUS	JAN14	0
MIKE2	LTIME07	0
MIKE1	LTIME07	0
SUBARR	LTIME07	0
SFUNC	LTIME07	0
KGP13A	KGP13ACM	0
KGP13B	KGP13ACM	0
KGP13C	KGP13ACM	0
KGP13D	KGP13ACM	0
KGP13E	KGP13ACM	0
KGP13F	KGP13ACM	0
KGP13G	KGP13ACM	0
KGP13H	KGP13ACM	0
KGP13I	KGP13ACM	0
KGP13J	KGP13ACM	0
ALEXNUMB	DEC13	0
CHODE	DEC13	0
CUBE	DEC13	0
REALSET	DEC13	0
QTREE6	DEC13	0
DECORATE	DEC13	0
MARBLEGF	DEC13	0
REIGN	DEC13	0
RECTQUER	DEC13	0
SMPAINT	DEC13	0
NUMBERS	LTIME06	0
LMA1	LTIME06	0
PALINDR	LTIME06	0
QMARKS	LTIME06	0
AMIFIB	COOK40	0
LOWSUM	COOK40	0
NUMPATH	COOK40	0
NEXTNUM	COOK40	0
TRSUBTR	COOK40	0
LESTRING	ODCD2013	0
LEMARKS	ODCD2013	0
LEDISHES	ODCD2013	0
LEBALLS	ODCD2013	0
LETHOR	ODCD2013	0
LEPROM	ODCD2013	0
LEWEED	ODCD2013	0
LEWINE	ODCD2013	0
LEMAGIK	ODCD2013	0
LEFIRE	ODCD2013	0
GPNY	NCDRN13	0
UVTR	NCDRN13	0
UVHST	NCDRN13	0
TPLOT	NCDRN13	0
SVHR	NCDRN13	0
TBATTLE	CDWV2013	0
ACHESS	CDWV2013	0
TESSER	CDWV2013	0
IMBOX	CDWV2013	0
BWIDOW	CDWV2013	0
NFURY	CDWV2013	0
BUYCAR	CDCZ2013	0
OPDES	CDCZ2013	0
GOTN	CDCZ2013	0
GOTT	CDCZ2013	0
BHAV	CDCZ2013	0
JAGE	CDCZ2013	0
PRVG01	PRVG2014	0
PRVG02	PRVG2014	0
PRVG03	PRVG2014	0
KTHPATH	ACMKGP13	0
SUBSTR	ACMKGP13	0
JACKPOT	ACMKGP13	0
EDITLIST	ACMKGP13	0
JOHNY	NOV13	0
GERALD2	NOV13	0
SDSQUARE	NOV13	0
MCHAIRS	NOV13	0
CHEFGM	NOV13	0
MONOPLOY	NOV13	0
SPOTWO	NOV13	0
PRETNUM	NOV13	0
SEAVEC	NOV13	0
QPOINT	NOV13	0
INSCTS1	INSCRP13	0
INSCTS3	INSCRP13	0
INSCTS2	INSCRP13	0
INSCTS4	INSCRP13	0
INSCTS5	INSCRP13	0
CHGLSTGT	LTIME05	0
EXPGAME	LTIME05	0
CHFQUEUE	LTIME05	0
CNR	LTIME05	0
TCFST06	TCFST13	0
TCFST03	TCFST13	0
TCFST07	TCFST13	0
TCFST08	TCFST13	0
TCFST04	TCFST13	0
TCFST09	TCFST13	0
TCFST02	TCFST13	0
TCFST05	TCFST13	0
TCFST01	TCFST13	0
TCFST10	TCFST13	0
MRIU11	CDCRNC13	0
MRIU12	CDCRNC13	0
MRIU13	CDCRNC13	0
MRIU14	CDCRNC13	0
MRIU15	CDCRNC13	0
ALK13A	ALKH2013	0
ALK13B	ALKH2013	0
ALK13C	ALKH2013	0
ALK13D	ALKH2013	0
ALK13E	ALKH2013	0
ALK13F	ALKH2013	0
ALK13H	ALKH2013	0
ALK13G	ALKH2013	0
PPNUM	COOK39	0
PPTEST	COOK39	0
PPLUCKY	COOK39	0
PPXOR	COOK39	0
PPTREE	COOK39	0
STATUES	ACMKAN13	0
LINEPROB	ACMKAN13	0
STANDUP	ACMKAN13	0
CARDINAL	ACMKAN13	0
CRYPT01	CRPT2013	0
CRYPT04	CRPT2013	0
CRYPT07	CRPT2013	0
CRYPT06	CRPT2013	0
CRYPT08	CRPT2013	0
CRYPT02	CRPT2013	0
CRYPT03	CRPT2013	0
CRYPT05	CRPT2013	0
CRYPT09	CRPT2013	0
PREE01	DSEC2013	0
PREE02	DSEC2013	0
PREE04	DSEC2013	0
PREE05	DSEC2013	0
PREE06	DSEC2013	0
PREE03	DSEC2013	0
GOPR	UVCNCD13	0
GOPJ	UVCNCD13	0
PERHIL	UVCNCD13	0
CTSHT	UVCNCD13	0
BOTM	UVCNCD13	0
MAANDI	OCT13	0
CAOS3	OCT13	0
ARRGAME2	OCT13	0
DEG3MAXT	OCT13	0
FN	OCT13	0
LEBAMBOO	OCT13	0
SEATRSF	OCT13	0
EDSTGRID	OCT13	0
HELPLIRA	OCT13	0
KMHAMHA	OCT13	0
CDWRS03	CODW2013	0
CDWRS02	CODW2013	0
CDWRS04	CODW2013	0
CDWRS05	CODW2013	0
CDWRS01	CODW2013	0
CDWRS06	CODW2013	0
XAIR	CDCL2013	0
XLIFE	CDCL2013	0
MPAIR	CDCL2013	0
BANPS	CDCL2013	0
MPROB	CDCL2013	0
CHMAGIC	LTIME04	0
CHGIFT1	LTIME04	0
CHXORR	LTIME04	0
CHITHH	LTIME04	0
LOGIC1	LGCD2013	0
LOGIC2	LGCD2013	0
LOGIC3	LGCD2013	0
LOGIC4	LGCD2013	0
LOGIC5	LGCD2013	0
LOGIC6	LGCD2013	0
CWAR1	CDWR2013	0
CZIP3	CDWR2013	0
FACTCN	CDWR2013	0
GPRIME	CDWR2013	0
ESYPROB	CDWR2013	0
INS03	INSM2013	0
INS01	INSM2013	0
ELOHB	INSM2013	0
JETSONS	INSM2013	0
MONTU	INSM2013	0
INS02	INSM2013	0
INS05	INSM2013	0
CAOS1	SEPT13	0
SPOONS	SEPT13	0
LEEXAMS	SEPT13	0
TMP01	SEPT13	0
TWOROADS	SEPT13	0
MLCHEF	SEPT13	0
COOLGUYS	SEPT13	0
CAOS2	SEPT13	0
INTEG	SEPT13	0
SEASNAKE	SEPT13	0
CREDCJ1	CLASH13	0
CREDCJ2	CLASH13	0
CREDCJ3	CLASH13	0
CREDCJ4	CLASH13	0
CREDCS1	CLASH13	0
CREDCS2	CLASH13	0
CREDCS3	CLASH13	0
AND	LTIME03	0
MATRIX2	LTIME03	0
SORTING	LTIME03	0
ROUTES	LTIME03	0
MAXCOMB	BTCD2013	0
SCNDWAR	BTCD2013	0
PRSN	BTCD2013	0
CNG	BTCD2013	0
FMAP	BTCD2013	0
PLAYNUM	BTCD2013	0
SPLCND	BTCD2013	0
MAGSTK	BTCD2013	0
RANBOT	BTCD2013	0
DIFBMB	BTCD2013	0
PC01	PRCN2013	0
PC04	PRCN2013	0
PC02	PRCN2013	0
PC03	PRCN2013	0
PC05	PRCN2013	0
DELNMS	AUG13	0
SEABAL	AUG13	0
CNTSOLS	AUG13	0
LYRC	AUG13	0
CHMOD	AUG13	0
PRIMEDST	AUG13	0
LELEMON	AUG13	0
SHIRO	AUG13	0
SPCANDY	AUG13	0
HELLO	AUG13	0
COOKFOOD	LTIME02	0
TRIPCOST	LTIME02	0
COINCHNG	LTIME02	0
TANGLED	LTIME02	0
TASUFFIX	COOK36	0
TAAPLUSB	COOK36	0
TACHEMIS	COOK36	0
TACHSTCK	COOK36	0
TAACUTE	COOK36	0
RIVPILE	JULY13	0
NPIN	JULY13	0
MOU1H	JULY13	0
GALACTIK	JULY13	0
PROB	JULY13	0
FARASA	JULY13	0
CHRECT	JULY13	0
KPRIME	JULY13	0
SEASOR	JULY13	0
CIRKILL	JULY13	0
COUPON	LTIME01	0
NUMFACT	LTIME01	0
GRTRIP	LTIME01	0
TASTYD	LTIME01	0
CHAORNOT	JUNE13	0
DELISH	JUNE13	0
LEMOUSE	JUNE13	0
PERMUTE	JUNE13	0
COLLECT	JUNE13	0
SPMATRIX	JUNE13	0
WSTRING	JUNE13	0
PREDICT	JUNE13	0
TKCONVEX	JUNE13	0
LAPIN	JUNE13	0
AMROOK	COOK34	0
AMXOR	COOK34	0
AMSGAME1	COOK34	0
AMSGAME2	COOK34	0
AMSEQT	COOK34	0
QTREE	MAY13	0
WITMATH	MAY13	0
FTRIP	MAY13	0
NAME1	MAY13	0
NAME2	MAY13	0
JUNONGF	MAY13	0
MSTICK	MAY13	0
CPP	MAY13	0
CHALENGE	MAY13	0
TREE	MAY13	0
IIITBH10	CDNB2013	0
IIITBH11	CDNB2013	0
IIITBH13	CDNB2013	0
IIITBH14	CDNB2013	0
DISHANAM	KDAT2013	0
DEVILNUM	KDAT2013	0
CLUSTER	KDAT2013	0
DISTQUER	KDAT2013	0
RECNAME	KDAT2013	0
WGHTLIF	KDAT2013	0
CHEFREST	KDAT2013	0
CHEFSTR	KDAT2013	0
DECRYPT	KDAT2013	0
PT1	PROM2013	0
PT2	PROM2013	0
PT3	PROM2013	0
PT4	PROM2013	0
PT5	PROM2013	0
PT6	PROM2013	0
PT7	PROM2013	0
PT8	PROM2013	0
COADIES1	CODS2013	0
COADIES2	CODS2013	0
COADIES3	CODS2013	0
COADIES4	CODS2013	0
COADIES5	CODS2013	0
MAXDIFF	APRIL13	0
KINGCON	APRIL13	0
FCBARCA	APRIL13	0
CHEFGAME	APRIL13	0
LEMUSIC	APRIL13	0
STRQUERY	APRIL13	0
LEVY	APRIL13	0
CYLINDER	APRIL13	0
INVBINCF	APRIL13	0
FAULT	APRIL13	0
I13TPG	INST2013	0
I13EAF	INST2013	0
I13TS	INST2013	0
I13BL	INST2013	0
I13POF	INST2013	0
CDZ1301	INVS2013	0
CDZ1302	INVS2013	0
CDZ1303	INVS2013	0
CDZ1304	INVS2013	0
CDZ1305	INVS2013	0
CONTWORD	OVRN2013	0
CATCH	OVRN2013	0
RECRUIT	OVRN2013	0
MISSILE	OVRN2013	0
DOTA	OVRN2013	0
IITI11	DBYZ2013	0
IITI10	DBYZ2013	0
IITI09	DBYZ2013	0
IITI08	DBYZ2013	0
IITI07	DBYZ2013	0
IITI06	DBYZ2013	0
TNMALG01	ALGT2013	0
TNMALG03	ALGT2013	0
TNMALG04	ALGT2013	0
TNMALG05	ALGT2013	0
TNMALG07	ALGT2013	0
TNMALG06	ALGT2013	0
TNMALG02	ALGT2013	0
NITA02	BTFR2013	0
NITA05	BTFR2013	0
NITA06	BTFR2013	0
NITA04	BTFR2013	0
NITA07	BTFR2013	0
NITA09	BTFR2013	0
NITA10	BTFR2013	0
NITA11	BTFR2013	0
NITA13	BTFR2013	0
NITA12	BTFR2013	0
IOPC13A	IOPC2013	0
IOPC13B	IOPC2013	0
IOPC13C	IOPC2013	0
IOPC13D	IOPC2013	0
IOPC13E	IOPC2013	0
IOPC13F	IOPC2013	0
IOPC13G	IOPC2013	0
IOPC13H	IOPC2013	0
IOPC13I	IOPC2013	0
IOPC13J	IOPC2013	0
IOPC13K	IOPC2013	0
IOPC13L	IOPC2013	0
IOPC13M	IOPC2013	0
IOPC13N	IOPC2013	0
IOPC13O	IOPC2013	0
IOPC13P	IOPC2013	0
IOPC13Q	IOPC2013	0
IOPC13R	IOPC2013	0
IOPC13S	IOPC2013	0
P1310	CDNC2013	0
P1311	CDNC2013	0
P1312	CDNC2013	0
P1309	CDNC2013	0
P1314	CDNC2013	0
P1313	CDNC2013	0
P1315	CDNC2013	0
P1316	CDNC2013	0
FIRESC	MARCH13	0
LONGART	MARCH13	0
APPROX	MARCH13	0
RDF	MARCH13	0
SUBTREE	MARCH13	0
CHANGE	MARCH13	0
TOTR	MARCH13	0
MINESWPR	MARCH13	0
ZENCALC	MARCH13	0
LECOINS	MARCH13	0
CDOLP1	CDOL2013	0
CDOLP2	CDOL2013	0
CDOLP3	CDOL2013	0
CDOLP4	CDOL2013	0
CDOLP5	CDOL2013	0
DMNOS	OBFS2013	0
CLRT	OBFS2013	0
MAGFTS	OBFS2013	0
AWAPP	OBFS2013	0
LUCKPOLO	TCSG2013	0
HCAKE	TCSG2013	0
STRONG	TCSG2013	0
ALMOSTPR	TCSG2013	0
DISCOUNT	TCSG2013	0
EXEBIT01	EXBT2013	0
EXEBIT02	EXBT2013	0
EXEBIT03	EXBT2013	0
EXEBIT04	EXBT2013	0
EXEBIT05	EXBT2013	0
RBXINT1	INCD2013	0
RBXINT2	INCD2013	0
RBXINT3	INCD2013	0
RBXINT4	INCD2013	0
CRNM1301	CRNM2013	0
CRNM1302	CRNM2013	0
CRNM1303	CRNM2013	0
CRNM1304	CRNM2013	0
CRNM1305	CRNM2013	0
CRNM1306	CRNM2013	0
CRNM1307	CRNM2013	0
DS5	DSPF2013	0
DS7	DSPF2013	0
DS18	DSPF2013	0
DS15	DSPF2013	0
DS8	DSPF2013	0
DS19	DSPF2013	0
BYTESA	BYTS2013	0
BYTESB	BYTS2013	0
BYTESC	BYTS2013	0
BYTESD	BYTS2013	0
BYTESE	BYTS2013	0
BYTESF	BYTS2013	0
BYTESG	BYTS2013	0
BYTESH	BYTS2013	0
P1301	PRST2013	0
P1304	PRST2013	0
P1306	PRST2013	0
P1308	PRST2013	0
P1303	PRST2013	0
PRMARTH	TCSP2013	0
SMPX	TCSP2013	0
BGSM	TCSP2013	0
GSHUFF	TCSP2013	0
NPRM	TCSP2013	0
BUY1GET1	FEB13	0
EFFPAINT	FEB13	0
LECARDS	FEB13	0
TESTERS	FEB13	0
QUERY	FEB13	0
TRIQUERY	FEB13	0
MBOARD	FEB13	0
CLMBSTRS	FEB13	0
WPLAY	FEB13	0
ROC	FEB13	0
SVEARTH	OVNT2012	0
GNUMBER	OVNT2012	0
BSCOUT	OVNT2012	0
CHOCOAL	OVNT2012	0
ALIENC	OVNT2012	0
CIELDIST	COOK30	0
MANYCHEF	COOK30	0
DEFACING	COOK30	0
AVDWAST	COOK30	0
CIELKARA	COOK30	0
SALARY	JAN13	0
LEALCO	JAN13	0
CVOTE	JAN13	0
CHEFHACK	JAN13	0
DIVPRO	JAN13	0
KILOWHAT	JAN13	0
ANDOOR	JAN13	0
CUCUMBER	JAN13	0
THREEDIF	JAN13	0
HOB	JAN13	0
GRIDGAME	COOK29	0
EXGCD	COOK29	0
TREEROOT	COOK29	0
MUFFINS3	COOK29	0
DIRECTI	COOK29	0
GRANAMA	DEC12	0
SEREJA	DEC12	0
ARIGEOM	DEC12	0
QPOLYSUM	DEC12	0
WORDNINJ	DEC12	0
DIFTRIP	DEC12	0
MGCRNK	DEC12	0
BEX	DEC12	0
CNTWAYS	DEC12	0
LEDIV	COOK28	0
LEMAGIC	COOK28	0
LEPAPER	COOK28	0
LELUCKYN	COOK28	0
LEPERMUT	COOK28	0
TF01	ZERO1	0
TF02	ZERO1	0
TF03	ZERO1	0
TF04	ZERO1	0
TF05	ZERO1	0
TF06	ZERO1	0
NI01	ACMKGP12	0
NI02	ACMKGP12	0
NI03	ACMKGP12	0
NI04	ACMKGP12	0
NI05	ACMKGP12	0
A2J001	COZI2019	0
AAKASHB	CDVT2016	0
AASHRAM	COHA2019	0
AAZADI	CCOQ2019	0
ABA14A	ABCS2014	0
ABA14B	ABCS2014	0
ABA14C	ABCS2014	0
ABA14D	ABCS2014	0
ABA14E	ABCS2014	0
ABA14F	ABCS2014	0
ABA15A	ABCS2015	0
ABA15B	ABCS2015	0
ABA15C	ABCS2015	0
ABA15D	ABCS2015	0
ABA15E	ABCS2015	0
ABA15F	ABCS2015	0
ABA15G	ABCS2015	0
ABABAABA	LTIME34	0
ABACUS01	ABCS2016	0
ABACUS02	ABCS2016	0
ABACUS03	ABCS2016	0
ABACUS04	ABCS2016	0
ABACUS05	ABCS2016	0
ABACUS06	ABCS2016	0
ABACUS07	ABCS2016	0
ABCS01	ABCS2017	0
ABCS02	ABCS2017	0
ABCS03	ABCS2017	0
ABCS04	ABCS2017	0
ABCS05	ABCS2017	0
ABCS06	ABCS2017	0
ABCSTR	ICPC14PR	0
ABDTOLL	LTIME72A	0
ABES01	CDSP2016	0
ABES02	CDSP2016	0
ABES03	CDSP2016	0
ABES04	CDSP2016	0
ABES05	CDSP2016	0
ABGAME	COOK100B	0
\.


--
-- Data for Name: problem_old; Type: TABLE DATA; Schema: public; Owner: nandeesh
--

COPY public.problem_old (code, contest) FROM stdin;
WATMELON	LTIME88A
GCDOPS	LTIME88A
ROOTTREE	LTIME88A
UKROBOT	LTIME88A
PERMSPL	LTIME88A
FEWDIFF	LTIME88A
ADDONSEG	LTIME88A
COFSQ1	CFSA2020
COFSQ2	CFSA2020
TREE2	SEPT20A
COVID19B	SEPT20A
ADAMAT	SEPT20A
CRDGAME2	SEPT20A
FINXOR	SEPT20A
CHFNSWAP	SEPT20A
EQDIV	SEPT20A
ROTATPOL	SEPT20A
MOVCOIN2	SEPT20A
MVCN2TST	SEPT20A
CHEFSUMS	SEPT20A
VBR	SEPT20A
PHEONIX	IEMCO17
FCRYPT	IEMCO17
DDLJR	IEMCO17
SMRITI	IEMCO17
ITSMAGIC	IEMCO17
YUMMYPIE	IEMCO17
BEARSEG	LTIME47
SEGM01	LTIME47
CLOSESTQ	LTIME47
DIGVIRUS	LTIME47
ABHIAMBI	LOCAPR17
LOC171	LOCAPR17
SANBAN	LOCAPR17
DRS	LOCAPR17
CHEFTOUR	LOCAPR17
JMBOOK	LOCAPR17
XORSUMS	COOK81
BESTTRI	COOK81
SHOPTRIP	COOK81
CANDY123	COOK81
ABREPEAT	COOK81
IOPC17A	IOPC2017
IOPC17B	IOPC2017
IOPC17C	IOPC2017
IOPC17D	IOPC2017
IOPC17E	IOPC2017
IOPC17F	IOPC2017
IOPC17G	IOPC2017
EXPLOREI	EXCO1701
EXPLORE2	EXCO1701
EXPLORE3	EXCO1701
EXPLORE4	EXCO1701
EXPLORE5	EXCO1701
EXPLORE6	EXCO1701
EXPLORE7	EXCO1701
DISHLIFE	APRIL17
CHEFDIV	APRIL17
HLD	APRIL17
SMARKET	APRIL17
ROWSOLD	APRIL17
CLIQUED	APRIL17
SEABIL	APRIL17
DGTCNT	APRIL17
SIMDISH	APRIL17
RNDGRID	APRIL17
ICL1701	ICL2017
ICL1704	ICL2017
ICL1702	ICL2017
ICL1706	ICL2017
ICL1703	ICL2017
ICL1705	ICL2017
BRLADDER	LTIME46
SPECIES	LTIME46
HAIRCUT	LTIME46
ALMROW	LTIME46
SHEBRU	ALKH2017
ARRQRS	ALKH2017
XORPRO	ALKH2017
TREEQRS	ALKH2017
DEADFOOL	ALKH2017
INCDEC	ALKH2017
CHEFGRUP	ALKH2017
DIGIMU	ALKH2017
LOGMAT	ALKH2017
EURSTR	ALKH2017
ROBOTG	COOK80
INCXOR	COOK80
CARDS777	COOK80
MEETUP	COOK80
RAINBOW	COOK80
INCPR02	PWCE2017
INCPR03	PWCE2017
INCPR04	PWCE2017
INCPR05	PWCE2017
INCPR06	PWCE2017
INCPR01	PWCE2017
MONDICT	KJSC17
BUSHO	KJSC17
BALLOOON	KJSC17
ABGCD	KJSC17
ATTACKOT	KJSC17
CODA2017	PRCD1701
CODB2017	PRCD1701
CODC2017	PRCD1701
COD12017	PRCD1701
COD22017	PRCD1701
COD32017	PRCD1701
COD417	PRCD1701
COD52017	PRCD1701
COD72017	PRCD1701
COD82017	PRCD1701
ABCS04	ABCS2017
ABCS03	ABCS2017
ABCS01	ABCS2017
ABCS05	ABCS2017
ABCS06	ABCS2017
ABCS02	ABCS2017
COZIA	COZI2017
COZID	COZI2017
COZIC	COZI2017
HOGON	COZI2017
COZIB	COZI2017
COZIE	COZI2017
BYCO17A	BYCO2017
BYCO17B	BYCO2017
BYCO17C	BYCO2017
BYCO17E	BYCO2017
BYCO17D	BYCO2017
BYCO17G	BYCO2017
BYCO17F	BYCO2017
BYCO17H	BYCO2017
BYCO17I	BYCO2017
BYCO17J	BYCO2017
TUPLES2	MARCH17
FAVGAME	MARCH17
SUMDIS	MARCH17
PSHTBRTH	MARCH17
XENTASK	MARCH17
BEARTRAP	MARCH17
SORTROW	MARCH17
SCHEDULE	MARCH17
BANDMATR	MARCH17
EXTRAN	MARCH17
NCL1701	NCL2017
NCL1702	NCL2017
NCL1705	NCL2017
NCL21704	NCL2017
NCL1706	NCL2017
GRHARSH	NCC2017
GKYLOVE	NCC2017
WANBASE	NCC2017
ABIBST	NCC2017
BXDIST	NCC2017
VARGAME	NCC2017
ALGOA	ALGR2017
ALGOB	ALGR2017
ALGOC	ALGR2017
ALGOD	ALGR2017
ALGOE	ALGR2017
CLPLCS	COLG2017
CLWALL	COLG2017
CLHMSG	COLG2017
CLVSTR	COLG2017
CLTRTS	COLG2017
CLSAVE	COLG2017
CLNUMG	COLG2017
CLSTRN	COLG2017
QHOUSE	LTIME45
COOMILK	LTIME45
BRIBETR	LTIME45
OVERPNT	LTIME45
DL2016A	DEAD2017
DL2016B	DEAD2017
DL2016C	DEAD2017
DL2016D	DEAD2017
CRES03	CRES2017
CRES04	CRES2017
CRES01	CRES2017
CRES02	CRES2017
CRES05	CRES2017
CDMN17A	COMA2017
CDMN17C	COMA2017
CDMN17B	COMA2017
CDMN17D	COMA2017
CDMN17E	COMA2017
CDMN17F	COMA2017
DWNLD	COOK79
CHAIRS	COOK79
ADDMULT	COOK79
MIXFLVOR	COOK79
COOKGAME	COOK79
MODNIM	BYTR2017
ADWAR	BYTR2017
BATGRAPH	BYTR2017
DIVIS	BYTR2017
FGAME	BYTR2017
CHARR	BYTR2017
ARH1701	DECA2017
ARH1702	DECA2017
ARH1704	DECA2017
ARH1703	DECA2017
VORTEX1	COSU2017
VORTEX3	COSU2017
VORTEX4	COSU2017
VORTEX5	COSU2017
VORTEX6	COSU2017
VORTEX7	COSU2017
VORTEX2	COSU2017
SEAINVS	FEB17
INTERVAL	FEB17
CHEFYODA	FEB17
MAKETRI	FEB17
CHEFAPAR	FEB17
JAKKU	FEB17
DISTNUM3	FEB17
MFREQ	FEB17
GERMANDE	FEB17
ALICGARD	FEB17
KBIGNUMB	FEB17
CHEFBEST	FEB17
CDVA1703	CDVA17
CDVA1701	CDVA17
CDVA1702	CDVA17
CDVA1705	CDVA17
CDVA1707	CDVA17
CDVA1704	CDVA17
CDVA1706	CDVA17
CDVA1708	CDVA17
CDVA1709	CDVA17
CDVA1710	CDVA17
ALGFLXQA	AGOF2017
ALGFLXQB	AGOF2017
ALGFLXQD	AGOF2017
ALGFLXQF	AGOF2017
ALGFLXQG	AGOF2017
ALGFLXQH	AGOF2017
ALGFLXQE	AGOF2017
SEALUP	LTIME44
IMPROVE	LTIME44
NOTINCOM	LTIME44
SEGMENTQ	LTIME44
DIGITLIS	COOK78
XRGRD	COOK78
MTRNSFRM	COOK78
LISDIGIT	COOK78
UNGAME	COOK78
GGBUNNY	COSE2017
GGSPAG	COSE2017
GGCURR	COSE2017
GGSQR	COSE2017
GGBHAI	COSE2017
COLGQU	LTC2017
WGME	LTC2017
OSQUE	LTC2017
MFQUE	LTC2017
PARQUE	LTC2017
CAPIMOVE	JAN17
CHEFCIRC	JAN17
TUPLES	JAN17
FOURSQ	JAN17
CATSDOGS	JAN17
DIGITSEP	JAN17
SEABOX	JAN17
TOURISTS	JAN17
RESERVOI	JAN17
SEACIR	JAN17
DISTINCT	KQPM2017
SUMALPHA	KQPM2017
FLYMODE	LTIME43
SUPVIL	LTIME43
MSTQS	LTIME43
SBSWAP	LTIME43
INF16A	INF16MOS
INF16B	INF16MOS
INF16C	INF16MOS
INF16D	INF16MOS
INF16E	INF16MOS
INF16F	INF16MOS
INF16H	INF16MOS
INF16I	INF16MOS
INF16J	INF16MOS
INF16K	INF16MOS
INF16L	INF16MOS
KOL16A	KOL16MOS
KOL16B	KOL16MOS
KOL16C	KOL16MOS
KOL16D	KOL16MOS
KOL16E	KOL16MOS
KOL16F	KOL16MOS
KOL16G	KOL16MOS
KOL16H	KOL16MOS
KOL16I	KOL16MOS
KOL16J	KOL16MOS
KOL16K	KOL16MOS
KOL16L	KOL16MOS
THESAV	BITF2016
SPECRK	BITF2016
APJSWG	BITF2016
JUMBSTRY	BITF2016
DMNTION	BITF2016
SPC1601	SOPC2016
SPC1602	SOPC2016
SPC1603	SOPC2016
SPC1604	SOPC2016
SPC1605	SOPC2016
AMR16A	AMR16MOS
AMR16B	AMR16MOS
AMR16C	AMR16MOS
AMR16D	AMR16MOS
AMR16F	AMR16MOS
AMR16E	AMR16MOS
AMR16H	AMR16MOS
AMR16G	AMR16MOS
AMR16I	AMR16MOS
AMR16J	AMR16MOS
AMR16K	AMR16MOS
CHN16A	CHN16MOS
CHN16B	CHN16MOS
CHN16C	CHN16MOS
CHN16D	CHN16MOS
CHN16E	CHN16MOS
CHN16F	CHN16MOS
CHN16G	CHN16MOS
CHN16H	CHN16MOS
CHN16I	CHN16MOS
CHN16J	CHN16MOS
CHEFSETC	COOK77
CHEFARRB	COOK77
CHEFNUMK	COOK77
CHEFTRI4	COOK77
CHEFINS	COOK77
KGP16A	KGP16MOS
KGP16B	KGP16MOS
KGP16C	KGP16MOS
KGP16D	KGP16MOS
KGP16E	KGP16MOS
KGP16F	KGP16MOS
KGP16G	KGP16MOS
KGP16H	KGP16MOS
KGP16I	KGP16MOS
KGP16J	KGP16MOS
KGP16K	KGP16MOS
GOGL16T2	GOGL2016
GOGL16T5	GOGL2016
GOGL16T6	GOGL2016
GOGL16T3	GOGL2016
GOGL16T7	GOGL2016
GOGL16T8	GOGL2016
SEAINCR	DEC16
ALEXROSE	DEC16
ANKTRAIN	DEC16
KIRLAB	DEC16
EDIT	DEC16
KTHMAX	DEC16
BASE	DEC16
THREECOL	DEC16
BOUNCE	DEC16
CHEFAFD	DEC16
CHEFSTUD	LTIME42
CHEFSSET	LTIME42
BALANPOL	LTIME42
TOMJERGA	LTIME42
SEQUAT2	COOK76
SECUBE	COOK76
SELECT	COOK76
SEBIHWY	COOK76
SETELE	COOK76
QRK02	QCDJ2016
QRK05	QCDJ2016
QRK04	QCDJ2016
QRK01	QCDJ2016
QRK07	QCDJ2016
AWARA	IEMCO16
RAMLEELA	IEMCO16
DON	IEMCO16
LAALRANG	IEMCO16
BAADSHAH	IEMCO16
TE3N	IEMCO16
DDLJ	IEMCO16
SMP161	SMPX2016
SMP162	SMPX2016
SMP163	SMPX2016
SMP164	SMPX2016
SMP165	SMPX2016
SMP166	SMPX2016
CHSQR	NOV16
URBANDEV	NOV16
CPERM	NOV16
GIFTCHEF	NOV16
FRIEMEET	NOV16
KIRMEME	NOV16
ALEXTASK	NOV16
SEAPERM3	NOV16
BIKE	NOV16
SEAWCU	NOV16
BOUQUET	LTIME41
RESTPERM	LTIME41
FFCOMB	LTIME41
COUNTIES	LTIME41
COUNTWAY	COOK75
PERMEXIS	COOK75
UGLYF	COOK75
BOOKCHEF	COOK75
SWINDOW	COOK75
VTAMASHA	CDVT2016
AAKASHB	CDVT2016
FNYGAME1	CDVT2016
PFACT	CDVT2016
HELPKSHV	CDVT2016
ICPC16A	ACMIND16
ICPC16B	ACMIND16
ICPC16C	ACMIND16
ICPC16D	ACMIND16
ICPC16E	ACMIND16
ICPC16G	ACMIND16
ICPC16F	ACMIND16
AMR15A	TSTIND16
AMR15B	TSTIND16
CHN15E	TSTIND16
CHN15F	TSTIND16
KOL15A	TSTIND16
KOL15B	TSTIND16
NPLFLA	NPLQ1602
NPLFLD	NPLQ1602
NPLFLE	NPLQ1602
NPLFLB	NPLQ1602
NPLFLF	NPLQ1602
NPLFLC	NPLQ1602
NPLELA	NPLQ1601
NPLELB	NPLQ1601
RRTREGAM	NPLQ1601
NPLELD	NPLQ1601
NPLELF	NPLQ1601
NPLELE	NPLQ1601
NPLELG	NPLQ1601
GMCO16RI	GMCO2016
GMCO16SS	GMCO2016
GMCO16AP	GMCO2016
GMCO16CV	GMCO2016
GMCO16OG	GMCO2016
GMCO16PB	GMCO2016
GMCO16TF	GMCO2016
GMCO16XT	GMCO2016
CHEFKEY	OCT16
CHDOGS	OCT16
CHEFTWOS	OCT16
BGQRS	OCT16
POWSUMS	OCT16
SEAARI	OCT16
FENWITER	OCT16
GEOCHEAT	OCT16
SEASTONE	OCT16
TREEBAL	OCT16
LBRACKET	IPC15CMR
LINES	IPC15CMR
LEMPLOY	IPC15CMR
SURESH	IPC15CMR
ALTREE	IPC15CMR
MINWALK	IPC15CMR
SVENGY	IPC15CMR
LPALIN	IPC15CMR
EXNETWRK	LTIME31
ABROADS	LTIME31
SEEDLING	LTIME31
DISTCODE	LTIME31
KOL1501	KOL15MOS
KOL1502	KOL15MOS
KOL1503	KOL15MOS
KOL1504	KOL15MOS
CHEFCLO	IPC15BMR
CHEFEXAM	IPC15BMR
CANGAME	IPC15BMR
CHEFCOL	IPC15BMR
HGCD	IPC15BMR
MINMAGIC	IPC15BMR
KOL1505	KOL15MOS
KOL1506	KOL15MOS
KOL1507	KOL15MOS
KOL1508	KOL15MOS
KOL1509	KOL15MOS
KOL1510	KOL15MOS
ABES01	CDSP2016
ABES02	CDSP2016
ABES03	CDSP2016
ABES04	CDSP2016
ABES05	CDSP2016
SGRSTR	KJCS16
COLDPLAY	KJCS16
ROBOWALL	KJCS16
VIACST	KJCS16
GCDOFFIB	KJCS16
HIKARU	IPC15AMR
TREE02	IPC15AMR
BOBPRIME	IPC15AMR
ASYA2	IPC15AMR
ASYAPATH	IPC15AMR
ENTRY	IPC15AMR
DIAGON	IPC15AMR
TREEPAL	IPC15AMR
LUFFY	IPC15AMR
KOL1511	KOL15MOS
AMSS	ACM15AMR
AMBDAY	ACM15AMR
AMCAM	ACM15AMR
AMMAM	ACM15AMR
AMJMP	ACM15AMR
AMCAS	ACM15AMR
AMGIT	ACM15AMR
LTM40EF	LTIME40
LTM40GH	LTIME40
LTM40AB	LTIME40
LTM40CD	LTIME40
FRCH	COWS2016
VSTMPL	COWS2016
CWB	COWS2016
CVW	COWS2016
JKBMB	COWS2016
LRDFRNG	COWS2016
ANPB	COWS2016
DCKHNT	COWS2016
TALAZY	COOK74
TAASEQ	COOK74
TACNTSTR	COOK74
TACTQUER	COOK74
TAPOINT	COOK74
BUG2K16A	GSTS1601
BUG2K16B	GSTS1601
BUG2K16E	GSTS1601
BUG2K16F	GSTS1601
BUG2K16G	GSTS1601
BUG2K16H	GSTS1601
BUG2K16C	GSTS1601
SHINI	SIC2016
SANTA	SIC2016
SPEC	SIC2016
ASH	SIC2016
NEAR	SIC2016
CDTN01	CDTN2016
CDTN02	CDTN2016
CDTN03	CDTN2016
CDTN04	CDTN2016
INSQ16F	INSQ2016
INSQ16C	INSQ2016
INSQ16E	INSQ2016
INSQ16A	INSQ2016
INSQ16B	INSQ2016
INSQ16D	INSQ2016
INSQ16G	INSQ2016
INSQ16H	INSQ2016
JTREE	SEPT16
DIVMAC	SEPT16
CHFNFRN	SEPT16
CHMTDV	SEPT16
LONGSEQ	SEPT16
RESCALC	SEPT16
LEXOPAL	SEPT16
CIRCLEQ	SEPT16
CHEFKC	SEPT16
CHEFSPAG	SEPT16
CHEFBGNM	LOCAUG16
BSQUARE	LOCAUG16
CHEFCHSS	LOCAUG16
MINMO	LOCAUG16
ALPHABET	LTIME39
AVGSHORT	LTIME39
TREEDIAM	LTIME39
LFSTACK	LTIME39
ALICE	COOK73
TWEED	COOK73
MADHAT	COOK73
QUEHEA	COOK73
MCKTUR	COOK73
CCWR02	CCWR2016
CCWR03	CCWR2016
CCWR04	CCWR2016
CCWR01	CCWR2016
CCWR05	CCWR2016
CCWR06	CCWR2016
CJ01	CDJA2016
IN01	CDJA2016
MRXCHOC	CDJA2016
KM01	CDJA2016
BST01	CDJA2016
RC01	CDJA2016
PRCS16A	PROC2016
PRCS16B	PROC2016
PRCS16C	PROC2016
PRCS16D	PROC2016
PRCS16E	PROC2016
PRCS16F	PROC2016
GSRM01A	GSTS2016
GSRM01B	GSTS2016
SHAIKHGN	AUG16
MAXGRID	AUG16
CHEFRRUN	AUG16
CHEFCRUN	AUG16
CHCHCL	AUG16
CHAHG	AUG16
GOODPROB	AUG16
TRICONT	AUG16
EBOLA	AUG16
CHEFTRE	AUG16
ORMNDST	CDGO2016
SKMGMT	CDGO2016
CDGO1601	CDGO2016
CDGO1602	CDGO2016
CDGO1603	CDGO2016
CHEFCLOS	LTIME38
STUDVOTE	LTIME38
LUMPYBUS	LTIME38
CLOSEFAR	LTIME38
PRCN16A	PROC1601
PRCN16B	PROC1601
PRCN16C	PROC1601
PRCN16D	PROC1601
PRCN16E	PROC1601
PRCN16F	PROC1601
PRCN16G	PROC1601
PRCN16H	PROC1601
NUMHOLMS	LOCJUL16
LEVENSUB	LOCJUL16
PROGCOMP	LOCJUL16
CHEFSPCL	LOCJUL16
FORALN	LOCJUL16
LOSTPW	CYPH2016
HITBIT	CYPH2016
ANOSTR	CYPH2016
CHEFCBA	COOK72
CHEFFED	COOK72
CHEFIHG	COOK72
CHEFONM	COOK72
CHEFLKJ	COOK72
UEMP01	UEMK2016
UEMP02	UEMK2016
TREECAKE	SNFL16MR
SEGTREE2	SNFL16MR
XORPATH	SNFL16MR
BIGTREE	SNFL16MR
EQUALIZE	SNFL16MR
BEAUTY	SNFL16MR
GAMCOUNT	SNFL16MR
JRNTREE	SNFL16MR
SUMPP	SNFL16MR
RAINFALL	SNFL16MR
CATCHSM	SNFL16MR
SBSTCNT	SNFL16MR
POLYEVAL	JULY16
CHEFARC	JULY16
CHEFELEC	JULY16
CHSGMNTS	JULY16
EGRANDR	JULY16
WORKCHEF	JULY16
CHEFTET	JULY16
ALLPOLY	JULY16
CHEFPOL	JULY16
CLUSSCHE	JULY16
CAKECUT	COOK71
RIGHTTRI	COOK71
STICKS	COOK71
ANDMIN	COOK71
CHEFLAND	COOK71
TRAVTREE	LTIME37
SQNUMBF	LTIME37
OMWG	LTIME37
LCOLLIS	LTIME37
CHEFLIQD	LOCJUN16
CHSHIFU	LOCJUN16
MXSUBARR	LOCJUN16
GOODNUMB	LOCJUN16
PEOPLOVE	LOCJUN16
EXAMCOPY	LOCJUN16
SKYSCR	LOCJUN16
ALLIANCE	SNCKEL16
VCAKE	SNCKEL16
ARITHM	SNCKEL16
RWALK	SNCKEL16
MAZETRAV	SNCKEL16
CUBTOWER	SNCKEL16
NUMSET	SNCKEL16
SEGSUMQ	SNCKEL16
COLTREE	SNCKEL16
MMPROD	SNPB16RP
FAIRPAIR	SNPB16RP
LISLDS	SNPB16RP
REGIONS	SNPB16RP
MINSHIFT	SNPB16RP
ENTEXAM	SNPB16RP
AMLPALIN	ACM15AMR
AMCOINS	ACM15AMR
AMCOP	ACM15AMR
HEADBOB	LTIME17
ANDTUPLE	LTIME17
PHYSICS	LTIME17
MAKEART	SNCKPA16
CSS2	LTIME17
MAKELIS	SNCKPA16
GIVCANDY	SNCKPA16
CHSPARR	SNCKPA16
NDIFFPAL	SNCKPA16
SUBSEG2	SNCKPA16
MGCHGEOM	JUNE16
CHEARMY	JUNE16
CHEFARK	JUNE16
CHSQARR	JUNE16
CHNWGM	JUNE16
CHCOINSG	JUNE16
DEVARRAY	JUNE16
FRJUMP	JUNE16
BINOP	JUNE16
SADPAIRS	JUNE16
ALOST	LTIME36
ACBALL	LTIME36
AHWORK	LTIME36
ASTRING	LTIME36
KTTABLE	SNCKQL16
FDIVGAME	SNCKQL16
KGOOD	SNCKQL16
MMSUM	SNCKQL16
CRACE	LOCMAY16
VSQ3	LOCMAY16
TEACHTR	LOCMAY16
MDOSA	LOCMAY16
POSTIT	LOCMAY16
P1Z2S	COOK70
EURO	COOK70
TANDEM	COOK70
EZNO	COOK70
MAZE	COOK70
LADDU	MAY16
CHEFNUM	MAY16
CHBLLS	MAY16
SHOP2	MAY16
FORESTGA	MAY16
CHEFSOC2	MAY16
CHEFMATH	MAY16
DISTNUM2	MAY16
SEAGCD2	MAY16
STARROAD	MAY16
KSUM	LTIME35
COLORING	LTIME35
LABEL	LTIME35
TRICOIN	LTIME35
SPC0101	SSC2016
SCC0103	SSC2016
SCC0104	SSC2016
SCC0105	SSC2016
SCC0102	SSC2016
SCC0106	SSC2016
VSQ2	LOCAPR16
BLTOUR	LOCAPR16
ACDEMY	LOCAPR16
ROLLDEEP	LOCAPR16
RUNNING	LOCAPR16
SIDSTR	RECJ1601
ABHSTR	RECJ1601
DORAEMON	RECJ1601
SIDPRIME	RECJ1601
ABHMNSTR	RECJ1601
SQUE1	COWO1601
DEB002	COWO1601
BW001	COWO1601
SEG003	COWO1601
WAY004	COWO1601
MOVIEWKN	COOK69
ODDDIV	COOK69
BINTREEQ	COOK69
LCPMAX	COOK69
BITTWIST	COOK69
GTH	BIGO2016
WATSY	BIGO2016
SURF	BIGO2016
SACHGF	BIGO2016
WKIMAAL	BIGO2016
CDQU01	CDQU1601
CDQU02	CDQU1601
CDQU03	CDQU1601
CDQU04	CDQU1601
CDQU05	CDQU1601
CDQU06	CDQU1601
CDQU07	CDQU1601
CDQU08	CDQU1601
CDQU09	CDQU1601
CDQU10	CDQU1601
DDCC	DMNT2016
POFACT	DMNT2016
SHISTR	DMNT2016
POMUSE	DMNT2016
ISD	ALKH2016
NRTKH	ALKH2016
VVR	ALKH2016
POPT	ALKH2016
PETRM	ALKH2016
VLB	ALKH2016
DRTVG	ALKH2016
CLBMK	ALKH2016
LFS	ALKH2016
VLD	ALKH2016
NTSK	ALKH2016
NCC01	NCC2016
NCC02	NCC2016
NCC04	NCC2016
NCC05	NCC2016
NCC06	NCC2016
NCC07	NCC2016
FURGRAPH	APRIL16
FIBQ	APRIL16
CHBLLNS	APRIL16
BIPIN3	APRIL16
CHEFPATH	APRIL16
CHNBGMT	APRIL16
AMAEXPER	APRIL16
COLOR	APRIL16
SNAKGAME	APRIL16
DEVGOSTR	APRIL16
ABABAABA	LTIME34
SIMPSTAT	LTIME34
PAIRCLST	LTIME34
ARRAYSUM	LTIME34
INTROSRM	SRMC2016
DRCTNSRM	SRMC2016
BRCKTSRM	SRMC2016
MULTISRM	SRMC2016
CHEFREC	LOCMAR16
BTREAT	LOCMAR16
MOD	LOCMAR16
VSQ	LOCMAR16
ROSES	LOCMAR16
LOCRPT	LOCMAR16
FRAC	LOCMAR16
TRYOUT	BITC2016
TVP	BITC2016
DMILK	BITC2016
KING	BITC2016
AFDMSD	BITC2016
TBD	BITC2016
CDS1	CDST2016
CDS2	CDST2016
CDS3	CDST2016
CDS5	CDST2016
ALTARAY	COOK68
ONOZ	COOK68
TWONIM	COOK68
NPLANAR	COOK68
KTHCON	COOK68
CB20Q1	CLDB2016
CB20Q3	CLDB2016
CB20Q4	CLDB2016
CB20Q5	CLDB2016
KJCC11	KJSP1602
KJCC12	KJSP1602
KJCC13	KJSP1602
KJCC14	KJSP1602
KJCC15	KJSP1602
KJCC16	KJSP1602
KJCC17	KJSP1602
ESYSUM	ODCO2016
COMPX	ODCO2016
O2CTST03	ODCO2016
O2CTST04	ODCO2016
CHKTRE	FLFI2016
CHKAR	FLFI2016
CHKSEL	FLFI2016
CHKSTR	FLFI2016
CHKDST	FLFI2016
ROBBERY	REC2016
RECIITRK	REC2016
RECIICHA	REC2016
RECIIDCD	REC2016
RECIIBKS	REC2016
RNGMOD	COBL2016
PERFECT	COBL2016
SWEGARR	COBL2016
SWEGIRL	COBL2016
SWEGSTR	COBL2016
NIKKLIN	COMN2016
MINION	COMN2016
SUMTOUR	COMN2016
ZOMBIE	COMN2016
THANPK	COMN2016
RECAREA	COMN2016
IOPC16A	IOPC2016
IOPC16R	IOPC2016
IOPC16M	IOPC2016
IOPC16T	IOPC2016
IOPC16I	IOPC2016
IOPC16G	IOPC2016
IOPC16B	IOPC2016
IOPC16Q	IOPC2016
IOPC16J	IOPC2016
IOPC16O	IOPC2016
IOPC16L	IOPC2016
IOPC16D	IOPC2016
IOPC16P	IOPC2016
IOPC16F	IOPC2016
IOPC16U	IOPC2016
IOPC16E	IOPC2016
IOPC16N	IOPC2016
IOPC16H	IOPC2016
IOPC16S	IOPC2016
IOPC16K	IOPC2016
CF201	COFI2016
CF202	COFI2016
CF204	COFI2016
CF207	COFI2016
CF203	COFI2016
CF205	COFI2016
CF208	COFI2016
CF209	COFI2016
CF210	COFI2016
CF212	COFI2016
CF211	COFI2016
CF213	COFI2016
INLO21	INLO2016
INLO23	INLO2016
INLO22	INLO2016
INLO24	INLO2016
INLO25	INLO2016
HFCQ1	HFCQ2016
HFCQ3	HFCQ2016
HFCQ4	HFCQ2016
HFCQ2	HFCQ2016
HFCQ5	HFCQ2016
CULMYCA	CDWR2016
VIPGF	CDWR2016
FEST02	CDWR2016
FEST10	CDWR2016
FEST03	CDWR2016
FEST09	CDWR2016
FEST07	CDWR2016
FEST06	CDWR2016
FEST05	CDWR2016
FEST04	CDWR2016
CNTMTX	ALPH2016
AVGSCORE	ALPH2016
YUVRAJ	ALPH2016
VIRAT20	ALPH2016
VIRATGCD	ALPH2016
MAXPER	ALPH2016
ABACUS02	ABCS2016
ABACUS04	ABCS2016
ABACUS03	ABCS2016
ABACUS01	ABCS2016
ABACUS05	ABCS2016
ABACUS06	ABCS2016
ABACUS07	ABCS2016
FICE	COCR2016
GOVT	COCR2016
BRDG	COCR2016
MARS	COCR2016
LOCKS	IPC15P3C
PRMAX	IPC15P3C
BRCKMT	IPC15P3C
MSDBIN	IPC15P3C
RAMSUR	IPC15P3C
ARRGM	IPC15P3C
VALMAX	IPC15P3C
SUMBITS	IPC15P3C
SONAFOR	IPC15P3C
CONCAT	IPC15P3C
INTRESEC	IPC15P3C
TREE01	IPC15P3B
XORSACK	IPC15P3B
ASYA1	IPC15P3B
ASYA3	IPC15P3B
FLEIJA	IPC15P3B
STR	IPC15P3B
SROADS	IPC15P3B
LETSTOSS	IPC15P3B
FUNKVAL	IPC15P3B
FIBEQN	IPC15P3B
ITRA07	ITRA2016
ITRA05	ITRA2016
ITRA06	ITRA2016
ITRA04	ITRA2016
ITRA10	ITRA2016
NPT	ITRA2016
ITRA09	ITRA2016
ITRA03	ITRA2016
ITRA01	ITRA2016
CDYPA01	COYA2016
CDYPA02	COYA2016
CDYPA03	COYA2016
CDYPA04	COYA2016
CDYPA06	COYA2016
CDYPA05	COYA2016
CDYPA07	COYA2016
CDYPA08	COYA2016
CDYPA09	COYA2016
CDYPA10	COYA2016
STRPALIN	MARCH16
HBIRD	MARCH16
SEATSTR2	MARCH16
FLOORDIS	MARCH16
MAXISUM	MARCH16
PARITREE	MARCH16
CHEFPC	MARCH16
CHNGSS	MARCH16
TULIPS	MARCH16
CHEFSPL	MARCH16
BDG001	BUDE2016
BDG003	BUDE2016
BDG005	BUDE2016
BDG004	BUDE2016
BDG002	BUDE2016
CDFX01	CDFXOQ16
CDFX02	CDFXOQ16
CDFX03	CDFXOQ16
CDFX05	CDFXOQ16
CDFX04	CDFXOQ16
VALQ	IPC15P3A
CHEFMGK	IPC15P3A
DETDET	IPC15P3A
DLHP	IPC15P3A
GROADS	IPC15P3A
SWPERMS	IPC15P3A
DMSG	IPC15P3A
DPLGN	IPC15P3A
BTEST	IPC15P3A
AOPN	IPC15P3A
NICPRM	IPC15P3A
DECIME	DECI2016
GNRATR	DECI2016
HEXCON	DECI2016
OBLIVI	DECI2016
DISLOG	DECI2016
CHEFSOCK	LTIME33
CHEFTIC	LTIME33
CHEFPOLY	LTIME33
CHEFDOMA	LTIME33
BYCD1605	BYCO2016
BYCD1606	BYCO2016
BYCD1603	BYCO2016
BYCD1604	BYCO2016
BYCD1607	BYCO2016
BYCD1601	BYCO2016
BYCD1602	BYCO2016
BYCD1610	BYCO2016
BTCO1611	BYCO2016
BYCO1612	BYCO2016
CHOCOLAT	LOCFEB16
ACRONYM	LOCFEB16
ICECREAM	LOCFEB16
LOCRECT	LOCFEB16
POLYDIFR	LOCFEB16
DL2015A	DEAD2016
DL2015B	DEAD2016
DL2015C	DEAD2016
DL2015D	DEAD2016
CDMN1601	COMA2016
CDMN1603	COMA2016
CDMN1602	COMA2016
CDMN1605	COMA2016
CDMN1604	COMA2016
TUZTRN	COOK67
PPCTS	COOK67
PUPPYPLM	COOK67
PPSUM	COOK67
TUZGMBR	COOK67
COPR16A	COPR2016
COPR16C	COPR2016
COPR16B	COPR2016
COPR16D	COPR2016
COPR16F	COPR2016
COPR16E	COPR2016
COPR16G	COPR2016
ITRIX16A	ITRX2016
ITRIX16B	ITRX2016
ITRIX16C	ITRX2016
ITRIX16D	ITRX2016
ITRIX16E	ITRX2016
ITRIX16F	ITRX2016
LVTRI	COWH2016
DHSPP	COWH2016
WT20	COWH2016
INDPAK	COWH2016
JADMST	COWH2016
CURR1	COCU2016
CURR2	COCU2016
CURR3	COCU2016
CURR4	COCU2016
GUNG	CDWA2016
SPCOL	CDWA2016
MAGBALL	CDWA2016
CHNG	CDWA2016
PRGAME	CDWA2016
NEELSTR	COCL2016
SCRTCD	COCL2016
BDAYGIFT	COCL2016
CRAZYMAT	COCL2016
LCKYNUM	COCL2016
STUDD	ASNE2016
STUD2	ASNE2016
GHATAK	ASNE2016
FZLKHN	ASNE2016
STUD3	ASNE2016
CDGLF01	CDGF2016
CDGLF02	CDGF2016
CDGLF03	CDGF2016
CDGLF04	CDGF2016
CDGLF05	CDGF2016
WBYQ05	WBY1601
WBYQ08	WBY1601
WBYQ09	WBY1601
WBYQ10	WBY1601
WBYQ11	WBY1601
WBYQ12	WBY1601
WBYQ03	WBY1601
CRES102	CRES2016
CRES103	CRES2016
CRES104	CRES2016
CRES105	CRES2016
CWAM1602	COWA1601
CWAM1603	COWA1601
CWAM1604	COWA1601
CWAM1605	COWA1601
CWAM1606	COWA1601
ICODE16E	ICOD2016
ICODE16D	ICOD2016
ICODE16B	ICOD2016
ICODE16C	ICOD2016
ICODE16I	ICOD2016
ICODE16J	ICOD2016
ICODE16H	ICOD2016
ICODE16G	ICOD2016
ICODE16K	ICOD2016
CHN01	CHN15MRP
CHN02	CHN15MRP
CHN03	CHN15MRP
CHN04	CHN15MRP
CHN05	CHN15MRP
CHN06	CHN15MRP
CHN07	CHN15MRP
CHN08	CHN15MRP
CHN09	CHN15MRP
CHN10	CHN15MRP
CHN11	CHN15MRP
CHN12	CHN15MRP
K16C	KOPC2016
K16G	KOPC2016
K16I	KOPC2016
K16B	KOPC2016
K16A	KOPC2016
K16D	KOPC2016
K16E	KOPC2016
K16H	KOPC2016
K16F	KOPC2016
K16J	KOPC2016
HBB	IC32016
TINT	IC32016
CCFY	IC32016
STD	IC32016
MODEFREQ	LTIME87B
ELOMAX	LTIME87B
ARRGAME	LTIME87B
ALIENIN	LTIME87B
CNTGRP	LTIME87B
ELEVATR	LTIME87B
CHEFPART	LTIME87B
SHENQ	LTIME87B
CHEFNWRK	COOK121A
KFOLD	COOK121A
POLYREL	COOK121A
RBTREES	COOK121A
CHEFHALF	COOK121A
CHEFPRTY	COOK121A
SAFETR	COOK121A
BBPS01	BBPSHACK
CLLCM	COLE2020
CLPNT	COLE2020
CLBRKT	COLE2020
CLLEXO	COLE2020
CLBIT	COLE2020
CLMARKS	COLE2020
CLUNQUE	COLE2020
WLIST	PROC2020
ENGRIS	PROC2020
FRAKK	PROC2020
VC711	PROC2020
CHFBANK	PROC2020
DUCK	PROC2020
TWD	PROC2020
TIMET	PROC2020
SPACEW	PROC2020
CACHEHIT	COOK119B
MAXMEX	COOK119B
PERCAPTA	COOK119B
CHKPTS	COOK119B
BANQUNT	COOK119B
EZRMQ	COOK119B
PRDRAW	COOK119B
GCDMASK	LTIME84A
CHEFZRON	LTIME84A
ABSNX	LTIME84A
LOSTWKND	LTIME84A
WWALK	LTIME84A
CONVSTR	LTIME84A
TREDIFF	LTIME84A
RPOWER	PCR12020
FXSEQ	PCR12020
HTREE	PCR12020
RAAVANCH	PCR12020
BHARAT	PCR12020
LAXMAN	PCR12020
STIMEMCH	PCR12020
HOSPBEDS	QTST2020
APCLYPSE	QTST2020
ENDGAME	QTST2020
NEGBFRAC	QTST2020
SUTCBIN	QTST2020
LIFTME	COOK117B
KPERM	COOK117B
MATBREAK	COOK117B
MINOPS	COOK117B
KARRAY	COOK117B
TOWCNT	COOK117B
TREESUB	COOK117B
ICL16A	ICL2016
ICL16B	ICL2016
ICL16C	ICL2016
ICL16D	ICL2016
ICL16E	ICL2016
BYTES11	BYTE2016
BYTES12	BYTE2016
BYTES13	BYTE2016
BYTES14	BYTE2016
BYTES15	BYTE2016
KSTACKS	IPC15P2C
NETDES	IPC15P2C
FUNC1	IPC15P2C
FUNC2	IPC15P2C
PALGAME	IPC15P2C
IPCASH	IPC15P2C
SUBSGCD	IPC15P2C
TANSWTCH	IPC15P2C
JIMMA	IPC15P2C
FISHY	IPC15P2C
DECA02	DECA2016
DECA03	DECA2016
DECA01	DECA2016
DECA04	DECA2016
DECA05	DECA2016
CODEJAM1	COJA2016
CODEJAM2	COJA2016
CODEJAM3	COJA2016
CODEJAM5	COJA2016
CODEJAM6	COJA2016
CODEJAM7	COJA2016
CLATTK	COLE2016
CLBMUP	COLE2016
CLDSTR	COLE2016
CLMNTR	COLE2016
CLDROP	COLE2016
CLSHDN	COLE2016
CLDSIN	COLE2016
MTMXSUM	FEB16
CALLSCHE	FEB16
WRDSUM	FEB16
DEVLDISC	FEB16
STROPR	FEB16
SEAPERMS	FEB16
CHEFDETE	FEB16
SEATL	FEB16
RECTLOVE	FEB16
CHEFJR	FEB16
PATHS	IPC15P2B
SEGTREE	IPC15P2B
STR_FUNC	IPC15P2B
LISBYONE	IPC15P2B
NOPI	IPC15P2B
QTREE7	IPC15P2B
VERMIN	IPC15P2B
LFIRE	IPC15P2B
COPSUM	IPC15P2B
SROUTE	IPC15P2B
CDVA1601	CDVA16
CDVA1602	CDVA16
CDVA1603	CDVA16
CDVA1604	CDVA16
CDVA1605	CDVA16
CDVA1606	CDVA16
CDVA1607	CDVA16
CDVA1608	CDVA16
CDVA1609	CDVA16
CDVA1610	CDVA16
SATA09	IPC15P2A
SATA05	IPC15P2A
SATA06	IPC15P2A
SATA07	IPC15P2A
SATA08	IPC15P2A
SATA04	IPC15P2A
SATA11	IPC15P2A
SATA10	IPC15P2A
SATA03	IPC15P2A
SATA01	IPC15P2A
SATA02	IPC15P2A
PEAKS	LTIME32
EXPALIN	LTIME32
TRIANGCL	LTIME32
TABLECOV	LTIME32
DZ16TREE	DIBZ2016
DBZ16SP	DIBZ2016
DZ16SHOP	DIBZ2016
DZ16HITE	DIBZ2016
DBZ16XOR	DIBZ2016
DZ16MAT	DIBZ2016
DZ16KNAP	DIBZ2016
DZ16SUBA	DIBZ2016
DBZ16XS1	DIBZ2016
DBZ16RS	DIBZ2016
DESTROY	COOK66
PALSTR	COOK66
CFTREE	COOK66
MXSM	COOK66
FRUITS	COOK66
WBUP101	WBY2016
WBUP102	WBY2016
WBUP104	WBY2016
WBUP103	WBY2016
WBUP105	WBY2016
CWAM1501	COWA2016
CWAM1502	COWA2016
CWAM1503	COWA2016
CWAM1505	COWA2016
CWAM1506	COWA2016
ANUSFR	COOK51
ANUARM	COOK51
ANUWTA	COOK51
ANUTDP	COOK51
ANUMLA	COOK51
CDRN03	COON2019
CHEFARRP	COOK65
CHEFQUE	COOK65
CHEFKLCS	COOK65
CHEFTREE	COOK65
CHEFVEC	COOK65
VOWELDP	KQPM2015
AUSASA	AUST2016
AUSAG	AUST2016
AUEC	AUST2016
AUDH	AUST2016
AUTCN	AUST2016
AUPM	AUST2016
AUNX	AUST2016
AUSF	AUST2016
AUASIF	AUST2016
AUHASH	AUST2016
PATHSG	KQPM2015
SUMMATH	KQPM2015
AMR15C	AMR15ROL
AMR15D	AMR15ROL
AMR15E	AMR15ROL
OPC1601	SOPC1602
OPC1602	SOPC1602
OPC1603	SOPC1602
OPC1604	SOPC1602
CB2	COBA2016
CB3	COBA2016
CB1	COBA2016
CB4	COBA2016
KETSWAP	KQPM2016
KETFAST	KQPM2016
RGAME	JAN16
ASTRD	JAN16
DMCS	JAN16
CHMKTRPS	JAN16
DEVPERF	JAN16
CBALLS	JAN16
SEAKAM	JAN16
CYCLRACE	JAN16
CHEFTMA	JAN16
CHINFL	JAN16
COSH1501	COSH2015
COSH1502	COSH2015
COSH1503	COSH2015
COSH1504	COSH2015
COSH1505	COSH2015
SOPC1501	SOPC2015
SOPC1502	SOPC2015
SOPC1503	SOPC2015
SOPC1504	SOPC2015
SOPC1506	SOPC2015
SOPC1505	SOPC2015
CDRN05	COON2019
CDRN01	COON2019
CHN15A	CHN15ROL
CHN15B	CHN15ROL
CHN15C	CHN15ROL
CHN15D	CHN15ROL
CDRN02	COON2019
CDRN04	COON2019
KOL15C	KOL15ROL
KOL15D	KOL15ROL
KOL15E	KOL15ROL
PLANEDIV	DEC15
CHEFST	DEC15
ORACLCS	DEC15
CHEFFILT	DEC15
CHCINEMA	DEC15
SEADIV	DEC15
MGCHPERM	DEC15
WAYPA	DEC15
CHEFGIRL	DEC15
TANKS	DEC15
GGAME	IPC15P1C
MODQ	IPC15P1C
PSEQ	IPC15P1C
WGAME	IPC15P1C
SSWAP	IPC15P1C
DCOL	IPC15P1C
SSWAP2	IPC15P1C
GRECT	IPC15P1C
QMAXTRIX	LTIME30
KCONNECT	LTIME30
BWCELL	LTIME30
TREEPROD	LTIME30
ZGSEQ	IPC15P1B
QPAIRS	IPC15P1B
LVP	IPC15P1B
KTOUR	IPC15P1B
TOLL	IPC15P1B
ZIGZAGTR	IPC15P1B
MUPDO	IPC15P1B
BOBLOCK	IPC15P1B
BSTRLCP	IPC15P1B
BTREEKK	IPC15P1B
SHINAPP	IPC15P1A
GCDMAX1	IPC15P1A
BWTREE	IPC15P1A
AGRAPH	IPC15P1A
PCHIPS	IPC15P1A
CNTPERM	IPC15P1A
GCDTREE	IPC15P1A
SSUM	IPC15P1A
MAXMAGIC	IPC15P1A
MAGICSTR	IPC15P1A
SEALINE	COOK64
SEAARASU	COOK64
SEAPAIR	COOK64
SEATR	COOK64
SEATR2	COOK64
MHALL	COMN2015
DJMATH	COMN2015
ODD86	COMN2015
COMPNUM	COMN2015
TREEPATH	NOV15
RECRECOV	NOV15
KFUNC	NOV15
CHSTAMP	NOV15
SMPLSUM	NOV15
TREEP	NOV15
EGRCAKE	NOV15
CHEFSHOP	NOV15
REBTET	NOV15
SCRABBLE	NOV15
CHAOS	EXTE2015
RKIRON	EXTE2015
PALSUB	EXTE2015
PMARK	EXTE2015
DDPROB	EXTE2015
CM1501	COMS1501
CM1503	COMS1501
CM1504	COMS1501
CM1505	COMS1501
CDRN06	COON2019
CM1401	CDMS2014
CM1402	CDMS2014
CM1403	CDMS2014
CM1404	CDMS2014
AMMEAT	TSTKGP14
AMSTRING	TSTKGP14
LEFEED	TSTKGP14
AMBALLS	TSTKGP14
AMMEAT2	TSTKGP14
LIZARDS	TCFS15S
YA01	AIPC2015
AN01	AIPC2015
PRI01	AIPC2015
SVNTR	LTIME29
EMITL	LTIME29
FSTSQ	LTIME29
STDPRGS	LTIME29
KOKT01	KOKT2015
KOKT02	KOKT2015
KOKT03	KOKT2015
KOKT04	KOKT2015
KOKT05	KOKT2015
KOKT06	KOKT2015
SCORES	NPLTZ15
FINDEX	NPLTZ15
ROTARR	NPLTZ15
MULMAGIC	NPLTZ15
MISNUM	NPLTZ15
BALSEQ	NPLTZ15
SLIS	COOK63
FSFSFS	COOK63
PP	COOK63
STEM	COOK63
ASP	COOK63
QBIT01	QBIT15
QBIT02	QBIT15
QBIT03	QBIT15
QBIT04	QBIT15
QBIT05	QBIT15
QBIT06	QBIT15
QBIT07	QBIT15
NYUMTEA	NUPNMR15
NYUMAT	NUPNMR15
NYUPIZZA	NUPNMR15
NYUSTONE	NUPNMR15
NYUPLOCK	NUPNMR15
NYUGRID	NUPNMR15
NYUFQFLY	NUPNMR15
NYUFARM	NUPNMR15
NYUTITAN	NUPNMR15
PERM	TCFS15S
SUMMAND	TCFS15S
BITWO	TCFS15S
FARET	TCFS15S
CDRN07	COON2019
CDON15C	CDON2015
CDON15D	CDON2015
CDON15A	CDON2015
CDON15B	CDON2015
CDON15F	CDON2015
CDON15E	CDON2015
KETYES	KTBC2015
DELSUM	KTBC2015
ACM14AM1	TSTAM15
ACM14AM2	TSTAM15
ACM14AM3	TSTAM15
ACM14AM4	TSTAM15
ACM14AM5	TSTAM15
CODEXTRY	CDX2015
CODEXLMB	CDX2015
CDXLRG	CDX2015
CDXNPL	CDX2015
CDXOPTM	CDX2015
LINSUB	CFSN2015
SUYBOB	CFSN2015
PUNBAN	CFSN2015
LINNUM	CFSN2015
AMR14A	TSTAMR15
AMR14B	TSTAMR15
AMR14C	TSTAMR15
AMR14D	TSTAMR15
AMR14E	TSTAMR15
AMR14F	TSTAMR15
AMR14G	TSTAMR15
AMR14H	TSTAMR15
AMR14I	TSTAMR15
AMR14J	TSTAMR15
SLX01	SIMPLX15
SLX02	SIMPLX15
SLX03	SIMPLX15
SLX04	SIMPLX15
SLX05	SIMPLX15
SUBINC	OCT15
KSPHERES	OCT15
PERSHFTS	OCT15
MGCHGYM	OCT15
ADTRI	OCT15
JUMP	OCT15
WDTBAM	OCT15
LOTERY	OCT15
EFFDELIV	OCT15
TIMEASR	OCT15
NEXUS01	NEPR2015
NEXUS00	NEPR2015
NEXUS02	NEPR2015
NEXUS03	NEPR2015
CWAR01	CWAR2015
CWAR02	CWAR2015
CWAR03	CWAR2015
CWAR04	CWAR2015
CWAR05	CWAR2015
CWAR06	CWAR2015
CSP1	CDSK2015
CSP3	CDSK2015
CSP4	CDSK2015
CSP5	CDSK2015
LINEAR	KJCC2015
LUCKY	KJCC2015
WINNER	KJCC2015
PIZZA	KJCC2015
ALPHA	KJCC2015
BERMUDA	KJCC2015
COFFEE	LTIME28
MANYLIST	LTIME28
SPALNUM	LTIME28
PATTMATC	LTIME28
SPRNMBRS	COOK62
SUBGRAPH	COOK62
REIGN2	COOK62
FRGTNLNG	COOK62
STACKS	COOK62
IGCDLIFT	IGCD2015
IGCDMILK	IGCD2015
IGCDMAT	IGCD2015
IGCDMNKY	IGCD2015
NU01	NUCD2015
NU02	NUCD2015
NU03	NUCD2015
HOLDIL	CORU2015
SNTYGE	CORU2015
LOVEA	CORU2015
TGOC	CORU2015
TLA	CORU2015
APTT0001	APTT2015
INSQ15_A	INSQ2015
INSQ15_B	INSQ2015
INSQ15_C	INSQ2015
INSQ15_D	INSQ2015
INSQ15_E	INSQ2015
INSQ15_F	INSQ2015
INSQ15_G	INSQ2015
INSQ15_H	INSQ2015
CHCOM	SPIT1503
CHWORK	SPIT1503
CHPLNTS	SPIT1503
CHTKN	SPIT1503
CHOPRT	SPIT1503
CHFANS	SPIT1503
CODECRCK	SEPT15
MGCH3D	SEPT15
DONUTS	SEPT15
MSTEP	SEPT15
REBXOR	SEPT15
CHTTRS	SEPT15
LIGHTHSE	SEPT15
BANROB	SEPT15
THEGAME	SEPT15
TERVEC	SEPT15
CW002	CODEWARS
CW003	CODEWARS
CW004	CODEWARS
CW005	CODEWARS
CW006	CODEWARS
CW007	CODEWARS
CW008	CODEWARS
MNMX	LTIME27
CLOST	LTIME27
MAKPALIN	LTIME27
INVERT	LTIME27
DUALPAL	COOK61
XORNUBER	COOK61
SEQLCS	COOK61
CARDLINE	COOK61
TWOSTR	COOK61
CREDSNET	CCWC2015
CREDSQR	CCWC2015
CREDCHES	CCWC2015
CREDMNY	CCWC2015
CREDFIBO	CCWC2015
CSTRIKE1	COSE2015
CSTRIKE2	COSE2015
CSTRIKE3	COSE2015
CSTRIKE5	COSE2015
CSTRIKE4	COSE2015
CDBSTR03	CDBU2015
CDBSTR04	CDBU2015
CDBSTR05	CDBU2015
CDBSTR06	CDBU2015
CDBSTR02	CDBU2015
CDBSTR07	CDBU2015
LINCAN	COFU2015
LINXOR	COFU2015
LINCOM	COFU2015
LINFRI	COFU2015
LINGRP	COFU2015
PRCNSR2	PROCON15
PRCNSR3	PROCON15
PRCNSR1	PROCON15
PRCNSR4	PROCON15
PRCNSR6	PROCON15
PRCNSR5	PROCON15
DCGAME	AUG15
GRGUY	AUG15
COOKMACH	AUG15
WOUT	AUG15
CHINSM	AUG15
SCLUSTER	AUG15
ADMAG	AUG15
CLOWAY	AUG15
STETSKLX	AUG15
DISTNUM	AUG15
DIRTBYTE	INTO2015
T9BYTE	INTO2015
MINTOXIA	INTO2015
WEEKDAY	INTO2015
FIBCODE	INTO2015
NBSUM	PRCNJR15
PLGRM	PRCNJR15
STKENC	PRCNJR15
WOLVXR	PRCNJR15
AOU	PRCNJR15
CSKR	PRCNJR15
SNCHT2	PRCNJR15
GDOG	LTIME26
PUPPYGM	LTIME26
PUPPYCT	LTIME26
PUPPYGCD	LTIME26
COPS	COOK60
SUMPAIR	COOK60
KNODES	COOK60
SEQTOWER	COOK60
COMB4SUM	COOK60
AMCS01	AMSC2015
AMCS02	AMSC2015
AMCS03	AMSC2015
AMCS04	AMSC2015
AMCS05	AMSC2015
AMCS06	AMSC2015
WWE	DTMA2015
CHEFU	DTMA2015
LNUM	DTMA2015
CHEFHAR	DTMA2015
RSTRING	DTMA2015
NGAME	DTMA2015
MCHEF	JULY15
HAMILG	JULY15
CHCUBE	JULY15
LCKYST	JULY15
ADDMUL	JULY15
EGBOBRD	JULY15
MAXDIFFW	JULY15
ARYGRD	ALKH2019
CERSOL	ALKH2019
WINHERE	ALKH2019
ENETIRE	ALKH2019
MINIMAX2	ALKH2019
MIRTREE	ALKH2019
NTHCIR	JULY15
EASYEX	JULY15
SEAGM2	JULY15
NOWAYS	HOCO2015
MQRY	HOCO2015
CHEFAOR	LTIME25
CHEFAXR	LTIME25
CHEFSTLT	LTIME25
CHEFDTRE	LTIME25
ANDMAT	SD15FLMR
SHUFFLE2	SD15FLMR
WMIS	SD15FLMR
GUARDS	SD15FLMR
RAMSINSP	SD15FLMR
FUZZYADD	SD15FLMR
TENNIS	SD15FLMR
CHEFNKCH	SD15FLMR
BUGATACK	SD15FLMR
TIMETRAV	SD15FLMR
NICENESS	SD15FLMR
NOLOGIC	TSTAMR14
ROWCOLOP	TSTAMR14
CHEFHCK2	TSTAMR14
MINWDSUM	TSTAMR14
HOB2	TSTAMR14
MARKS	TCFS15P
CAMERAS	TCFS15P
SPIDY2	TCFS15P
PUCK	TCFS15P
PALINREV	TCFS15P
CANDIS	TCFS15P
ANKPAREN	COOK59
ANKMARKS	COOK59
ANKGAME	COOK59
ANKNIM2	COOK59
UTMOPR	COOK59
ANKLEX	SD15ELOP
FFUNCT	SD15ELOP
DIVNINE	SD15ELOP
ANKPAL	SD15ELOP
MAXDIST	SD15ELOP
TTENIS	SD15ELOP
TRINT	TCFS15P
LIZARDS2	TCFS15P
FEYNMAN	TCFS15P
STATSHW	TCFS15P
SPIDY	TCFS15P
CAMERAS2	TCFS15P
RIT01	CODE2015
RIT02	CODE2015
RIT03	CODE2015
RIT04	CODE2015
DEVJERRY	SNCK151C
DEVSHOW	SNCK151C
ANKINTER	SNCK151C
ANCOIMP	JUNE15
FRNDMTNG	JUNE15
CBARG	JUNE15
CHSTR	JUNE15
STDYTAB	JUNE15
MOREFB	JUNE15
CHEFBOOK	JUNE15
CHPLGNS	JUNE15
CONPOIN	JUNE15
SEADIVM	JUNE15
DEVUGRAP	LTIME24
NWAYS	LTIME24
MDIST	LTIME24
MAXMATCH	LTIME24
MXZERO	SNCK151B
RNUM	SNCK151B
ISONUM	SNCK151B
DEVBDAY	COOK58
CFRTEST	COOK58
REARRSTR	COOK58
XORGRID	COOK58
MINPOLY	COOK58
CHEFVOTE	SNCK151A
DINING	SNCK151A
HISTJUNK	SNCK151A
PINOCH1	KOAT2015
PINOCH2	KOAT2015
MASTRIAN	KOAT2015
MASNUM	KOAT2015
KDATZERO	KOAT2015
ALTRTREE	KOAT2015
CYCENCR	KOAT2015
TRAXORB	KOAT2015
HOBB	EXCT2015
TORR	EXCT2015
RACEWARS	EXCT2015
LEGO	EXCT2015
LASTRIDE	EXCT2015
DEVHAND	MAY15
SHOPPING	MAY15
CHEFRP	MAY15
SETDIFF	MAY15
CHAPD	MAY15
CBAL	MAY15
GRAPHCNT	MAY15
CHEFCK	MAY15
SEZ	MAY15
DEVSTR	MAY15
CLCO01	CLCO2015
CLCO02	CLCO2015
CLCO03	CLCO2015
CLCO04	CLCO2015
CLCO05	CLCO2015
CLCO06	CLCO2015
CLCO07	CLCO2015
CLCO08	CLCO2015
HCLEAN	LTIME23
TICKETS5	LTIME23
XETF	LTIME23
PALPROB	LTIME23
SMCD5	SMCS2015
SMCD6	SMCS2015
SMCD7	SMCS2015
ZEROES	INLO2015
GRID01	INLO2015
SCHEME01	INLO2015
MOUSCH01	INLO2015
LAZY01	INLO2015
VCS	COOK57
EQUALITY	COOK57
TDRIVER	COOK57
AGENTS	COOK57
LFIVES	COOK57
SPIT1	SPT2015
SPIT2	SPT2015
SPIT3	SPT2015
SPIT04	SPT2015
SPIT05	SPT2015
PERFTIME	COST2015
TWOFRNDS	COST2015
TOFFEES	COST2015
SFRNDS	COST2015
GWBUT	COST2015
VIRAT	DTCT2015
ABSTR	DTCT2015
WSERIES	DTCT2015
SSEQ	DTCT2015
SUPERCUP	DTCT2015
ICQ1	CDQT2015
ICQ2	CDQT2015
ICQ3	CDQT2015
ICQ4	CDQT2015
BITCJ1	BTCJ2015
BITCJ2	BTCJ2015
BITCJ3	BTCJ2015
BITCJ4	BTCJ2015
BITCJ5	BTCJ2015
GOC201	GOCD2015
GOC202	GOCD2015
GOC203	GOCD2015
GOC204	GOCD2015
GOC205	GOCD2015
GOOGOL01	GOOG2015
GOOGOL03	GOOG2015
GOOGOL06	GOOG2015
GOOGOL05	GOOG2015
GOOGOL02	GOOG2015
GOOGOL04	GOOG2015
PSUDO5	PSCD2015
PSUDO1	PSCD2015
PSUDO2	PSCD2015
PSUDO4	PSCD2015
CSEQ	APRIL15
FRMQ	APRIL15
CARLOS	APRIL15
CHEFLCM	APRIL15
BROKPHON	APRIL15
LPARTY	APRIL15
DIVLAND	APRIL15
DEVVOTE	APRIL15
BWGAME	APRIL15
PIANO1	APRIL15
KAN15RTA	KAN14ROS
KAN15RTB	KAN14ROS
KAN15RTC	KAN14ROS
KAN15RTD	KAN14ROS
KAN15RTE	KAN14ROS
KAN15RTF	KAN14ROS
KAN15RTG	KAN14ROS
KAN15RTH	KAN14ROS
KAN15RTK	KAN14ROS
KAN15RTI	KAN14ROS
KAN15RTJ	KAN14ROS
KAN15RTL	KAN14ROS
SNOWPRIM	DMNT2015
BANKPASS	DMNT2015
SNOWLIST	DMNT2015
AUSCRIC	DMNT2015
BIGO01	BIGO2015
BIGO02	BIGO2015
BIGO03	BIGO2015
BIGO04	BIGO2015
BIGO05	BIGO2015
DBYZ15A	DBYZ15
DBYZ15F	DBYZ15
DBYZ15T	DBYZ15
STRMCH	DBYZ15
DBYZ15C	DBYZ15
DBYZ15B	DBYZ15
DBYZ15T2	DBYZ15
ASHIGIFT	LTIME22
PAINTBOX	LTIME22
UNPAIR	LTIME22
CHEFANUP	LTIME22
NCC3	NCC2015
NCC4	NCC2015
NCC6	NCC2015
NCC8	NCC2015
NCC9	NCC2015
PCSC1	PITTCS15
PCSC2	PITTCS15
PCSC3	PITTCS15
PCSC4	PITTCS15
PCSC5	PITTCS15
PCSC6	PITTCS15
PCSC7	PITTCS15
PCSC8	PITTCS15
PCSC9	PITTCS15
PCSC10	PITTCS15
KINT	COOK56
DIVGOLD	COOK56
STRAB	COOK56
STRBIT	COOK56
VISITALL	COOK56
ITM001	GOC2015
ITM002	GOC2015
ITM003	GOC2015
ITM004	GOC2015
COMA01	COMA2015
COMA02	COMA2015
COMA03	COMA2015
COMA04	COMA2015
CHEFBDAY	COMA2015
CDMN04	CDMN2015
CDMN01	CDMN2015
CDMN05	CDMN2015
CDMN02	CDMN2015
CDMN03	CDMN2015
CHEFBWN	CDGO2015
COMBR	CDGO2015
AMAGIC	CDGO2015
RTREE	CDGO2015
FROOT4	CDGO2015
INC1	PRDN2015
INC2	PRDN2015
INC3	PRDN2015
INC4	PRDN2015
INC5	PRDN2015
LUCBULB	ABYN2015
LDIGIT	ABYN2015
LUCXOR	ABYN2015
LUCKYBIT	ABYN2015
IOPC15A	IOPC2015
IOPC15B	IOPC2015
IOPC15C	IOPC2015
IOPC15D	IOPC2015
IOPC15F	IOPC2015
IOPC15G	IOPC2015
IOPC15H	IOPC2015
IOPC15I	IOPC2015
IOPC15J	IOPC2015
IOPC15K	IOPC2015
IOPC15L	IOPC2015
IOPC15M	IOPC2015
IOPC15O	IOPC2015
IOPC15P	IOPC2015
IOPC15Q	IOPC2015
IOPC15R	IOPC2015
IOPC15N	IOPC2015
IOPC15E	IOPC2015
KJCC01	KJCC1501
KJCC02	KJCC1501
KJCC03	KJCC1501
KJCC04	KJCC1501
KJCC05	KJCC1501
KJCC06	KJCC1501
KJCC07	KJCC1501
KJCC08	KJCC1501
PRLIN	CDPH2015
SPOOKY	CDPH2015
SNAKE	CDPH2015
PRIMPAL	CDPH2015
TRIDIM	CDPH2015
FASTFUR	MTHX2015
CHOCS	MTHX2015
PSG01	COTG2015
PSG02	COTG2015
PSG05	COTG2015
PSG03	COTG2015
PSG04	COTG2015
ESYYSE	CDER2015
FACT25	CDER2015
MATHS	CDER2015
DISPLAY	CDER2015
PALIND	CDER2015
HELPND	CDER2015
EXORO	CDER2015
SHORTCUT	CDER2015
REVER	CDER2015
LUCKYR	CDER2015
DEVCLASS	MARCH15
CNOTE	MARCH15
RNG	MARCH15
SIGNWAVE	MARCH15
MTRWY	MARCH15
QCHEF	MARCH15
SEAPROAR	MARCH15
TREECNT2	MARCH15
STRSUB	MARCH15
EMBED	MARCH15
FCTR1	CDHU2015
HOLES2	CDHU2015
PRPAL3	CDHU2015
ATM5	CDHU2015
SORT4	CDHU2015
CCUBE01	CCBE2015
CCUBE02	CCBE2015
CCUBE03	CCBE2015
CCUBE04	CCBE2015
CCUBE05	CCBE2015
CHEFLAPT	HUMP15R
YJUMP	HUMP15R
STICK	HUMP15R
OVERTAKE	HUMP15R
SWAPMATR	HUMP15R
CHEFGARD	HUMP15R
CHEFCYCL	HUMP15R
FBFRW1	FBFRW15
FBFRW2	FBFRW15
FBFRW3	FBFRW15
FBFRW4	FBFRW15
FBFRW5	FBFRW15
ACUGRAY	ACMN2015
ACUPALIN	ACMN2015
ACUSET	ACMN2015
ACULIST	ACMN2015
ACUGRAM	ACMN2015
ACUPARA	ACMN2015
DCL2015A	DCL1501
DCL2015B	DCL1501
DCL2015D	DCL1501
DCL2015E	DCL1501
DCL2015G	DCL1501
DCL2015F	DCL1501
RAGOOD	BRCD2015
TTEACH	BRCD2015
CKTFEV	BRCD2015
SURFRN	BRCD2015
PALHAPPY	BRCD2015
NGTBIT	BRCD2015
BIT1502	BBYB2015
BIT1501	BBYB2015
BIT1504	BBYB2015
BIT1505	BBYB2015
BIT1506	BBYB2015
TIME	CDTR1502
MULTIPLY	CDTR1502
QUERIES	CDTR1502
TOUR	CDTR1502
COCR01	COCR2015
COCR02	COCR2015
COCR03	COCR2015
COCR04	COCR2015
COCR05	COCR2015
COCR06	COCR2015
COCR07	COCR2015
COCR08	COCR2015
COCR09	COCR2015
COCR10	COCR2015
PRYS01	PRYS2015
PRYS03	PRYS2015
PRYS05	PRYS2015
PRYS07	PRYS2015
PRYS11	PRYS2015
PRYS08	PRYS2015
PRYS02	PRYS2015
PRYS04	PRYS2015
PRYS06	PRYS2015
PRYS09	PRYS2015
BTCD1501	BYCD2015
BTCD1502	BYCD2015
BTCD1503	BYCD2015
BTCD1504	BYCD2015
BTCD1505	BYCD2015
BTCD1506	BYCD2015
BTCD1507	BYCD2015
BTCD1508	BYCD2015
BTCD1509	BYCD2015
BTCD1510	BYCD2015
LPATH	CDME2015
DGAME	CDME2015
PRFUN	CDME2015
DRKNGHT	CDME2015
CDSW151	CDSH2015
CDSW152	CDSH2015
CDSW155	CDSH2015
CDSW154	CDSH2015
CDSW153	CDSH2015
MORALE99	INTW2020
MBIDOL	INTW2020
UCL1	INTW2020
NUMWAY	INTW2020
LMS	INTW2020
LOLCHOC	INTW2020
GBPMAX	INTW2020
SSHOES	INTW2020
XORSEQ	GHC32020
MOON	GHC32020
BCK2	GHC32020
CHRIST02	GHC32020
FTALES01	GHC32020
CHRIST01	GHC32020
GIFTSRC	COOK116B
CHCBOX	COOK116B
MAXBTY	COOK116B
RANDCHCL	COOK116B
MYSARA	COOK116B
TRERMB	COOK116B
ESCTRE	COOK116B
RACING	TCFS15P
CUBEMOD	TCFS15P
CW1	CDWR2014
CW2	CDWR2014
CW6	CDWR2014
CW4	CDWR2014
CW3	CDWR2014
COG2002	COG2020
COG2005	COG2020
COG2001	COG2020
COG2003	COG2020
COG2004	COG2020
COG2006	COG2020
COG2007	COG2020
REATLAST	KQKM2020
HRJMP	KQKM2020
DRSTRNGE	COSQ2020
PRGOTHAM	COSQ2020
ONEPIECE	COSQ2020
LARA	COSQ2020
VISIONMS	COSQ2020
DLVORMIR	COSQ2020
CORE2001	CORE2020
CORE2002	CORE2020
CORE2003	CORE2020
CORE2004	CORE2020
CORE2005	CORE2020
CORE2006	CORE2020
CORE2007	CORE2020
ALPR2000	AGPR2020
ALPR2002	AGPR2020
ALPR2005	AGPR2020
ALPR2003	AGPR2020
ALPR2004	AGPR2020
STRNM	CBEN2020
PERMWAR	CBEN2020
RESVATK	CBEN2020
TOARR	CBEN2020
RPTBIN	CBEN2020
ENGXOR	MARCH20B
BREAK	MARCH20B
LAZER	MARCH20B
LAZERTST	MARCH20B
CHEFDAG	MARCH20B
INVXOR	MARCH20B
CHPINTU	MARCH20B
MDSWIN2	MARCH20B
ADANTS	MARCH20B
ADASHOP2	MARCH20B
GOODSEGS	MARCH20B
EGGFREE	MARCH20B
CW5	CDWR2014
CHEFGR	OCT14
CHEFPNT	OCT14
FATCHEF	OCT14
CHEFSQUA	OCT14
QSTRING	OCT14
BTREE	OCT14
SEATSR	OCT14
TRIPS	OCT14
PRPOTION	OCT14
PRLADDU	OCT14
IITK1P01	WPC1401
VERYTALL	UPGD2020
WOWSTRNG	UPGD2020
QUADEQN	UPGD2020
UPGD2001	UPGD2020
UPGD2002	UPGD2020
UPGD2003	UPGD2020
UPGD2004	UPGD2020
UPGD2005	UPGD2020
UPGD2006	UPGD2020
UPGD2007	UPGD2020
UPGD2008	UPGD2020
UPGD2009	UPGD2020
UPGD2010	UPGD2020
SALARSQL	UPGD2020
KQM24A	QM242020
KQM24B	QM242020
ALR20B	ALRA2020
ALR20C	ALRA2020
ALR20D	ALRA2020
ALR20E	ALRA2020
ALR20A	ALRA2020
ALR20F	ALRA2020
PPPR	CACD2020
MODME	CACD2020
CARS	CACD2020
SGE	CACD2020
RRMM	CACD2020
STOCKMAX	CACD2020
AJP	CACD2020
CHFDGT	CACD2020
TCFL20B	TCFL2020
TCFL20C	TCFL2020
TCFL20D	TCFL2020
TCFL20E	TCFL2020
TCFL20A	TCFL2020
TCFL20F	TCFL2020
CORTREE	LTIME81B
PAINTERP	LTIME81B
POPGATES	LTIME81B
SWAPPALI	LTIME81B
NOTALLFL	LTIME81B
MONSTBAT	LTIME81B
IITK1P02	WPC1401
SECRETMI	LTIME81B
IITK1P03	WPC1401
IITK1P04	WPC1401
IITK1P05	WPC1401
IITK1P06	WPC1401
IITK1P07	WPC1401
IITK1P08	WPC1401
IITK1P09	WPC1401
CC003	HECS2020
CC001	HECS2020
CC002	HECS2020
CC005	HECS2020
CC004	HECS2020
CC000	HECS2020
UWCOI20A	UWCOI20
UWCOI20B	UWCOI20
UWCOI20C	UWCOI20
UWCOI20D	UWCOI20
UWCOI20E	UWCOI20
UWCOI20F	UWCOI20
UWCOI20G	UWCOI20
STROCK	CUBE2020
BDRYIIST	CUBE2020
ROBINFW	CUBE2020
SUBTWOPO	CUBE2020
KQM23A	KQM2020
KQM23B	KQM2020
BC20R101	LEED2020
BC20R102	LEED2020
BC20R103	LEED2020
BC20R104	LEED2020
BC20R105	LEED2020
ECFEB201	ENFE2020
ECFEB202	ENFE2020
ECFEB203	ENFE2020
ECFEB204	ENFE2020
ECFEB205	ENFE2020
ECFEB206	ENFE2020
ECFEB207	ENFE2020
NCC005	NCC2020
NCC002	NCC2020
NCC006	NCC2020
NCC004	NCC2020
NCC003	NCC2020
CODE_00	COM12020
CODE_01	COM12020
CODE_02	COM12020
CODE_03	COM12020
CODE_04	COM12020
LUCKYNO	STRT2020
BOXINBOX	STRT2020
RANPRO	STRT2020
TEMPLE	STRT2020
PROFDE	STRT2020
CEMENT	STRT2020
PRIMEBIT	STRT2020
CRWDCN	STRT2020
TMHA01	TMHA2020
MAKEOR	ZING2020
LGST	ZING2020
MSITNT	ZING2020
BEEANCES	ZING2020
SUBMAXA	COOK115B
CHFDIV	COOK115B
CYCLCSUM	COOK115B
XORGM	COOK115B
PEPPERA	COOK115B
PSHOT	COOK115B
SLAB	COOK115B
IITK1P10	WPC1401
IITK1P11	WPC1401
CHEFA	LTIME16
CHEFB	LTIME16
CHEFC	LTIME16
CHEFD	LTIME16
INSM01	INSM2014
QM22A	KQ222020
QM22B	KQ222020
ICM2001	ICM2020
ICM2002	ICM2020
ICM2005	ICM2020
ICM2004	ICM2020
ICM2007	ICM2020
ICM2003	ICM2020
ICM2006	ICM2020
ICM2008	ICM2020
DCC201	DCC2020
DCC202	DCC2020
DCC203	DCC2020
DCC204	DCC2020
DCC205	DCC2020
DCC206	DCC2020
NXS1	REER2020
NXS2	REER2020
NXS3	REER2020
NXS4	REER2020
KAMLIKE	CORS2020
PENEVAL	CORS2020
JOJO	CORS2020
SOCCIR	CORS2020
OWNPC	CORS2020
CDCUR01	COTS2020
CDCUR02	COTS2020
CDCUR03	COTS2020
CDCUR05	COTS2020
DECOXOR	DECO2020
DECOREST	DECO2020
DECOGCD	DECO2020
DECOSUM	DECO2020
DECOSNKE	DECO2020
DECOPAIR	DECO2020
QM21A	QM212020
QM21B	QM212020
MGLISD	ONCO2020
COC	ONCO2020
LDRBRD	ONCO2020
PSWRD	ONCO2020
TRNSN	ONCO2020
BOMB	ONCO2020
DDCP	DOEX2015
CHBILL	DOEX2015
LETRI	DOEX2015
VIVAL	DOEX2015
HELPME	DOEX2015
ACMICL1	ICL2015
ACMICL2	ICL2015
ACMICL3	ICL2015
ACMICL4	ICL2015
ACMICL5	ICL2015
FCUBE	LTIME21
WPROB	LTIME21
HLDOTS	LTIME21
LUCKFOUR	LTIME21
CDMU02	CDMU2015
CDMU04	CDMU2015
CDMU03	CDMU2015
CDMU05	CDMU2015
CDMU06	CDMU2015
CDMU01	CDMU2015
JNTUV1	CDTR2015
JNTUV2	CDTR2015
JNTUV3	CDTR2015
JNTUV4	CDTR2015
ABA15A	ABCS2015
ABA15B	ABCS2015
ABA15C	ABCS2015
ABA15D	ABCS2015
ABA15E	ABCS2015
ABA15F	ABCS2015
ABA15G	ABCS2015
IGNUS15A	IGNU2015
IGNUS15B	IGNU2015
IGNUS15C	IGNU2015
IGNUS15D	IGNU2015
IGNUS15E	IGNU2015
SUBARRAY	COOK55
FOMBRO	COOK55
SPSHORT	COOK55
TRISQ	COOK55
WORLDCUP	COOK55
BI03	BION2015
BI02	BION2015
BI01	BION2015
CRANHYPL	CRNM2015
CRANPAIR	CRNM2015
CRANREVG	CRNM2015
CRANQRYS	CRNM2015
CRNMBDRP	CRNM2015
CWAMR101	CDWR1501
CWAMR102	CDWR1501
CWAMR103	CDWR1501
CWAMR104	CDWR1501
CWAMR105	CDWR1501
CZPR01	CSZLPR15
CZPR02	CSZLPR15
CZPR03	CSZLPR15
CZPR04	CSZLPR15
IDCLOVE	MDSW2015
IDCMSG	MDSW2015
CDTHN	MDSW2015
JOV	MDSW2015
ALNUM	MDSW2015
CHEFCH	FEB15
STFM	FEB15
STRQ	FEB15
RANKLIST	FEB15
CUSTPRIM	FEB15
CHEFGRPH	FEB15
CHEFEQ	FEB15
XRMTRX	FEB15
DEVLOCK	FEB15
CHPUZZLE	FEB15
CSIXIERL	CODC2015
CSIXIEAN	CODC2015
CSIXIEVR	CODC2015
CSIXIEPA	CODC2015
CDVA1501	CDVA2015
CDVA1502	CDVA2015
CDVA1503	CDVA2015
CDVA1504	CDVA2015
CDVA1505	CDVA2015
CDVA1507	CDVA2015
CDVA1508	CDVA2015
CDVS1506	CDVA2015
CDVA1509	CDVA2015
CDVA1510	CDVA2015
CPAL	CDCRF15R
TSORTA	CDCRF15R
COPERM	CDCRF15R
CSUBARR	CDCRF15R
CWAYS	CDCRF15R
DSET	CDCRF15R
LOLOL	CDCRF15R
PNUM	CDCRF15R
QUTREE	CDCRF15R
SMAUG	CDCRF15R
THIEF	CDCRF15R
CDBSTR1	CDBR2015
CDBSTR2	CDBR2015
CDBSTR3	CDBR2015
CDBSTR4	CDBR2015
CDBSTR5	CDBR2015
CDBSTR6	CDBR2015
CDBSTR7	CDBR2015
XC201	XCPT2015
XC103	XCPT2015
XC204	XCPT2015
XC202	XCPT2015
XC203	XCPT2015
CDCR15_3	CDCR2015
CDCR15_4	CDCR2015
CDCR15_5	CDCR2015
CDCR15_1	CDCR2015
CDCR15_2	CDCR2015
SWAPS	CDSU2015
MHTPAIR	CDSU2015
PRDIV	CDSU2015
MHTCLASS	CDSU2015
MHTBAG	CDSU2015
VOGOZO	INPR1503
TWINRO	INPR1503
REACAR	INPR1502
GLBEGA	INPR1502
CD1IT1	DCOD2015
CD1IT2	DCOD2015
CD1IT4	DCOD2015
CD1IT5	DCOD2015
CD1IT3	DCOD2015
CULPRO	INPR1501
DOMSOL	INPR1501
ALMA01	ALMA2015
ALMA02	ALMA2015
ALMA03	ALMA2015
ALMA04	ALMA2015
ALMA05	ALMA2015
IWIN	PSYC2015
PRAC	PSYC2015
REPUB	PSYC2015
SWEET	PSYC2015
CHOC	PSYC2015
RECCKT	RCSN2015
RECMSG	RCSN2015
RECPLA	RCSN2015
RECREP	RCSN2015
RECBOX	RCSN2015
LCH15JAB	LTIME20
LCH15CD	LTIME20
LCH15JEF	LTIME20
LCH15JGH	LTIME20
K15A	KRKS2015
K15B	KRKS2015
K15C	KRKS2015
K15D	KRKS2015
K15E	KRKS2015
K15F	KRKS2015
K15G	KRKS2015
K15H	KRKS2015
K15I	KRKS2015
K15J	KRKS2015
K15K	KRKS2015
FCTDIG	GRCO2015
NUMMAX3	GRCO2015
MAJNUM	GRCO2015
SUBMAT	GRCO2015
EQUINUM	GRCO2015
NXTBIG	GRCO2015
SUBSORT	GRCO2015
IITK2P01	WPC1501
IITK2P02	WPC1501
IITK2P03	WPC1501
IITK2P04	WPC1501
IITK2P05	WPC1501
IITK2P06	WPC1501
IITK2P07	WPC1501
IITK2P08	WPC1501
IITK2P09	WPC1501
IITK2P10	WPC1501
ANURRZ	COOK54
ANUBTG	COOK54
ANUTHM	COOK54
ANUAAA	COOK54
ANUAHR	COOK54
PRVG151	PRVG2015
PRVG152	PRVG2015
PRVG153	PRVG2015
PRVG154	PRVG2015
PRVG155	PRVG2015
CDXM2	EQBR2014
CDXM4	EQBR2014
CDXM3	EQBR2014
CDXM1	EQBR2014
CN01	CONI2015
CN02	CONI2015
CN03	CONI2015
CN04	CONI2015
CN05	CONI2015
INSM02	INSM2014
INSM03	INSM2014
INSM04	INSM2014
INSM05	INSM2014
INSM06	INSM2014
CCCS2	CDST2014
CCCS3	CDST2014
CCCS4	CDST2014
CCCS1	CDST2014
SUBGCD	COOK50
FIBGCD	DINP1501
CHEFROAD	DINP1501
CHEFMOON	DINP1501
CHEFARR	DINP1501
CHEFHILL	DINP1501
CHEFPOW	DINP1501
ARHN01	ARHN1502
ARHN04	ARHN1502
ARHN06	ARHN1502
ARHN07	ARHN1502
ARHN08	ARHN1502
ARHN09	ARHN1502
ARHN10	ARHN1502
SEAVOTE	JAN15
SEALCM	JAN15
SEAND2	JAN15
RANKA	JAN15
QSET	JAN15
ONEKING	JAN15
CHEFSTON	JAN15
CLPERM	JAN15
XRQRS	JAN15
GCDQ	JAN15
TADELIVE	LTIME19
TASUMOBC	LTIME19
TAQTREE	LTIME19
TASTRMAT	LTIME19
KGP14A	KGP14ROS
KGP14B	KGP14ROS
KGP14C	KGP14ROS
KGP14D	KGP14ROS
KGP14E	KGP14ROS
KGP14F	KGP14ROS
KGP14G	KGP14ROS
KGP14H	KGP14ROS
KGP14I	KGP14ROS
KGP14J	KGP14ROS
RRSERVER	COOK53
RRMTRX2	COOK53
RRJAM	COOK53
RRJOKE	COOK53
RRPLAYER	COOK53
QUCOITA	QUCO2014
QUCOBIC	QUCO2014
QUCOATO	QUCO2014
QUCOCYL	QUCO2014
QUCOLCM	QUCO2014
XC102	XCEP2014
XC104	XCEP2014
XC105	XCEP2014
XC106	XCEP2014
XC107	XCEP2014
CAPPLE	DEC14
XORSUB	DEC14
SANSKAR	DEC14
CHEFBR	DEC14
SEAGCD	DEC14
DIVIDEN	DEC14
RIN	DEC14
KALKI	DEC14
CHEFPRES	DEC14
GOODGAL	DEC14
PUZZLES	ICPC14PR
PREPARE	ICPC14PR
COMMUTE	ICPC14PR
PAIRING	ICPC14PR
SEEDS	ICPC14PR
EXPCOMM	ICPC14PR
MONTRANS	ICPC14PR
PALIPALI	ICPC14PR
SNAKY	ICPC14PR
GROUPING	ICPC14PR
NDLVOTE	ICPC14PR
DRAGNXOR	ICPC14PR
ROTSTRNG	ICPC14PR
KCHIPS	ICPC14PR
TKCHOCS	ICPC14PR
LASTDIG	ICPC14PR
DIGROT	ICPC14PR
TARPRACT	ICPC14PR
YASEQ	ICPC14PR
HOTEL	ICPC14PR
COLLIDE	ICPC14PR
KSUBSUM	ICPC14PR
FALLDOWN	ICPC14PR
FLOORSMV	ICPC14PR
TAKEAWAY	ICPC14PR
CIELNUM1	ICPC14PR
CIELNUM2	ICPC14PR
CIELGAME	ICPC14PR
CIELWEB	ICPC14PR
CIELLAND	ICPC14PR
PTOSS	ICPC14PR
PPERM	ICPC14PR
RRECIPE	ICPC14PR
CARVANS	ICPC14PR
COALSCAM	ICPC14PR
ATKCTR	ICPC14PR
CBLOCKS	ICPC14PR
DQPERMS	ICPC14PR
BALL	ICPC14PR
FSSYNC	ICPC14PR
LIGHTS	ICPC14PR
MSTRINGS	ICPC14PR
MINMAX	ICPC14PR
PSTRINGS	ICPC14PR
RNEST	ICPC14PR
FINDHOLE	ICPC14PR
SNAPE	ICPC14PR
TAVISUAL	ICPC14PR
TAPALIN	ICPC14PR
TABUS	ICPC14PR
TASTR	ICPC14PR
TABISHOP	ICPC14PR
LOGO	ICPC14PR
BICO	ICPC14PR
TCP	ICPC14PR
DFSGRID	ICPC14PR
GRIDCOL	ICPC14PR
RIGHTRI	ICPC14PR
DIVQUERY	ICPC14PR
STRDIG	ICPC14PR
GERALD3	ICPC14PR
GERALD03	ICPC14PR
KAN13A	ICPC14PR
KAN13B	ICPC14PR
KAN13C	ICPC14PR
KAN13D	ICPC14PR
KAN13E	ICPC14PR
KAN13F	ICPC14PR
KAN13G	ICPC14PR
KAN13H	ICPC14PR
KAN13I	ICPC14PR
GERALD04	ICPC14PR
GERALD05	ICPC14PR
GERALD06	ICPC14PR
DIVGAME	ICPC14PR
ABCSTR	ICPC14PR
MINXOR	ICPC14PR
PALIN3	ICPC14PR
DIREL	ICPC14PR
DIVIDING	ICPC14PR
ANUSAR	ICPC14PR
ANUBGC	ICPC14PR
ANUDTC	ICPC14PR
ANUUND	ICPC14PR
ANUBTT	ICPC14PR
WTHINGS	ICPC14PR
FLAGS	ICPC14PR
KNPSK	ICPC14PR
PNTNG	ICPC14PR
IDOLS	ICPC14PR
AMRIT13A	ICPC14PR
AMRIT13B	ICPC14PR
AMRIT13C	ICPC14PR
AMRIT13D	ICPC14PR
AMRIT13E	ICPC14PR
AMRIT13F	ICPC14PR
ACM14KP1	KG14ROL2
ACM14KP2	KG14ROL2
ACM14KP3	KG14ROL2
ACM14KP4	KG14ROL2
ACM14KP5	KG14ROL2
WSC	LTIME18
WSCAGAIN	LTIME18
DIVIDE	LTIME18
GRIDCONN	LTIME18
ACM14KG1	KGP14ROL
ACM14KG2	KGP14ROL
ACM14KG3	KGP14ROL
ACM14KG4	KGP14ROL
ACM14KG5	KGP14ROL
CDTR01	CDTR2014
CDTR02	CDTR2014
CDTR04	CDTR2014
CDTR05	CDTR2014
CDTR06	CDTR2014
ACM14KN1	KAN14ROL
ACM14KN2	KAN14ROL
ACM14KN3	KAN14ROL
ACM14KN4	KAN14ROL
BRACKETS	COOK52
PETERSEN	COOK52
LSTGRPH	COOK52
MOSTDIST	COOK52
COVERING	COOK52
TOMJER	MTRX2014
JERRYRUN	MTRX2014
STIKGAME	MTRX2014
JERYFIBO	MTRX2014
APPUZZLE	MTRX2014
FLITKT	MTRX2014
DATE	MTRX2014
CHFBOOKS	CDSM2014
CHFFIELD	CDSM2014
CHEFTR	CDSM2014
PPOW	CDSM2014
CHFMAX	CDSM2014
PND	CDAV2014
THUNT	CDAV2014
POWER	CDAV2014
TRAP	CDAV2014
JIGGLY	CDAV2014
CCH	CDAV2014
LCK	CDAV2014
CHEFSEG	NOV14
CHEFWORD	NOV14
DISCHAR	NOV14
POWERMUL	NOV14
RBTREE	NOV14
SEAPERM2	NOV14
SEAORD	NOV14
PRPALN	NOV14
FNCS	NOV14
SPELL	NOV14
DCQ1401	COQU2014
DCQ1402	COQU2014
DCQ1403	COQU2014
DCQ1404	COQU2014
DCQ1405	COQU2014
RADRAM	CDZP2014
AMM45	CDZP2014
BKW	CDZP2014
PRST	CDZP2014
CAN1	CDZP2014
SUBLCM	COOK50
GRID	COOK50
WW2	COOK50
UPDTREE	COOK50
ATTIC	TSTKAN14
ALETHIO	TSTKAN14
TYTACTIC	TSTKAN14
TRANSFIG	TSTKAN14
INVITES	TSTKAN14
ROTATION	SEPT14
UASEQ	SEPT14
QRECT	SEPT14
FIBTREE	SEPT14
SEABUB	SEPT14
RAINBOWB	SEPT14
CHEFLR	SEPT14
FLOORI4	SEPT14
CHEFINV	SEPT14
FACTORIZ	SEPT14
CREDEXAM	CLASH14
CREDROPE	CLASH14
CREDLEAD	CLASH14
CREDMAEX	CLASH14
CREDCHOC	CLASH14
CREDDIST	CLASH14
CREDPLWD	CLASH14
CREDCLRS	CLASH14
CREDNCSM	CLASH14
CREDVOLC	CLASH14
HHAL	LTIME15
WALL	LTIME15
IRONISL	LTIME15
DRAGONST	LTIME15
TREEGAME	COOK49
PERMSUFF	COOK49
TREERGB	COOK49
SHOOTING	COOK49
CNTDIGIT	COOK49
PLTGRP	PRCNSR14
GAME2048	PRCNSR14
HLPSUG	PRCNSR14
HPYBDAY	PRCNSR14
HTLPLM	PRCNSR14
CRAWA	AUG14
SEASHUF	AUG14
REVERSE	AUG14
PUSHFLOW	AUG14
CLETAB	AUG14
MOU2H	AUG14
TSHIRTS	AUG14
SIGFIB	AUG14
EQUAKE	AUG14
PRGIFT	AUG14
TAAND	LTIME14
TASHIFT	LTIME14
TALCA	LTIME14
TAEDITOR	LTIME14
RRCOPY	COOK48
RRDAG	COOK48
RRTREE2	COOK48
RRSUM	COOK48
RRFRNDS	COOK48
CSUB	JULY14
DISHOWN	JULY14
GNUM	JULY14
LUCKG	JULY14
SGARDEN	JULY14
RETPO	JULY14
FROGV	JULY14
GERALD09	JULY14
LEPAINT	JULY14
SEAEQ	JULY14
WATER	UCOD2020
BOARDS	UCOD2020
DSEXAM	UCOD2020
SERVING	UCOD2020
ODDARRAY	UCOD2020
SNUG_FIT	FEB20B
NOCHANGE	FEB20B
BALNET	FEB20B
CHEFRAIL	FEB20B
EXPCH	FEB20B
CHGORAM2	FEB20B
THEATRE	FEB20B
RAISINS	FEB20B
CASH	FEB20B
LONGCOOK	FEB20B
POLCHAIN	FEB20B
PROMLIV	ALKH2019
DANOW	ALKH2019
THCOM	ALKH2019
SATY0000	ALKH2019
CTST	CDUT2019
OMNA	CDUT2019
DIVGM	CDUT2019
WWCD	CDUT2019
MILC	CDUT2019
DELV	CDUT2019
XORMIN	APRIL19A
BEGEVY	FOLG2020
BRUET	FOLG2020
CLSRE	FOLG2020
ELNIR	FOLG2020
FEARNG	FOLG2020
TINBIT	FOLG2020
GMPLAY	FOLG2020
PRLM1	BLIT2020
PRLM2	BLIT2020
WW3	BLIT2020
ESY2	BLIT2020
DICT	BLIT2020
CRRPOS	BLIT2020
ONELAND	HK362020
FPAIRS	HK362020
MULSTR	HK362020
PLEAS	HK362020
CANYOU	HK362020
HLPMIL	HK362020
NOTSO	HK362020
TREETR	HK362020
QM20A	QM202020
QM20B	QM202020
CHOCOPI	COFW2020
MANTREE	COFW2020
DIMON	COFW2020
MXVAL	COFW2020
KOJS	COFW2020
GIVENGET	COFW2020
LEXANALZ	COFW2020
FFC320D	FFC32020
FFC320A	FFC32020
FFC320E	FFC32020
FFC320B	FFC32020
FFC320C	FFC32020
FFC320G	FFC32020
HCODE01	HOCO2020
HCODE02	HOCO2020
HCODE03	HOCO2020
HCODE04	HOCO2020
HCODE05	HOCO2020
HCODE06	HOCO2020
CJQK01	CJQK2020
CJQK02	CJQK2020
CJQK03	CJQK2020
CJQK04	CJQK2020
CJQK05	CJQK2020
ABSEQ	COMA2020
PRDSUM	COMA2020
SERIES	COMA2020
WORK	COMA2020
BPAIRS	COMA2020
QUERYT	COMA2020
CUPID	COMA2020
KQM19A	QM192020
KQM19B	QM192020
ECJAN20G	ENJA2020
ECJAN20A	ENJA2020
ECJAN20B	ENJA2020
ECJAN20C	ENJA2020
ECJAN20D	ENJA2020
ECJAN20E	ENJA2020
ECJAN20F	ENJA2020
ECJAN20H	ENJA2020
ECJAN20I	ENJA2020
CBCP20P1	CBCP2020
CPCP20P2	CBCP2020
CBCP20P3	CBCP2020
CCDSAP	LTIME80B
STFOOD	LTIME80B
CARR	LTIME80B
MINMAXIN	LTIME80B
BFRIEND	LTIME80B
POPTUNNL	LTIME80B
PAPER	LTIME80B
KLPM	APRIL19A
CHEFOFR	APRIL19A
SUBREM	APRIL19A
SJ1	APRIL19A
STRCH	APRIL19A
FENCE	APRIL19A
MAXREM	APRIL19A
JGEC	AABH2020
CRICBZ	AABH2020
ODTPIC	AABH2020
XYBACT	AABH2020
STRTLN	AABH2020
TWKNGS	AABH2020
XORSGT	AABH2020
SDCOR1	SDCO2020
SDCOR2	SDCO2020
SDCOR3	SDCO2020
SDCOR4	SDCO2020
SDCOR5	SDCO2020
SDCOR6	SDCO2020
SDCOR7	SDCO2020
SCGOR1	SCGO2020
SCGOR2	SCGO2020
SCGOR3	SCGO2020
SCGOR4	SCGO2020
SCGOR5	SCGO2020
PRT	COOK114B
PLIND	COOK114B
EXAMCHT	COOK114B
CHFCHK	COOK114B
CNTIT	COOK114B
RGAND	COOK114B
CFINASUM	COOK114B
EDGY	APRIL19A
RECTARAN	APRIL19A
SONIQUE	APRIL19A
PARTCNT	ICOP1806
ANURAJ	ICOP1806
MINMAX2	ICOP1806
MINMAX3	ICOP1806
TM19A	KQM12020
TM19B	KQM12020
SRCOR1	SRCO2020
SRCOR2	SRCO2020
SRCOR3	SRCO2020
SRCOR4	SRCO2020
SRCOR5	SRCO2020
COWA19A	COWR2020
COWA19B	COWR2020
COWA19C	COWR2020
COWA19E	COWR2020
COWA19F	COWR2020
LZYG	COSS2020
MATP	COSS2020
SNAR	COSS2020
ACMP	COSS2020
AYPA	COSS2020
SAMN	COSS2020
MINIKILL	PLIT2020
GRUMARS	PLIT2020
GRUBAN	PLIT2020
BANSTR	PLIT2020
CUPACO	PLIT2020
MINIAND	PLIT2020
GRUSORT	PLIT2020
VILLINE	PLIT2020
SOPC001	SAPC2019
SOPC006	SAPC2019
SOPC008	SAPC2019
SOPC010	SAPC2019
SOPC012	SAPC2019
SOPC019	SAPC2019
SOPC016	SAPC2019
SOPC013	SAPC2019
CDUTSV01	HEST2020
CDUTSV02	HEST2020
CDUTSV03	HEST2020
CDUTSV04	HEST2020
CDUTSV05	HEST2020
GCDFUN	PLIN2020
SPACEWLK	PLIN2020
SRCHENGN	PLIN2020
UKP1	PLIN2020
SPCEXM	PLIN2020
SPCWAR	PLIN2020
BALASEQ	PLIN2020
DSTROY	PLIN2020
CNTSET	PLIN2020
TRIPPY	PLIN2020
OTSERC	PLIN2020
PJCYP	PLIN2020
ARRQRY	KA19MOS
BEAUAR	KA19MOS
GVAWAY	KA19MOS
LNDNCK	KA19MOS
WGTNKLC	KA19MOS
PRMPRT	KA19MOS
FCIPL	KA19MOS
MINDIST	KA19MOS
WALK4	KA19MOS
KPRB	KA19MOS
MAGC	NITC2020
MTLS	NITC2020
FIXT	NITC2020
MITLOV	NITC2020
TATU	NITC2020
CHUNO	NITC2020
MADOMA	NITC2020
ISBIAS	JAN20B
CHFDORA	JAN20B
DYNAMO	JAN20B
CHEFPSA	JAN20B
DFMTRX	JAN20B
OWCAFILE	JAN20B
ARMYOFME	JAN20B
BRKBKS	JAN20B
ANTHILL	JAN20B
CHEFARMY	JAN20B
ENGLISH	JAN20B
BOWLERS	COOK122B
BULBS	COOK122B
MININS	COOK122B
MVAL	COOK122B
JTSARTR	COOK122B
BRBAL	COOK122B
GPHLBL	COOK122B
ABX01	LTIME55
NW1	LTIME55
ABX02	LTIME55
ABX03	LTIME55
BLKWID	BITF2017
AVGRTRP	BITF2017
CFS2001	CFUS2020
CFS2002	CFUS2020
CFS2003	CFUS2020
CFS2004	CFUS2020
CFS2005	CFUS2020
CFS2006	CFUS2020
CFS2007	CFUS2020
SC_01	SCAT2020
SC_02	SCAT2020
SC_03	SCAT2020
DIG11	FOYO2019
SC_04	SCAT2020
SC_05	SCAT2020
EVOTECH4	EVOT2020
SSEC0004	SSCC2020
SSEC0005	SSCC2020
SSEC0006	SSCC2020
SSEC0010	SSCC2020
SSEC0020	SSCC2020
SSEC0015	SSCC2020
IRVS	CSEP2020
JOJOA	CSEP2020
TOBY	CSEP2020
NIRURAM2	CSEP2020
GORIV	CSEP2020
GKSMNLC	COFY2020
GKSMNHM	COFY2020
GKSMNIP	COFY2020
GKSMNRTD	COFY2020
GKSMNRSK	COFY2020
GKSMNIVC	COFY2020
PASSHACK	ABCC2020
GFPOOL	ABCC2020
MATHCHEF	ABCC2020
POINT	ABCC2020
STRING	ABCC2020
NCR19	FOYO2019
IMI55	FOYO2019
EIG8	FOYO2019
KGO15	FOYO2019
PRF8	FOYO2019
MAR14	FOYO2019
BTC55	FOYO2019
TWOGREAT	FOYO2019
PUZZ15	FOYO2019
LULD	FOYO2019
POGOSTCK	LTIME70B
TSTROBOT	LTIME70B
ECAUG201	ENAU2020
ECAUG202	ENAU2020
ECAUG203	ENAU2020
ECAUG204	ENAU2020
ECAUG205	ENAU2020
ECAUG206	ENAU2020
ECAUG207	ENAU2020
ECAUG208	ENAU2020
ECAUG209	ENAU2020
CMX1P01	COMX2020
CMX1P03	COMX2020
CMX1P05	COMX2020
CMX1P02	COMX2020
CMX1P04	COMX2020
TREF	LTIME70B
SEVENSEG	LTIME70B
TRVLCHEF	LTIME70B
PERMPART	LTIME70B
GCDS	LTIME70B
ANAVIL	BITF2017
WONWOM	BITF2017
SUPGLRES	BITF2017
SERIESTO	CEFT2020
INTER	CEFT2020
MAKEHAPP	CEFT2020
QFUN	CEFT2020
BUNKGUY	CEFT2020
GRIG	COVO2020
COV2TREE	COVO2020
SARRAY	COVO2020
SIMPUL	COVO2020
BINARR	COVO2020
CHEF1001	BING2020
CHEF1002	BING2020
CHEF1003	BING2020
CHEF1004	BING2020
CHEF1005	BING2020
CHEFJUMP	PAHC2020
HALFBDAY	PAHC2020
BINCOIN	PAHC2020
ARMYHELP	PAHC2020
ROTPTS	COOK89
ISOARRAY	COOK89
MINSUBAR	COOK89
BTAR	COOK89
HTST8	ENMA2019
NUTMONEY	ENMA2019
NUTLOOP	ENMA2019
CENS20D	CENS2020
CENS20G	CENS2020
CENS20A	CENS2020
CENS20E	CENS2020
CENS20F	CENS2020
CENS20C	CENS2020
CENS20B	CENS2020
MINMXSTR	DEM2020
BEACIRC	DEM2020
HELPHAND	DEM2020
TOWIN	DEM2020
SPPSTR	DEM2020
MLINE	CHIL2020
BININSC	CHIL2020
TOPCHEF	CHIL2020
INVUSTP	CHIL2020
CHLOVE	CHIL2020
WANNABET	CHIL2020
WSQUER	CHIL2020
BREAKUP	CHIL2020
LINCHESS	AUG20B
CHEFWARS	AUG20B
CRDGAME3	AUG20B
CHEFWED	AUG20B
SKMP	AUG20B
ACCBIP	AUG20B
SUBSFREQ	AUG20B
RGY	AUG20B
PSTONES	AUG20B
ANTS	AUG20B
CHEFCOMP	AUG20B
AVH03	ENMA2019
AVH04	ENMA2019
AVH05	ENMA2019
CHGM	ENMA2019
CHFOP	ENMA2019
CHFQ	ENMA2019
SCET03	TECA2019
SCET01	TECA2019
SCET02	TECA2019
ADCHEF	TECA2019
ICL1903	ICL2019
IEMCO01	IEM82020
IEMCO02	IEM82020
IEMCO03	IEM82020
BHPORSRP	COMT2020
EQUALNUM	COMT2020
HELPTECH	COMT2020
ROOTSQR	COMT2020
RACETIME	COMT2020
CHEFSTEP	LTIME86B
CHECHOC	LTIME86B
BINFUN	LTIME86B
PRT2	LTIME86B
GOLOMB	LTIME86B
POFP	LTIME86B
COPAIR	LTIME86B
ICL1901	ICL2019
ICL1905	ICL2019
ICL1904	ICL2019
ICL1906	ICL2019
ICL1902	ICL2019
CATSRATS	COOK104B
NBONACCI	COOK104B
CKOJ20A	COJK2020
CKOJ20B	COJK2020
CKOJ20C	COJK2020
CKOJ20D	COJK2020
CKOJ20E	COJK2020
BOJACK	COOK120B
EVENTUAL	COOK120B
ORTHODOX	COOK120B
PATHETIC	COOK120B
TOTEM	COOK120B
XORCIST	COOK120B
EXTREME	COOK120B
CHEFMOD	COOK120B
UCL	COOK104B
TFB2DW	COOK104B
MARCAPS	COOK104B
CNVX4HUL	COOK104B
SONGSHOP	COOK104B
FBMT	COOK89
OPC1701	SOPC2017
OPC1702	SOPC2017
OPC1703	SOPC2017
CHEFCAKE	QFUN2020
CRCLJUMP	QFUN2020
SCTFIGHT	QFUN2020
CHEMFACT	QFUN2020
MAGICMED	QFUN2020
DGTMAGIC	QFUN2020
MCURIOUS	MCOD2020
MCUBES	MCOD2020
MGOLD	MCOD2020
MLECTURE	MCOD2020
MBARS	MCOD2020
BSPDP1	BGS12020
BSPDP0	BGS12020
BSPSTR	BGS12020
BSP1	BGS12020
BSPDP3	BGS12020
BSPDP2	BGS12020
CHEFSTR1	JULY20B
CRDGAME	JULY20B
ADAKING	JULY20B
PTMSSNG	JULY20B
CHFNSWPS	JULY20B
DRCHEF	JULY20B
LCMCONST	JULY20B
DRGNDEN	JULY20B
GEOXD	JULY20B
EXPREP	JULY20B
WEIRDMUL	JULY20B
EXPTREES	JULY20B
DYNHUL	JULY20B
OPC1704	SOPC2017
PRGCUP01	PROC2017
PRGCUP03	PROC2017
PRWR1907	PWCR2019
PRWR1904	PWCR2019
PRWR1902	PWCR2019
PRWR1906	PWCR2019
PRWR1903	PWCR2019
PRWR1905	PWCR2019
VWL	BION2019
MATPH	BION2019
WHRL	BION2019
SPAR3	BION2019
ECJN201	ENJU2020
ECJN202	ENJU2020
ECJN203	ENJU2020
ECJN204	ENJU2020
ECJN205	ENJU2020
ECJN206	ENJU2020
ECJN207	ENJU2020
ECJN208	ENJU2020
ECJN209	ENJU2020
CHFMOT18	LTIME85B
INCRDEC	LTIME85B
GOLMINE	LTIME85B
MAXAND18	LTIME85B
SQRSUBMA	LTIME85B
RESTCH	LTIME85B
COWSHEDS	LTIME85B
SPAR2	BION2019
SHOOTIT	CORU2019
ROBRESC	CORU2019
CONVOLVE	CORU2019
BITREE	CORU2019
CHEF10Y	CORU2019
TCF2019B	TCM2019
RIPUGEMS	COH12020
RAWATDS0	COH12020
XORGRAPH	COH12020
BIT3B	BIT32020
BIT3E	BIT32020
BIT3C	BIT32020
BIT3D	BIT32020
BIT3F	BIT32020
HOTNCOLD	COCA2020
COCA2001	COCA2020
TWOARM	COCA2020
COCA2003	COCA2020
PRTWHY	COCA2020
COCA2006	COCA2020
DCANDY	LICO2020
SEGTREES	LICO2020
ISHGAME	LICO2020
OMYGAME	LICO2020
ISHGRAPH	LICO2020
PATTERNG	LICO2020
TCF2019D	TCM2019
TCF2019C	TCM2019
TCF2019A	TCM2019
TCF2019E	TCM2019
MUJ	CPN12019
BINSRT	CPN12019
ANACNT	CPN12019
COCR101	CROS2020
COCR102	CROS2020
COCR103	CROS2020
COCR104	CROS2020
COCR105	CROS2020
COCR106	CROS2020
COCR107	CROS2020
COCR108	CROS2020
SUBALGO	COTH2020
MINCARDS	COTH2020
STKGAME	COTH2020
UNIQSTR	COTH2020
ONEVALUE	COTH2020
OPTTRVL	COTH2020
JUN1	COFJ2020
JUN2	COFJ2020
JUN3	COFJ2020
JUN4	COFJ2020
BTENG	CMYC2020
TRPTTONY	CMYC2020
YOUCAN	CMYC2020
PENCRYPT	CMYC2020
CXORJ	CMYC2020
PRICECON	JUNE20B
XYSTR	JUNE20B
CHFICRM	JUNE20B
EVENM	JUNE20B
EOEO	JUNE20B
TTUPLE	JUNE20B
CONTAIN	JUNE20B
GUESSG	JUNE20B
CONVAIR	JUNE20B
DIFVAL	JUNE20B
PPARTS	JUNE20B
COVDSMPL	JUNE20B
CMD	CPN12019
SLDDEV	CPN12019
TRIMETER	CPN12019
UEM1901	UEMCO19
UEM1902	UEMCO19
UEM1904	UEMCO19
UEM1905	UEMCO19
UEM1906	UEMCO19
UEMC07	UEMCO19
CONPRI01	BCR12019
CONV02	BCR12019
PANDIG03	BCR12019
NOSEM	COPT2020
GRDAY1	COPT2020
ANTHUNT	COPT2020
FORCOWS	COPT2020
AUREOLE	COPT2020
MORECAKE	PCO12020
PUNISH	PCO12020
LOTR1	PCO12020
LVPOL	PCO12020
POWK	PCO12020
HELCARP	PCO12020
MANSQ	PCO12020
MATE	PCO12020
BRACK04	BCR12019
POLY05	BCR12019
MINOP06	BCR12019
LEVI07	BCR12019
MAT08	BCR12019
DAT09	BCR12019
NUMTH10	BCR12019
QM25P5A	KM252020
KM25P5B	KM252020
KM25P5C	KM252020
CHEFRECP	COOK118B
CHFIMPRS	COOK118B
CROADS	COOK118B
CHEFSHIP	COOK118B
CHEFSQUD	COOK118B
CHEFTRIP	COOK118B
CURSQURS	COOK118B
ICM05	ICMT2019
ICM06	ICMT2019
ICM01	ICMT2019
ICM07	ICMT2019
ICM08	ICMT2019
ICM09	ICMT2019
SMALLSQR	POLP2019
ARYROT	LDT42020
DRONEDEL	LDT42020
NAMEVAL	LDT42020
PARNTHSS	LDT42020
WALKREC	LDT42020
SMVOL	HALO2020
MINIST	HALO2020
HAPSET	HALO2020
SIMNUM	HALO2020
INDMOV	HALO2020
LOGIC	HALO2020
BUGC001	BUGC2020
BUGC002	BUGC2020
BUGC003	BUGC2020
BUGC004	BUGC2020
NBOTS	MAY20B
COVID19	MAY20B
CHANDF	MAY20B
TWOSTRS	MAY20B
BINLAND	MAY20B
SORTVS	MAY20B
NRWP	MAY20B
TRPLSRT	MAY20B
PRECPAIR	MAY20B
RNBWROAD	MAY20B
CORUS	MAY20B
BIPPAIR	MAY20B
SUBNUMS	POLP2019
EXPVAL	POLP2019
GAMETREE	POLP2019
MITSCP5	POLP2019
SUMSUM	POLP2019
TXORP	POLP2019
COEN01	COEN2019
COEN02	COEN2019
COEN03	COEN2019
COEN04	COEN2019
COEN06	COEN2019
COEN05	COEN2019
COW3A	COW42020
COW3B	COW42020
COW3C	COW42020
COW3D	COW42020
COW3E	COW42020
COW3F	COW42020
COW3G	COW42020
RECNDNOS	RC122020
RECNDSTR	RC122020
RECNDNUM	RC122020
RECNDROT	RC122020
RECNDORO	RC122020
RECNDSUB	RC122020
RECNDARY	RC122020
ECAPR203	ENCD2020
ECAPR205	ENCD2020
ECAPR202	ENCD2020
ECAPR204	ENCD2020
ECAPR209	ENCD2020
ECAPR206	ENCD2020
ECAPR201	ENCD2020
ECAPR207	ENCD2020
ECAPR208	ENCD2020
VIEW2001	QTCC2020
VIEW2002	QTCC2020
VIEW2003	QTCC2020
VIEW2004	QTCC2020
VIEW2005	QTCC2020
MEXUM	LTIME83B
TRIQRY	LTIME83B
DOTTIME	LTIME83B
HXR	LTIME83B
JMPFVR	LTIME83B
SHUFFLE	LTIME83B
FFL	LTIME83B
MANIAC1	ALMA2019
MANIAC2	ALMA2019
MANIAC3	ALMA2019
MANIAC4	ALMA2019
MANIAC5	ALMA2019
CR195	CORD2019
CR193	CORD2019
BBALLS	SMTC2020
BJAGGU	SMTC2020
RROUNDS	SMTC2020
TSALES	SMTC2020
MCOINS	SMTC2020
CR191	CORD2019
CR192	CORD2019
CR196	CORD2019
CR194	CORD2019
CR197	CORD2019
CHONQ	MARCH19B
SONATR	MARCH19B
CHEFGB	BTCH2020
AKACHOCO	BTCH2020
CHEFXAM	BTCH2020
MMHAPPY	BTCH2020
CHEFKIT	BTCH2020
UNQCARD	BTCH2020
MOTU001	CCOD2020
NITGOC	CCOD2020
PALL9	CCOD2020
FILLBOX	CCOD2020
ECODOWN	CCOD2020
BRKTBRK	JLUG2020
LTRCHNG	JLUG2020
HXTDC	JLUG2020
STAYIN	SITC2020
WESUM	SITC2020
FACPOW	SITC2020
CODEY301	CY302020
CODEY302	CY302020
CODY303	CY302020
CODEY304	CY302020
CODEY305	CY302020
STRNO	APRIL20B
REBIT	APRIL20B
SQRDSUB	APRIL20B
FCTRE	APRIL20B
PPDIV	APRIL20B
TRIPWAYS	APRIL20B
CARSELL	APRIL20B
UNITGCD	APRIL20B
COVIDLQ	APRIL20B
LLLGRAPH	APRIL20B
ANSLEAK	APRIL20B
CHNUM	MARCH19B
TREASURE	MARCH19B
SUBPRNJL	MARCH19B
JAIN	MARCH19B
PTREE	MARCH19B
CHDIGER	MARCH19B
CHEFSOC	MARCH19B
MATPER	MARCH19B
INTERLEA	MARCH19B
PRGCUP02	PROC2017
PRGCUP04	PROC2017
STICKY	MYL2020
ALEX	MYL2020
PQBIC	MYL2020
EXPAND	MYL2020
ASHISH	MYL2020
GAMP	MYL2020
MPRODMUL	CHPTRS01
CSCARE	CHPTRS01
FUNRUN	CHPTRS01
ARTPNT	CHPTRS01
WASHHAND	CHPTRS01
CARLOT	CHPTRS01
GAMENUM	CHPTRS01
CODEKARO	CHPTRS01
COVID	CHPTRS01
NCOV19	COVDHACK
ARMY1N	FULU2020
TWO2D8TH	FULU2020
GOOG32	FULU2020
TAX	FULU2020
POSSIBLE	FULU2020
SIFTING	FULU2020
FONT3S	FULU2020
ONE23	FULU2020
MAY19F1	IIITDS20
HASHRAD	IIITDS20
PRGCUP05	PROC2017
DBOY	IIITDS20
NOKIA	IIITDS20
PRGCUP06	PROC2017
MXMLCM	LTIME82A
RNDRATIO	LTIME82A
SWPDGT	LTIME82A
STRPTRE	LTIME82A
PRFXGD	LTIME82A
NSTROT	LTIME82A
SCRRCP	LTIME82A
CHEFFB	ICOP1805
HPOWER	ICOP1805
POSH	ICOP1805
ZORG	ICOP1805
VK18	DEC17
CHEFFIB	DEC17
EARTSEQ	JAN19B
MXDIST	JAN19B
PARRTY	JAN19B
DPAIRS	JAN19B
MGAME	JAN19B
FANCY	JAN19B
MATCHIT	JAN19B
XYPIZQ	JAN19B
CHEFUNI	DEC17
GIT01	DEC17
CHEFEXQ	DEC17
CPLAY	DEC17
DWW19A	DWWU2019
DWW19B	DWWU2019
DWW19C	DWWU2019
DWW19D	DWWU2019
DWW19E	DWWU2019
DWW19F	DWWU2019
DWW19G	DWWU2019
DWW19H	DWWU2019
DWW19I	DWWU2019
DWW19J	DWWU2019
DWW19K	DWWU2019
USANBOLT	AM19MOS
POLCON	AM19MOS
COLPOLLY	AM19MOS
COLINT	AM19MOS
SDIFFSTR	AM19MOS
TRGRPH	AM19MOS
MOBCNT	AM19MOS
MORTGAGE	AM19MOS
PERMDIST	AM19MOS
COMPLEXG	AM19MOS
LALALANT	AM19MOS
EXPCAN	AM19MOS
STICK2	LTIME79B
TREEQ1	LTIME79B
EVIPRO	LTIME79B
STUPMACH	LTIME79B
CHEALG	LTIME79B
FREQFUN	LTIME79B
GUESSNUM	LTIME79B
REDBLUE	DEC17
DSANTAP	DEC17
CHEFHAM	DEC17
WESTAND	DEC17
SMRSTR	LTIME54
SHUFFL	LTIME54
LRQUER	LTIME54
CFD020	COFN2019
TRAPLOOP	COFN2019
POLYCODE	COFN2019
CFD019	COFN2019
CFD018	COFN2019
CFD021	COFN2019
CFD022	COFN2019
CHNGIT	COOK113B
PRFYIT	COOK113B
XORIT	COOK113B
CRSHIT	COOK113B
MKIT	COOK113B
DAND	COOK113B
DCRTIT	COOK113B
SPC19F1	SPCM2019
SPC19F2	SPCM2019
SPC19F4	SPCM2019
SPC19F5	SPCM2019
SPC19F6	SPCM2019
CNTFAIL	AMR18ROL
ARMYFGT	AMR18ROL
GUESSMID	GW19MOS
INVSACK	GW19MOS
TRANSACT	GW19MOS
BINPALIN	GW19MOS
DICITIES	GW19MOS
UNBAL	GW19MOS
SMTOUR	GW19MOS
TRGAME	GW19MOS
TELNET	GW19MOS
EAREA	GW19MOS
MEANPROB	GW19MOS
SAFEROBO	GW19MOS
SOPC003A	SHPC2019
SOPC003C	SHPC2019
SOPC014	SHPC2019
SOPC009	SHPC2019
SOPC011	SHPC2019
SOPC015	SHPC2019
CB2000	COBT2019
CB2001	COBT2019
CB2002	COBT2019
CB2003	COBT2019
CB2004	COBT2019
CB2005	COBT2019
QM18A	QM182019
QM18B	QM182019
BALLCOL	KH19MOS
GRAPHCON	KH19MOS
VARMIN	KH19MOS
BALLSUM	KH19MOS
AWKMINI	KH19MOS
RECARR	KH19MOS
WALKFAST	KH19MOS
SEGDIR2	KH19MOS
SUBMATCH	KH19MOS
MAXDIVER	KH19MOS
RANDID	KH19MOS
ANAJOBS	KH19MOS
PLMU	DEC19B
SUBSPLAY	DEC19B
BINXOR	DEC19B
CHFRAN	DEC19B
STICNOT	DEC19B
APAIRS	DEC19B
TESTGEN	DEC19B
BINOFEV	DEC19B
CUBVIRUS	DEC19B
WATSCORE	DEC19B
BINADD	DEC19B
PALPATH	AMR18ROL
ISITCAKE	AMR18ROL
BALSUB	AMR18ROL
KHULJA	AMR18ROL
ALIENINV	AMR18ROL
REFORMS	AMR18ROL
SAUNA	AMR18ROL
SQRECT	AMR18ROL
ALFRED	AMR18ROL
MARTING1	AMR18ROL
AVLBLT	AMR18ROL
PLANT	LTIME78B
DEADEND	LTIME78B
PIBRO	LTIME78B
APARTS	LTIME78B
CMPRSS	LTIME78B
PRFCTN	LTIME78B
SRVR	LTIME78B
PPATTERN	LTIME67A
BUCKETS	LTIME67A
DLINE	LTIME67A
NOSS	LTIME67A
BESTPATH	LTIME67A
KETEKIR1	KRPM2019
KETEKIR2	KRPM2019
XORFIB	BOB22019
MAGIC07	BOB22019
DIWLIGFT	BOB22019
MISPRNT	BOB22019
DUNIHLP	BOB22019
NNN	CYNO2019
CYPNOV03	CYNO2019
GRSH	CYNO2019
JOND	CYNO2019
KW6	CYNO2019
BIGRES	COOK112B
BLWHTREE	COOK112B
MMNN01	COOK112B
SIGNTURE	COOK112B
CHADAY	COOK112B
DIET	COOK112B
ROBOTS	COOK112B
COMA19A	CONA2019
COMA19C	CONA2019
COMA19D	CONA2019
COMA19E	CONA2019
COMA19F	CONA2019
COMA19B	CONA2019
DRCYS	COMR2019
GK1901	GKAH1901
GK1902	GKAH1901
GK1903	GKAH1901
GK1904	GKAH1901
GK1905	GKAH1901
INGEN01	CEIN2019
INGEN02	CEIN2019
INGEN03	CEIN2019
INGEN04	CEIN2019
INGEN05	CEIN2019
INGEN06	CEIN2019
MINIGAME	ISPC2019
DORACAKE	ISPC2019
CCHW	ISPC2019
ABSTEPS	ISPC2019
CNT21	ISPC2019
SAT101	SATA2019
SAT102	SATA2019
SAT103	SATA2019
REC09A	REC92019
REC09B	REC92019
REC09E	REC92019
REC09F	REC92019
REC09C	REC92019
SCAP	AFZQ2019
WORD	AFZQ2019
VIEW	AFZQ2019
CHOCOS	AFZQ2019
XASD	AFZQ2019
REVT	AFZQ2019
CHFLOL	BCF12019
WRLDSTR	BCF12019
MOBGAME	BCF12019
CHFLOL2	BCF12019
QCOUNT	DEFI2019
PGRID	DEFI2019
SPDG	DEFI2019
GAOT	DEFI2019
IEMCO8A	IEMCO8
IEMCO8C	IEMCO8
IEMCO8D	IEMCO8
IEMCO8E	IEMCO8
IEMCO8F	IEMCO8
IEMC08B	IEMCO8
MXCH	CNMP2019
INFTINCR	CNMP2019
LOG_EQN	CNMP2019
TWEGRA	CNMP2019
MCHEF001	MACF2019
SHUBCHE2	MACF2019
MCHEF002	MACF2019
MCHEF003	MACF2019
ANTSCH	CCRU2019
HATS	CCRU2019
TJ	CCRU2019
KQM17A	QM172019
KQM17B	QM172019
UCS201	UEM22019
UCS202	UEM22019
UCS203	UEM22019
UCS204	UEM22019
UCS205	UEM22019
SCHTEST	ZCOSC19
ZCOPREP	ZCOSC19
ZCOSCH	ZCOSC19
TAPSY	COOW2019
PROTEIN	COOW2019
SUDH	COOW2019
UNINUM	COOW2019
POWSUB	COOW2019
PIPSQUIK	DCOD19A
ISHVALA	DCOD19A
GRUMPMA	DCOD19A
LEQEX	DCOD19A
LAYERS	DCOD19A
DEFECTS	DCOD19A
MXPOWER	DCOD19A
MLSDV	COMR2019
STRWN	COMR2019
WILCRSI	COMR2019
TDT	COMR2019
TNK	COMR2019
FNBTL	COMR2019
CLBATH	COLE2019
PHCUL	NOV19B
HRDSEQ	NOV19B
LSTBTF	NOV19B
WEIRDO	NOV19B
FAILURE	NOV19B
MDSWIN	NOV19B
SC31	NOV19B
PBOXES	NOV19B
TRICOL	NOV19B
DDART	NOV19B
CAMC	NOV19B
CLTNIS	COLE2019
CLMTRO	COLE2019
CLTREE	COLE2019
CLIPLX	COLE2019
CLGAME	COLE2019
C32K19P2	CCED2019
C32K19P3	CCED2019
C32K19P1	CCED2019
PALINKEY	CCOQ2019
PERMPAIN	CCOQ2019
BARDAVON	CCOQ2019
SS4	ENOC2019
SS5	ENOC2019
ENOC1	ENOC2019
ENOC2	ENOC2019
TVT	ENOC2019
GVR	ENOC2019
ENOC3	ENOC2019
ENOC4	ENOC2019
DEARRERR	ENOC2019
EN123	ENOC2019
ASHSEK	COX2019
MLOCK	COX2019
KANICHEF	COX2019
CHELEC	COX2019
CHESHCYC	COX2019
SONPI	COX2019
HIT	LTIME77B
INVZCNT	LTIME77B
BOXGAM97	LTIME77B
INVYCNT	LTIME77B
KTH97	LTIME77B
RNG97	LTIME77B
DDQUERY	LTIME77B
MCLOSET	CCOQ2019
AAZADI	CCOQ2019
DRAGONS	CCOQ2019
MILKCAKE	CCOQ2019
CHEFLBW	TNPC2019
CHEFBATS	TNPC2019
CHEFDEST	TNPC2019
NPLQ19A	NPLQ2019
NPLQ19B	NPLQ2019
NPLQ19C	NPLQ2019
NPLQ19D	NPLQ2019
NPLQ19E	NPLQ2019
NPLQ19F	NPLQ2019
DVL	COOK111B
MDL	COOK111B
DFNC	COOK111B
MNWLK	COOK111B
CKWLK	COOK111B
HDDN	COOK111B
DOR	COOK111B
CHEFSOCC	TNPC2019
CHEFSCOR	TNPC2019
DCC1	DCC2019
DCC2	DCC2019
INF1900	INFY2019
INF1902	INFY2019
INF1904	INFY2019
INF1906	INFY2019
INF1908	INFY2019
INF1910	INFY2019
INF1912	INFY2019
INF1914	INFY2019
SHIT	KOKO2019
SADVAL	KOKO2019
DISTCHOC	KOKO2019
ARITHEXP	KOKO2019
MTKR	KOKO2019
SETH0002	HCS12019
SETH0001	HCS12019
SETH0004	HCS12019
SETH0005	HCS12019
SETH0006	HCS12019
SETH0007	HCS12019
ICHN01	ICHN2019
ICHN02	ICHN2019
ICHN03	ICHN2019
ICHN04	ICHN2019
KQM16A	QM162019
KQM16B	QM162019
CHACAND	ACD2019
LITEPHRS	ACD2019
LYPLNK	ACD2019
DIV1	ACD2019
CHJERRY	ACD2019
CHTIME	ACD2019
JKR1	EOLC2019
JKR2	EOLC2019
JKR3	EOLC2019
JKR5	EOLC2019
JKR6	EOLC2019
CODEFA1	COFO2019
CODEFA2	COFO2019
CODEFA5	COFO2019
CODEFA7	COFO2019
CODEFA8	COFO2019
EXUNA	EXPP2019
EXUNB	EXPP2019
EXUND	EXPP2019
EXUNF	EXPP2019
EXUNC	EXPP2019
EXUNE	EXPP2019
RACE01	CWCR2019
WCTC01	CWCR2019
AVGAGE	CWCR2019
GAMSTR99	CWCR2019
SH221B	CWCR2019
MKFR77	CWCR2019
B4EF19B	B4EM2019
B4EF19C	B4EM2019
B4EF19A	B4EM2019
B4EF19D	B4EM2019
B4EF19E	B4EM2019
B4EF19F	B4EM2019
MARM	OCT19B
MSV	OCT19B
BACREP	OCT19B
EVEDG	OCT19B
MAXLIS	OCT19B
SAKTAN	OCT19B
S10E	OCT19B
CNNCT2	OCT19B
JIIT	OCT19B
MSNG	OCT19B
DCC3	DCC2019
DCC4	DCC2019
DCC7	DCC2019
DCC5	DCC2019
DCC6	DCC2019
GYMTRNR	FICP2019
SNKLD	FICP2019
BAHOTHRD	FICP2019
GRPHVIP	FICP2019
UNQPAL	FICP2019
FFC219A	FFC22019
FFC219B	FFC22019
FFC219C	FFC22019
FFC219D	FFC22019
FFC219E	FFC22019
FFC219F	FFC22019
FFC219G	FFC22019
FRINUM	KJCS2019
TSHACK	KJCS2019
CHOCOPRO	KJCS2019
PLYBETS	KJCS2019
PBLCT	KJCS2019
CATFEED	LTIME76B
WATCHFB	LTIME76B
ICECREM	LTIME76B
TREEVERS	LTIME76B
ALLSUB	LTIME76B
PAIRSUM2	LTIME76B
APPLE42	LTIME76B
HTST9	ENFE2019
DIETCOKE	ENFE2019
RICHMICH	ENFE2019
TR	ENFE2019
GR	ENFE2019
ZMMA	ENFE2019
HXPRIM	ENFE2019
SAVJEW	COOK110B
ANGGRA	COOK110B
PALMACH	COOK110B
HIRING	COOK110B
EXERCISE	COOK110B
TWOGRS	COOK110B
MATCHES	COOK110B
CHGM1	ENFE2019
CHWLD	ENFE2019
UICC01	UICC2019
RUSH05	UICC2019
RUSH04	UICC2019
RUSH02	UICC2019
RUSH01	UICC2019
BIT2A	BIT22019
BIT2B	BIT22019
GTN	BIT22019
BIT2C	BIT22019
NMN	BIT22019
MATHL	BIT22019
CCWI1901	CCWI2019
CCWI1904	CCWI2019
CCWI1902	CCWI2019
CCWI1906	CCWI2019
CCWI1907	CCWI2019
CCWI1908	CCWI2019
BFLSEQ	SGHC2019
COI	SGHC2019
HSHAKES	SGHC2019
A2J001	COZI2019
HOLY	COZI2019
DAGXOR	COZI2019
FINDFN	COZI2019
PRSTRING	COZI2019
KS3	COZI2019
SWITOG	COZI2019
SHERCH	COZI2019
AIOL01	AIOL2019
AIOL02	AIOL2019
AIOL03	AIOL2019
AIOL04	AIOL2019
AIOL05	AIOL2019
AIOL06	AIOL2019
INQU1900	INQU2019
INQU1901	INQU2019
INQU1902	INQU2019
INQU1903	INQU2019
INQU1904	INQU2019
INQU1905	INQU2019
INQU1906	INQU2019
EXPGCD	SEPT19B
LAPD	SEPT19B
FUZZYLIN	SEPT19B
GDSUB	SEPT19B
FIBEASY	SEPT19B
DOOFST	SEPT19B
PSUM	SEPT19B
CHEFK1	SEPT19B
CHEFINSQ	SEPT19B
SEBICPU	SEPT19B
DODGERS	SEPT19B
RUSH03	UICC2019
IF01	INEK2019
IF03	INEK2019
IF04	INEK2019
IF05	INEK2019
IF06	INEK2019
IF07	INEK2019
IF08	INEK2019
IF09	INEK2019
IF10	INEK2019
GRAPHTRE	LTIME69B
ROLLBAR	LTIME69B
ALC002	ALCM2019
ALC005	ALCM2019
ALC003	ALCM2019
ALC001	ALCM2019
ALC006	ALCM2019
EQAVG	LTIME75B
EID2	LTIME75B
BOFS	LTIME75B
BOFP	LTIME75B
DESTCELL	LTIME75B
COKE2	LTIME75B
TRIP2	LTIME75B
AVG	LTIME69B
PERMLIST	LTIME69B
TRICKYDL	LTIME69B
CHFCH	LTIME69B
STRQUER	LTIME54
GEEK01	GKAH1701
GEEK02	GKAH1701
RPH001	COHA2019
BULLETS	COHA2019
GHOME	COHA2019
RHSAT	COHA2019
AASHRAM	COHA2019
GOTCHI	COHA2019
PRKLOT	CYAU2019
ARROTATE	CYAU2019
JILLU1	CYAU2019
CYAUG01	CYAU2019
CYAUG02	CYAU2019
LGCD	ENAU2019
SAVKONO	ENAU2019
SS1	ENAU2019
AVPN6	ENAU2019
ADDI	ENAU2019
ALIEN1	ENAU2019
AVN9	ENAU2019
AVNP5	ENAU2019
ENS1	ENAU2019
MAGPER	COOK109B
WARRIORS	COOK109B
RICHSTR	COOK109B
PEPPERON	COOK109B
FRICAN	COOK109B
CIRCLES2	COOK109B
COKE	COOK109B
GEEK03	GKAH1701
GEEK04	GKAH1701
GEEK05	GKAH1701
PPDAY	COWZ2019
TRACMAT	COWZ2019
NCC1908	NCC2019
NCC1902	NCC2019
DC101	DEER2019
DC102	DEER2019
DC103	DEER2019
DC104	DEER2019
DC105	DEER2019
DC106	DEER2019
PCJ19A	PCJ2019
PCJ19B	PCJ2019
PCJ19C	PCJ2019
PCJ19D	PCJ2019
PCJ19E	PCJ2019
PCJ19G	PCJ2019
JCWC03	JCWR2019
JCWC01	JCWR2019
JCWC04	JCWR2019
JCWC05	JCWR2019
JCWC02	JCWR2019
JCWC00	JCWR2019
KETEKI3A	KPM32019
KETEKI3D	KPM32019
KETEKI3C	KPM32019
KETEKI3B	KPM32019
MSNSADM1	AUG19B
DSTAPLS	AUG19B
CHEFDIL	AUG19B
KS1	AUG19B
CHGORAM	AUG19B
ENCODING	AUG19B
MAXEXPR	AUG19B
TSEQ	AUG19B
CSTREE	AUG19B
ZOMCAV	AUG19B
SYNBAC	AUG19B
NCC1901	NCC2019
NCC1903	NCC2019
NCC1904	NCC2019
NCC1905	NCC2019
NCC1906	NCC2019
WCSA	WCS2019
WCSB	WCS2019
WCSC	WCS2019
WCSD	WCS2019
WCSE	WCS2019
WCSF	WCS2019
DELARRAY	LTIME74A
POLICE	LTIME74A
PROFTRIP	LTIME74A
EQMD	LTIME74A
TWOLANE	LTIME74A
RPD	LTIME74A
SFRV	LTIME74A
TONYFOOD	PLUM2019
ANTMAN	PLUM2019
VISION	PLUM2019
SPCSTONE	PLUM2019
CAPMARVL	PLUM2019
TABLET	COOK103B
EVILAND	COOK103B
MGICMENU	COOK108B
MNMXAR	COOK108B
EXPTPROD	COOK108B
WARTLND	COOK108B
BDGFT	COOK108B
TWOVRIBL	COOK108B
PLAYSTR	COOK108B
SECPASS	COOK103B
MAXREMOV	COOK103B
CHFPARTY	COOK103B
TWOARR	COOK103B
KTRANS	ICOP1804
TOORICH	ICOP1804
OAGREEDY	ICOP1804
KETEKI2A	KPM22019
KETEKI2B	KPM22019
KETEKI2C	KPM22019
KETEKI2D	KPM22019
SNKAPT	JULY19B
CIRMERGE	JULY19B
GUESSPRM	JULY19B
CHFWAR	JULY19B
LVMFFN	JULY19B
MXMN	JULY19B
CCC	JULY19B
PRTAGN	JULY19B
CHFWAR2	JULY19B
MMAX	JULY19B
CHFM	JULY19B
SINGLAZY	ICOP1804
AMANCRZY	ICOP1804
PALHAM	COOK88
CIRCBIN	SNFL19MR
STRSUM	SNFL19MR
RAFFLE	SNFL19MR
ORDNCHS	SNFL19MR
XYPRESQ	SNFL19MR
KSUFFIX	SNFL19MR
MAGARR	SNFL19MR
RIVERLND	SNFL19MR
QM16A	KQ162019
M16B	KQ162019
M16C	KQ162019
BURARRAY	LTIME73B
GIIKLUB	LTIME73B
QRYLAND	LTIME73B
SILLYPRS	LTIME73B
DPERM	LTIME73B
PAJAPONG	LTIME73B
FUZZYCON	LTIME73B
MTRXOP	SNFL19MR
CATS	SNFL19MR
BIT_BLKT	ONIG2019
BIT_PRAI	ONIG2019
BIT_CSUM	ONIG2019
BIT_GOOD	ONIG2019
SKIING	COOK88
SUBSETS	COOK107B
IDXSUM	COOK107B
SECRECP	COOK107B
EXAM1	COOK107B
EATTWICE	COOK107B
SLUSH	COOK107B
ANTEATER	COOK107B
BIT_REGN	ONIG2019
BIT_AR	ONIG2019
LRGBITSM	ONIG2019
MOALP	BLUP2019
AHAPH	BLUP2019
DIV4	BLUP2019
IIITBH	BLUP2019
SHADOW	FFC12019
CHEKOH	FFC12019
MARSWA	FFC12019
SHADOW2	FFC12019
DRCHE	FFC12019
CHESAK	FFC12019
AERTS	FFC12019
TTO1	TTO2019
C001	TTO2019
CRYPTX01	TTO2019
KQM15A	KQ152019
KQM15B	KQ152019
RSIGNS	JUNE19B
PROXYC	JUNE19B
LENTMO	JUNE19B
COUNTIT	JUNE19B
KS2	JUNE19B
CHFING	JUNE19B
COOLCHEF	JUNE19B
INTRPATH	JUNE19B
SUMAGCD	JUNE19B
FGTREE	JUNE19B
SNCK99	JUNE19B
GRAPHCOL	BLUP2019
BLONDIE	COBE2019
MARLA	COBE2019
GUMP	COBE2019
DUFRESNE	COBE2019
LAEDDIS	COBE2019
HMAPPY2	FEB19B
GUESSRT	FEB19B
MAGICJAR	FEB19B
MANRECT	FEB19B
CHEFING	FEB19B
DANS	NUVO2019
PUBG	NUVO2019
CHFMTR	NUVO2019
CANDC	NUVO2019
SABAR	NUVO2019
ROSO	NUVO2019
CV	LTIME72A
DPS	LTIME72A
GRIDTOUR	LTIME72A
XM	LTIME72A
REMMAX	LTIME72A
IAI	LTIME72A
ABDTOLL	LTIME72A
TRDST	FEB19B
ARTBALAN	FEB19B
DEPCHEF	FEB19B
MAXTAX	FEB19B
XDCOMP	FEB19B
CHORCKIT	FEB19B
ONCHESS	COOK88
XORCMPNT	COOK106A
EXPXOR	COOK106A
GCDSET	COOK106A
COLORDIS	COOK106A
BICLIQUE	COOK106A
REACTION	COOK106A
RECVSEQ	COOK106A
ADJLEAF	COOK88
RNDPAIR	COOK88
NITR08	COD2017
NITR05	COD2017
NITR02	COD2017
NITR03	COD2017
NITR12	COD2017
HELL	NACA2019
STGAME	NACA2019
FNEE	NACA2019
ARAJ	NACA2019
NUMTED	NACA2019
CODX001	CODX2019
CODX002	CODX2019
CODX003	CODX2019
CODX004	CODX2019
CODX005	CODX2019
QM14A	KQMG2019
QM14B	KQMG2019
TWINPR	CEEL2019
DIVCHK	CEEL2019
CPL01	CEEL2019
CPL02	CEEL2019
CALCMON	CEEL2019
CTKEY	CEEL2019
CUREK	MAY19A
BINARY	MAY19A
TREDEG	MAY19A
REDONE	MAY19A
MATCHS	MAY19A
PKLVES	MAY19A
WTBTR	MAY19A
SONGIF	MAY19A
ADAPWN	MAY19A
ADAROKS2	MAY19A
CHEFXCHG	MAY19A
NITR14	COD2017
NITR06	COD2017
NITR11	COD2017
QCJ01	QUCJ2019
QCJ02	QUCJ2019
QCJ03	QUCJ2019
QCJ04	QUCJ2019
QCJ05	QUCJ2019
SACO19A	SACO2019
SACO19B	SACO2019
SACO19C	SACO2019
IEMCO7A	IEMCO7
IEMCO7B	IEMCO7
IEMCO7C	IEMCO7
IEMCO7D	IEMCO7
IEMCO7E	IEMCO7
IEMCO7F	IEMCO7
AVN001	AVEN2019
AVN002	AVEN2019
AVN003	AVEN2019
AVN004	AVEN2019
AVN005	AVEN2019
AVN006	AVEN2019
AVN007	AVEN2019
AVN008	AVEN2019
AVN009	AVEN2019
R2D2	LTIME71B
ATTND	LTIME71B
DRMP	LTIME71B
FAPF	LTIME71B
FASTFOOD	LTIME71B
MINARRS	LTIME71B
CHEFRAMI	LTIME71B
CAICE	ENJA2019
CTEXT	ENJA2019
MDSA	ENJA2019
MDSB	ENJA2019
MDSC	ENJA2019
DUNDRG	ENJA2019
MOVQUE	ENJA2019
BLINE	DEMA2019
MEDIC	DEMA2019
PRMRANGE	DEMA2019
DEM2019A	DEMA2019
DEMTREE	DEMA2019
MAXSCRAB	DEMA2019
MAXSPSUM	DEMA2019
GMPOW	DARG2019
SUMMOD	DARG2019
TUPALIN	DARG2019
TUMGRAPH	DARG2019
EQSBAR	DARG2019
LOALL	DARG2019
TCAKE	DARG2019
DINCPATH	COOK105B
RANDGAME	COOK105B
PEWDSVTS	COOK105B
CFMM	COOK105B
MYS00T	COOK105B
HUNGALGO	COOK105B
GUESSAGE	COOK105B
REA	ENJA2019
CFATC	ENJA2019
WITBIT	AFQL2019
PRMGM	AFQL2019
GUEST05	AFQL2019
LIONS	AFQL2019
SAV01	AFQL2019
UEMALGO1	UAGE2019
UEMALGO2	UAGE2019
MRZRLT	AFQL2019
CNGE	AFQL2019
UEMALGO4	UAGE2019
UEMALGO5	UAGE2019
UEMALGO6	UAGE2019
UEMALGO3	UAGE2019
QMM	GHC22019
RPLANET	GHC22019
BTGAN	GHC22019
BBST	GHC22019
TOMGRDNR	GHC22019
SNC	GHC22019
EZPZ	GHC22019
FAKEBIN	INTL2019
TRAIERR	INTL2019
PRIMESET	INTL2019
CHFEDR	INTL2019
CHEFDR	INTL2019
CHEFJOU	INTL2019
GOODBAD2	DRI22019
NFAR	DRI22019
LIT13	DRI22019
ZMAGIC	DRI22019
SCF	DRI22019
VNFAR	DRI22019
DIC007	DRI22019
EHIP	DRI22019
WAGE	KJSC2019
RAIN	KJSC2019
ATCH	KJSC2019
JFY	KJSC2019
RGCD	KJSC2019
OPTSPL	COME2019
SMALLARR	COME2019
GREG	COME2019
RNDRND	COME2019
SWAPSIGN	COME2019
IMPACT	COME2019
MAX2	COME2019
XOMMON	COME2019
SUBNUM	COME2019
PSCD	AFQL2019
THEROBOT	OZTA2019
BOHRARC	OZTA2019
ROBOPAIR	OZTA2019
KUTTYPAS	OZTA2019
FINWAR	OZTA2019
DIS	LTIME68B
WNDR	LTIME68B
WTCH	LTIME68B
BSTN	LTIME68B
RKS	LTIME68B
MMC	LTIME68B
NITR10	COD2017
BRKTREE	ICOP1803
LNGHW	ICOP1803
PIZPAR	ICOP1803
KFIB	ICOP1803
IEMCO4A	IEMCO4
IALG1	INAL2019
IALG2	INAL2019
IALG3	INAL2019
IALG4	INAL2019
IALG5	INAL2019
IALG6	INAL2019
JAPP	ARBH2019
COOPSQ	ARBH2019
FINDNP	ARBH2019
BLNTASGN	ARBH2019
ANKSPCL	COSE2019
ROBOT02	COSE2019
HCNTST	COSE2019
BINSTRNG	COSE2019
AGNES03	COSE2019
ANWCC01	COCS2019
ANWCC02	COCS2019
ANWCC03	COCS2019
ANWCC04	COCS2019
ANWCC05	COCS2019
ANWCC06	COCS2019
ADAFUN	COOK102B
ADAPWNS	COOK102B
ADAKNG	COOK102B
ADAMTR	COOK102B
ADASCOOL	COOK102B
ADAROKS	COOK102B
IEMCO4B	IEMCO4
IEMCO4C	IEMCO4
IEMCO4D	IEMCO4
IEMCO4E	IEMCO4
IEMCO4F	IEMCO4
BINOMSUM	NOV17
TSECJC05	TJCN2019
TSECJC02	TJCN2019
TSECJC01	TJCN2019
TSECJC04	TJCN2019
TSECJC03	TJCN2019
TSECJC06	TJCN2019
ALORA1	ALRA2019
ALORA2	ALRA2019
ALORA3	ALRA2019
ALORA4	ALRA2019
ALORA5	ALRA2019
ALORA6	ALRA2019
ALORA7	ALRA2019
SSJG	ICOP1904
SHIVIGOD	ICOP1904
GRP	ICOP1904
JVPHOBIA	ICOP1904
TREEDGE	ICOP1904
STRGRA	ICOP1904
COMB3	COMB2018
COMB2	COMB2018
COMB6	COMB2018
COMB1	COMB2018
COMB4	COMB2018
COMB7	COMB2018
IEMCHEM1	IEMCHEMY
IEMCHEM2	IEMCHEMY
IEMCHEM3	IEMCHEMY
IEMCHEM4	IEMCHEMY
IEMCHEM5	IEMCHEMY
IEMCHEM6	IEMCHEMY
IEMCHEM7	IEMCHEMY
IEMCHEM8	IEMCHEMY
IEMCHEM9	IEMCHEMY
IEMCHM10	IEMCHEMY
IEMCHM11	IEMCHEMY
IEMCHM12	IEMCHEMY
IEMCHM13	IEMCHEMY
IEMCHM14	IEMCHEMY
IEMCHM15	IEMCHEMY
IEMCHM16	IEMCHEMY
IEMCHM17	IEMCHEMY
IEMCHM18	IEMCHEMY
IEMCHM19	IEMCHEMY
IEMCHM20	IEMCHEMY
IEMCHM21	IEMCHEMY
IEMCHM22	IEMCHEMY
IEMCHM23	IEMCHEMY
IEMCHM24	IEMCHEMY
IEMCHM25	IEMCHEMY
IEMCHM26	IEMCHEMY
IEMCHM27	IEMCHEMY
IEMCHM28	IEMCHEMY
IEMCHM29	IEMCHEMY
IEMCHM30	IEMCHEMY
GARGOYLE	PELT2019
MISSME	PELT2019
ENG5	PELT2019
SUMNCR	PELT2019
XORNEY	PELT2019
SHMIRZ	PELT2019
NINENINE	PELT2019
SHLOCK	PILT2019
BROCODE	PILT2019
SPDT	PILT2019
IUPC123	PILT2019
BANK123	PILT2019
MONICA12	PILT2019
DIFFSTR	PILT2019
ISLNDTFE	PILT2019
ZETAJ	PILT2019
POOH	PILT2019
AE04	CONE2018
SA	CONE2018
SSM	CONE2018
COS	CONE2018
DD	CONE2018
HP18	JAN19B
GRAPART	JAN19B
DIFNEIGH	JAN19B
SEGPROD	NOV17
AGECAL	LTIME67A
POLY	NOV17
CLRL	NOV17
CHEFHPAL	NOV17
CSUBQ	NOV17
PERPALIN	NOV17
LVGFT	NOV17
YVNUM	COOK101B
SOSTD	COOK101B
INTERVCH	COOK101B
CAMPON	COOK101B
CSUBSQ	COOK101B
YVSTR	COOK101B
VILTRIBE	NOV17
CHEFNIL	NOV17
WIZDATE	DCOD2017
QWATTK	DCOD2017
WCMPRS	DCOD2017
WIZCW	DCOD2017
MULHANOI	KOL18ROL
BEAUKONO	KOL18ROL
BUCKETWA	KOL18ROL
SNOWMAN	KOL18ROL
READCOST	KOL18ROL
JOSEPHUS	KOL18ROL
ABSDIFFS	KOL18ROL
YASPP	KOL18ROL
YAEXP	KOL18ROL
ALIENCOW	KOL18ROL
TILEBAG	KOL18ROL
VALIDSTK	KOL18ROL
SOPC18A	SOPC2018
SPACE	SOPC2018
SOPC18C	SOPC2018
SOPC18D	SOPC2018
SOPC18C3	SOPC2018
SOPC18E	SOPC2018
GAMOFNUM	GWR18ROL
NGONS	GWR18ROL
POLYSTR	GWR18ROL
EOSUBSEQ	GWR18ROL
LIFELTD	GWR18ROL
AUTOCARS	GWR18ROL
WALKTREE	GWR18ROL
SIRUSERI	GWR18ROL
CAPTBIRD	GWR18ROL
THSTRS	GWR18ROL
PREFNUM	GWR18ROL
INFDIV	KGP18ROL
MAFIASYN	KGP18ROL
SQRTRI	KGP18ROL
PERIODCN	KGP18ROL
PLAYPIAN	KGP18ROL
BINGAME	KGP18ROL
SORTALGO	KGP18ROL
NOMATCH	KGP18ROL
SUBSUMX	KGP18ROL
VASTLIFE	KGP18ROL
POLITRI	KGP18ROL
GRAPHAND	KGP18ROL
QM13A	KQ132018
QM13B	KQ132018
SFXPAL	SNCKEL19
EBAIT	SNCKEL19
GDIST	SNCKEL19
RECOVER	SNCKEL19
RECTLIT	SNCKEL19
IMPO	SNCKEL19
ADIMAT	SNCKEL19
ADITREE	SNCKEL19
XORTABLE	SNCKEL19
ADJLEAF2	SNCKEL19
DLDAG	DEC18B
BHD	DEC18B
CBFEAST	DEC18B
BICONT	DEC18B
EDGEDIR	DEC18B
MAXEP	DEC18B
COMAS	DEC18B
INTXOR	DEC18B
CHFINTRO	DEC18B
CHFIDEAL	DEC18B
WKPLAN	DEC18B
STATWIZ	DCOD2017
UEMCOSA	UEMC2017
UEMCOAB	UEMC2017
UEMCOAAT	UEMC2017
UEMCO5	UEMC2017
UEMCORD	UEMC2017
UEMCOSA2	UEMC2017
UEMCO7	UEMC2017
BUGCAL	LTIME53
WEICOM	LTIME53
OPTSSET	LTIME53
USF	LTIME66B
MDN	LTIME66B
MXM	LTIME66B
PPAP	LTIME66B
EVENT	LTIME66B
BPS	LTIME66B
MAXNUM3	LTIME53
PYFALLS	ICOP1802
ISTA2002	ICOP1802
ISTA2006	ICOP1802
ANATREE	ICOP1802
ISTA2003	ICOP1802
DIGILOCK	ISPC2018
CHEFBUS	ISPC2018
VEASYQ	ISPC2018
CHEFSAL	ISPC2018
NMN03	ISPC2018
SISSUES	ISPC2018
COG1801	COG2018
COG1802	COG2018
COG1803	COG2018
COG1804	COG2018
COG1805	COG2018
COG1806	COG2018
ARMBH1	AARA2018
ARMBH2	AARA2018
ARMBH4	AARA2018
ARMBH5	AARA2018
ARMBH3	AARA2018
TRUEDARE	COOK100B
BEAUTGAR	COOK100B
ABGAME	COOK100B
TREEUNAT	COOK100B
DATAPIPE	COOK100B
ELEPPOND	COOK100B
CK87GSUB	COOK87
CK87MEDI	COOK87
CK87QUER	COOK87
CK87DANC	COOK87
CK87MEAD	COOK87
ANTMAT	MOSCWJ19
CUTPIZ	MOSCWJ19
SUBLD	MOSCWJ19
INVLIS	MOSCWJ19
TREEMX	MOSCWJ19
DRGRAC	MOSCWJ19
UCS01	UCS2018
UCS02	UCS2018
UCS03	UCS2018
UCS04	UCS2018
UCS05	UCS2018
UCS06	UCS2018
USERV01D	ICOP1903
SPLTARR	ICOP1903
JOKRBOMB	ICOP1903
GOTBOOK1	ICOP1903
IEMCO6A	IEMCO6
IEMCO6B	IEMCO6
IEMCO6C	IEMCO6
IEMCO6D	IEMCO6
IEMCO6E	IEMCO6
IEMCO6F	IEMCO6
QM12A	KM122018
QM12B	KM122018
CODX06	CDX2018
CODX07	CDX2018
CODX02	CDX2018
CODX05	CDX2018
CODX04	CDX2018
CODX01	CDX2018
CODX08	CDX2018
CODX03	CDX2018
CODX09	CDX2018
IEMATIC2	IEMATICS
IEMATIC3	IEMATICS
IEMATIC4	IEMATICS
IEMATIC5	IEMATICS
IEMATIC6	IEMATICS
IEMATIC7	IEMATICS
IEMATIC8	IEMATICS
IEMATIC9	IEMATICS
PAINTREE	SNCKPE19
HPIRATES	SNCKPE19
STRTF	SNCKPE19
BUDDYNIM	SNCKPE19
SPECTAC	SNCKPE19
ANGLE	SNCKPE19
INVENTRY	SNCKPE19
CHQUEENS	SNCKPE19
GEHA1802	GEHA2018
GEHA1803	GEHA2018
GEHA1804	GEHA2018
GEHA1805	GEHA2018
GEHA1806	GEHA2018
GEHA1807	GEHA2018
GEHA1801	GEHA2018
CHEFEQUA	NOV18B
MAXDTREE	NOV18B
GMEDIAN	NOV18B
HMAPPY1	NOV18B
RECIPES	NOV18B
PRDRG	NOV18B
PRITREE	NOV18B
BINSTR	NOV18B
MAGICHF2	NOV18B
CHFTIRED	NOV18B
CHHAPPY	NOV18B
CDP01	CODP2017
CDP02	CODP2017
CDP03	CODP2017
CDP04	CODP2017
CDP05	CODP2017
NPL1701A	NPLQ2017
NPL1701B	NPLQ2017
NPL1701C	NPLQ2017
NPL1701D	NPLQ2017
NPL1701E	NPLQ2017
NPL1701F	NPLQ2017
LNOC	CYOC2018
STKMZE	CYOC2018
KRNARJN	CYOC2018
CYPOCT01	CYOC2018
MAXPRODU	SNCK1B19
CHEFKO	SNCK1B19
SNCKYEAR	SNCK1B19
QUEUE2	SNCK1B19
CHFAR	SNCK1B19
TREEWLK2	LTIME65B
WEIRD2	LTIME65B
THREEFR	LTIME65B
CLORGIRD	LTIME65B
ROBAGAIN	LTIME65B
NICARRAY	LTIME65B
ATMOQ1	ACJQ2017
ATMOQ6	ACJQ2017
ATM0Q3	ACJQ2017
ATM0Q8	ACJQ2017
ATMOQ7	ACJQ2017
TIDUAFT	ICOP1801
KCHESS	ENCO2018
PNTWLL	ENCO2018
SLAEL	ENCO2018
OLDFAR	ENCO2018
CTOUR	ENCO2018
BINIM2	COOK99B
PWRTREE	COOK99B
ADASTAIR	COOK99B
PUMPWAT	COOK99B
ADAFARM	COOK99B
ADASHOP	COOK99B
TIDURAT	ICOP1801
ISTA2001	ICOP1801
RAJAPR0	ICOP1801
EASY001	CCCO2017
EASY002	CCCO2017
MED004	CCCO2017
INF1801	INTY2018
INF1802	INTY2018
INF1803	INTY2018
INF1804	INTY2018
INF1805	INTY2018
AVGMAT	SNCK1A19
TYPING	SNCK1A19
CHEFADD	SNCK1A19
ARRGRAPH	SNCK1A19
CARDMGK	SNCK1A19
PERIODIC	SNCK1A19
CAKEWALK	DODE2018
GOD	DODE2018
CUPGAME	DODE2018
BORED	DODE2018
NEWS	DODE2018
VKURI	CCLC2018
CHESGAME	CCLC2018
RRAHSEM	CCLC2018
DIVFOUR	CCLC2018
TOUGHEST	CCLC2018
STRSRCH	CCLC2018
SPREAD2	SNCKQL19
TEAMMATE	SNCKQL19
QUALPREL	SNCKQL19
QABC	SNCKQL19
CHEFPRMS	SNCKQL19
KODE03	KOKO2018
KODE01	KOKO2018
KODE02	KOKO2018
KODE04	KOKO2018
UEMKRD	UEM2018
UEMSA	UEM2018
UEMRDPG	UEM2018
UEMCO2	UEM2018
UEMKPG	UEM2018
LUCAS1	COCE2018
QUERARR	COCE2018
LTRDL	COCE2018
ORQUERR	COCE2018
JAMOORA	COCE2018
CHFINT	ENOC2018
CHFBINS	ENOC2018
AOA	ENOC2018
CHESS1	ENOC2018
DCODE	ENOC2018
GRIDGM	ENOC2018
CHFGM	ENOC2018
OPN21	MITC2018
SCOAS	MITC2018
FLRM	MITC2018
INT21	MITC2018
GA	MITC2018
MINDSUM	OCT18B
TREEWALK	OCT18B
HMAPPY	OCT18B
SURCHESS	OCT18B
CPCOMP	OCT18B
CHSERVE	OCT18B
BITOBYT	OCT18B
CCIRCLES	OCT18B
DISTRING	OCT18B
BBRICKS	OCT18B
EXP005	CCCO2017
EXP006	CCCO2017
EXP007	CCCO2017
CODG1701	CODG2017
CODG1702	CODG2017
CODG1703	CODG2017
CODG1704	CODG2017
CODG1705	CODG2017
VOWPAIR	ALQU2018
POWTWO	ALQU2018
GDP	ALQU2018
SUBMAX	ALQU2018
MAXTRIP	ALQU2018
SUPPRM	ALQU2018
MEMOLOG	EXPP2018
GREEDYCH	EXPP2018
GRAPHB	EXPP2018
SUBAND	EXPP2018
MINWORK	EXPP2018
BAL	KJCS2018
BOOK	KJCS2018
BOND	KJCS2018
SIXSTR	KJCS2018
LTR	KJCS2018
CYSEP01	CYSE2018
DIFSQ	CYSE2018
CYSEP03	CYSE2018
FTFC	CYSE2018
GRAPHLOS	CYSE2018
CHEFRES	LTIME64B
OPPOSITE	LTIME64B
JDELAY	LTIME64B
BJUDGE	LTIME64B
COINPART	LTIME64B
MATCH2	LTIME64B
KOK001	KOKO2017
KOK010	KOKO2017
KOK011	KOKO2017
KOK100	KOKO2017
Q1_NU	COYH2017
Q2_NU	COYH2017
OETW	COOK98B
UPDOTR	COOK98B
DOTIT	COOK98B
MAKPERM	COOK98B
ATM2	COOK98B
GHVSSI	COOK98B
Q3_NU	COYH2017
CZAP	CZIL2017
CZLT17	CZIL2017
CZNGP17	CZIL2017
CZTT17	CZIL2017
CZTC17	CZIL2017
CGPRIME	CGSC2018
CGMAXOR	CGSC2018
CGCODE	CGSC2018
CGAAST	CGSC2018
CGSURYA	CGSC2018
CGHORSE	CGSC2018
NPLQ18A	NPLQ2018
NPLQ18C	NPLQ2018
NPLQ18F	NPLQ2018
NPLQ18B	NPLQ2018
NPLQ18D	NPLQ2018
NPLQ18G	NPLQ2018
NPLQ18E	NPLQ2018
TMRWLD	ELE32018
CRLSTR	ELE32018
CHFUCHOC	ELE32018
CHFIPUBG	ELE32018
CHFPRMDM	ELE32018
JACKJILL	ELE32018
BDMS	COW2018
TRO	COW2018
TA	COW2018
DSI	COW2018
BP	COW2018
KLV	COW2018
CRCKT	INCC2018
INVENTO	INCC2018
PRISTG	INCC2018
TWOARY	INCC2018
MXPROD	CCWC2018
DINI	CCWC2018
BONAPP	CCWC2018
ONEQUE	CCWC2018
QUES	CCWC2018
WFORT	CCWC2018
BSTOP	CCWC2018
ARGTS	ENSE2018
CHFDT	ENSE2018
CHFWV	ENSE2018
CTKL	ENSE2018
BINMT	ENSE2018
PROFBL	ENSE2018
ARGTS2	ENSE2018
MNZEQ	ENSE2018
CHFBD	ENSE2018
EVENODD1	GOV32018
EVENODD2	GOV32018
GO3	GOV32018
GO5	GOV32018
GGLMAGIC	GOV32018
GGLSTRNG	GOV32018
PHOTOCOM	SEPT18B
MAGICHF	SEPT18B
CHEFLST	SEPT18B
XORIER	SEPT18B
CHEFZERO	SEPT18B
FCTR	SEPT18B
TABGAME	SEPT18B
CHEFADV	SEPT18B
BSHUFFLE	SEPT18B
ANDSQR	SEPT18B
STCFOTT	SEPT18B
CZFS17	CZIL2017
CZMG17	CZIL2017
CDSI6	COIS2017
CDSI7	COIS2017
CIS7	COIS2017
CDSI8	COIS2017
CIS4	COIS2017
CDSI17	COIS2017
RUN	SICJ2017
FRIEND	SICJ2017
HOUSE	SICJ2017
IMGOD	INQU2018
SQMANIA	INQU2018
TRIANLUV	INQU2018
SACGAME	INQU2018
GOPALMAT	INQU2018
KATEKAR	INQU2018
ANOMALY	INQU2018
CHFRST	BIBA2018
SQCB	BIBA2018
GCTNM	BIBA2018
RECTSQR	BIBA2018
BUGF18A	BUGF2018
BUGF18B	BUGF2018
BUGF18C	BUGF2018
BUGF18D	BUGF2018
BUGF18E	BUGF2018
CAH01	CAH1801
LONVIJJU	ICOP1902
VIJJUPAR	ICOP1902
TARITAR	ICOP1902
TIMPLEM	ICOP1902
LRPRINT	CYAU2018
SUITUP	CYAU2018
DEANSAM	CYAU2018
GOLDEW	CYAU2018
SUSACT	CYAU2018
SPOOL	LTIME63B
EID	LTIME63B
PROBSET	LTIME63B
XTGR	LTIME63B
JAGAM	LTIME63B
GHMC	LTIME63B
CODE	SICJ2017
COUPLE	SICJ2017
XORTREEH	OCT17
MEX	OCT17
CHEFCOUN	OCT17
MARRAYS	OCT17
BUG2K18A	BUGE2018
BUG2K18B	BUGE2018
BUG2K18C	BUGE2018
BUG2K18D	BUGE2018
BUG2K18E	BUGE2018
FUNKNOW	ISTS2018
CHOCPAIR	ISTS2018
DECODE	ISTS2018
TOURNEY	ISTS2018
DIGITSUM	ISTS2018
POWOFPOW	ISTS2018
MIXGA	COOK97B
HACKFU	COOK97B
GUZAC	COOK97B
NQNF	COOK97B
STTT	COOK97B
BFTT	COOK97B
CHEFCCYL	OCT17
CHEFGP	OCT17
LKYEDGE	OCT17
PERFCONT	OCT17
POINTCN	OCT17
SHTARR	OCT17
PROC18A	PROC2018
PROC18B	PROC2018
PROC18C	PROC2018
PROC18D	PROC2018
PROC18E	PROC2018
PROC18F	PROC2018
CEW1	COWC2018
CEW2	COWC2018
CEW3	COWC2018
CEW4	COWC2018
CEW5	COWC2018
CEW6	COWC2018
BYTFST	COAT2018
PHTSHT	COAT2018
TRNJRN	COAT2018
SWORDFIG	COAT2018
ACEBIT	CNES2017
SPCLPN	COAT2018
GAMEPR	COAT2018
MYSTWEEK	COAT2018
QM10P5A	KQM52018
QM10P5B	KQM52018
PCJ18A	PCJ2018
PCJ18B	PCJ2018
PCJ18C	PCJ2018
PCJ18D	PCJ2018
PCJ18E	PCJ2018
PCJ18G	PCJ2018
PCJ18F	PCJ2018
GRDPRTY	ENAU2018
PLYNUM	ENAU2018
CHFJB	ENAU2018
KNGPRB	ENAU2018
MISKEY	ENAU2018
BRNDG	ENAU2018
CHFSQN	ENAU2018
ARRPROB	ENAU2018
ACTNBM	ENAU2018
CF1926	CF22018
CF1922	CF22018
CF1924	CF22018
CF1921	CF22018
CF1920	CF22018
CF1923	CF22018
CCG	COHR2018
CAMT	COHR2018
CAI0	COHR2018
MCHN	COHR2018
ALGO	COHR2018
CLCTN	COHR2018
PESTS	COHR2018
MMRY	COHR2018
DARY	COHR2018
PRINDRAG	AUG18B
MYST	AUG18B
LONCYC	AUG18B
RIVER	AUG18B
KCOMPRES	AUG18B
SAFPAR	AUG18B
SHKNUM	AUG18B
SPELLBOB	AUG18B
PROBLEMS	AUG18B
INMAT	AUG18B
GCDMOD	AUG18B
ACEORG	CNES2017
ACENEW	CNES2017
ACEWAR	CNES2017
ACEDSS	CNES2017
ACESQN	CNES2017
KJCS17A	KJCS17
KJCS17C	KJCS17
KJCS17D	KJCS17
KJCS17E	KJCS17
KJCS17F	KJCS17
C00K0FF	LTIME52
LGOODSUB	SGHC2018
MATRCOMB	SGHC2018
MAXPARTI	SGHC2018
SPLST	LTIME62B
FRCPRT	LTIME62B
GCDSUM	LTIME62B
MKSTR	LTIME62B
MEXRNG	LTIME62B
PRMDIV	LTIME62B
CHEFDICE	LTIME52
CHEFPCHF	LTIME52
CHEFTRAF	LTIME52
CHEFTRAV	LOCSEP17
CHEFSTCK	LOCSEP17
JMAGNUM	LOCSEP17
VKDECOMP	LOCJUL18
CMK	LOCJUL18
TAJ	LOCJUL18
COLCHEF	LOCJUL18
CLPOINT	LOCJUL18
F2NDMAX	COOK96B
ORMATRIX	COOK96B
ENCMSG	COOK96B
STICKS2	COOK96B
CHAQOT	COOK96B
CHGCDG	COOK96B
ICPCSEL	LOCSEP17
COCOPROD	LOCSEP17
TAXR	LOCSEP17
CGEEK01	COGE2017
CGEEK02	COGE2017
CGEEK03	COGE2017
EXACTWAL	IOITC182
COINDENO	IOITC182
CHANGNUM	IOITC182
DECUNI	ICOP1901
MEANARR	ICOP1901
ARRCENT	ICOP1901
TREEUGH	ICOP1901
T21	ISCC2018
T22	ISCC2018
T23	ISCC2018
T24	ISCC2018
T25	ISCC2018
T26	ISCC2018
T28	ISCC2018
T30	ISCC2018
T27	ISCC2018
T29	ISCC2018
MGCSET	JULY18B
PINS	JULY18B
NSA	JULY18B
EQUILIBR	JULY18B
WARTARAN	JULY18B
SUBWAY	JULY18B
NMNMX	JULY18B
GEARS	JULY18B
PDELIV	JULY18B
PFRUIT	JULY18B
JERRYTOM	JULY18B
CGEEK0X	COGE2017
CGEEK0Y	COGE2017
BAGAPRIM	KICW2017
ANUPROD	KICW2017
REVCASE	KICW2017
LIKECS01	COOK86
LIKECS02	COOK86
LIKECS03	COOK86
LIKECS04	COOK86
LIKECS05	COOK86
KPRR	COGA2017
REPML	COGA2017
C002	CIU2018
TREESORT	LTIME61B
XORSORT2	LTIME61B
TBGRAPH	LTIME61B
DOCSDEL	LTIME61B
NUM239	LTIME61B
SUMPOWER	LTIME61B
WALKKHL	COGA2017
INSQ17P	INQU2017
INSQ17E	INQU2017
INSQ17X	INQU2017
INSQ17Z	INQU2017
INSQ17V	INQU2017
LOC18JUN	LOCJUN18
CHEFCUP	LOCJUN18
KATANA	LOCJUN18
RANDB	LOCJUN18
NOOB	LOCJUN18
CYCLECOL	IOITC181
KPERFMAT	IOITC181
CIRCINTE	IOITC181
SONYASEG	COOK95A
DANYANUM	COOK95A
MINIONS	COOK95A
BTMNTREE	COOK95A
NUMCOMP	COOK95A
GOODPERM	COOK95A
INSQ17R	INQU2017
INSQ17W	INQU2017
BUG2K17A	BUGE2017
QM10A	KQ102018
QM10B	KQ102018
FRIEZA	QUCO2018
GOHAN	QUCO2018
KRILLIN	QUCO2018
VEGETA	QUCO2018
BEERUS	QUCO2018
PLUSEQ	JUNE18A
ARCTR	JUNE18A
BIBOARD	JUNE18A
NAICHEF	JUNE18A
BINSHFFL	JUNE18A
SHKSTR	JUNE18A
WAREHOUS	JUNE18A
VSN	JUNE18A
WRKWAYS	JUNE18A
BUILDIT	JUNE18A
TWOFL	JUNE18A
BUG2K17C	BUGE2017
BUG2K17B	BUGE2017
BUG2K17D	BUGE2017
BSTFUNC	CLCW2017
SPDF	CLCW2017
MXAVG	CLCW2017
RNGOR	CLCW2017
GOTLOL	CLCW2017
MARO	CLCW2017
SUMCUBE	SEPT17
WEASELTX	SEPT17
ELECTION	LOCMAY18
DSERIES	LOCMAY18
PRIMECLO	LOCMAY18
PERMSUM	LOCMAY18
REMAIN	LOCMAY18
SBSTR	LTIME60A
SHIFTPAL	LTIME60A
WEAKMID	LTIME60A
PLUS	LTIME60A
TSUM2	LTIME60A
TRACE	LTIME60A
MINPERM	SEPT17
CHEFPDIG	SEPT17
CHEFSUM	SEPT17
FILLMTR	SEPT17
QGRID	SEPT17
WEASELSC	SEPT17
CHEFLAKE	COOK94A
KMXOR	COOK94A
CHEFLMN	COOK94A
CHEFTRVL	COOK94A
CHEFRUN	COOK94A
CHEFPIC	COOK94A
SEACO	SEPT17
SEAFUNC	SEPT17
MATDYS	LTIME51
MATPAN	LTIME51
MATTEG	LTIME51
MATCUT	LTIME51
RUBBER	MAY18A
EDGEST	MAY18A
SERSUM	MAY18A
RD19	MAY18A
XORAGN	MAY18A
MTYFRI	MAY18A
NONCONVX	MAY18A
CHSIGN	MAY18A
STMINCUT	MAY18A
FAKEBS	MAY18A
DBFB	MAY18A
KMAX	LOCAUG17
GTREE	LOCAUG17
ALTSUB	LOCAUG17
ALATE	LOCAUG17
PRINCESS	LOCAUG17
ELEVSTRS	COOK85
GAMSTICK	COOK85
MTRXMOD	COOK85
OBTTRNGL	COOK85
TRCNTCT	COOK85
MGS	TETO2017
COX01	COX2018
COX02	COX2018
COX03	COX2018
COX04	COX2018
COX05	COX2018
TWOVSTEN	LTIME59A
GCDDIV	LTIME59A
TREE3	LTIME59A
NPORP	LTIME59A
FFT	LTIME59A
DARTSEGM	LTIME59A
THSF	TETO2017
GRTGM	TETO2017
NG	TETO2017
CHEFMOVR	AUG17
CHEFFA	AUG17
RAINBOWA	AUG17
OJUMPS	MAY14
CHEFBM	MAY14
SEAGM	MAY14
COMPILER	MAY14
ANUDTQ	MAY14
SEINC	MAY14
ANUMFS	MAY14
LEBALONS	MAY14
FUNAGP	MAY14
RRSTONE	MAY14
PERFNEC	LOCAPR18
TRGR	LOCAPR18
CRICSCR	LOCAPR18
DOBDELIV	LOCAPR18
PALLIND	LOCAPR18
MARRIAGE	BCRR2018
ATDSHT	BCRR2018
LUVNUM	BCRR2018
HLPCRUSH	BCRR2018
TOINF	BCRR2018
VYREVY	BCRR2018
HACKRMAN	BCRR2018
PWNCHESS	COOK93A
HAMEL	COOK93A
CHEFGORO	COOK93A
BINIM	COOK93A
RUNDIR	COOK93A
CUTBOARD	COOK93A
GCAC	AUG17
PALINGAM	AUG17
STRINGRA	AUG17
WALKBT	AUG17
HILLJUMP	AUG17
MATDW	AUG17
IEMCO5A	IEMCO5
IEMCO5B	IEMCO5
IEMCO5C	IEMCO5
IEMCO5D	IEMCO5
IEMCO5E	IEMCO5
IEMCO5F	IEMCO5
ADP	CORP2018
TEX	CORP2018
IOC	CORP2018
ENP	CORP2018
GOODS	CORP2018
CODEX001	CXII2018
CODEX003	CXII2018
CODEX000	CXII2018
OCM	CMA22018
GANGS	CMA22018
ENGINEER	CMA22018
EGJAM	CMA22018
CHOCOSTK	CMA22018
CLUSCL	COLE2018
CLKLZM	COLE2018
CLERVT	COLE2018
CLTNGL	COLE2018
CLFIBD	COLE2018
CLSUMG	COLE2018
AVNRTRI	AVEN2018
AVNRLIN	AVEN2018
AVN18ENC	AVEN2018
AVNRSER	AVEN2018
AVN18FNL	AVEN2018
AVN18CMP	AVEN2018
SND18TPP	DAVC2018
SANDTIC	DAVC2018
SANDARY	DAVC2018
SAND7	DAVC2018
SANDSHOP	DAVC2018
EXODIA	DEME2018
DELICEIL	DEME2018
CREP	DEME2018
SANTA2	DEME2018
BINDIF	DEME2018
GRPLS	DEME2018
ENC2020A	ENCO2020
ENC2020B	ENCO2020
ENC2020D	ENCO2020
ENC2020E	ENCO2020
ENC2020F	ENCO2020
HLPSAM	BLAS2020
MKTRNG	BLAS2020
TM	BLAS2020
MIMAX	BLAS2020
WCPL	BLAS2020
PATTE1	CHLG2020
MINI2	CHLG2020
KIDEE1	CHLG2020
CCFUND	CHLG2020
MATH88	CHLG2020
NBC001	NOOB2020
FLOWERPO	AUG17
NBC003	NOOB2020
NBC002	NOOB2020
NBC004	NOOB2020
NBC006	NOOB2020
NBC005	NOOB2020
STMX17	CFW32020
OMGO	CFW32020
COV3DEAL	CFW32020
GKLDPRCT	CFW32020
AYUSCRT	CFW32020
GSARRY	CFW32020
WC01	WNTR2020
WC02	WNTR2020
WC03	WNTR2020
WC04	WNTR2020
WC05	WNTR2020
WC06	WNTR2020
WC07	WNTR2020
WC08	WNTR2020
ORFA	SCC42020
SSEC0029	SCC42020
SSEC0018	SCC42020
SSEC0025	SCC42020
ADADISH	NOV20B
FEMA2	NOV20B
CNDYGAME	NOV20B
RESTORE	NOV20B
UNSQUERS	NOV20B
RB2CNF	NOV20B
CHEFSSM	NOV20B
SCALSUM	NOV20B
SELEDGE	NOV20B
PANIC	NOV20B
CONGRID	NOV20B
JONSNOW	PROJ2017
CURREQ	PROJ2017
IMPPAL	PROJ2017
TRAVLMIN	PROJ2017
WEIRD	PROJ2017
NODEJP	PROJ2017
FNDJOB	PROJ2017
LOSTMAX	LTIME50
MAXOR	LTIME50
TRAVELAL	LTIME50
DIVSET	LTIME50
EOOPR	INFY20A
SOLDVAL	INFY20A
RRUN	INFY20A
GMSTN	INFY20A
KTREE	INFY20A
KGCD	INFY20A
SNACKUP	COOK83
ADADET	COOK83
ADACRA	COOK83
PREFIXOR	SNEL17RP
WIQ	SNEL17RP
FOURPTS	SNEL17RP
ECPC10E	ECPG2020
ECPC10F	ECPG2020
ECPC10G	ECPG2020
ECPC10A	ECPG2020
ECPC10B	ECPG2020
ECPC10C	ECPG2020
ECPC10D	ECPG2020
ANDOR	LTIME89B
SUBMEXS	LTIME89B
GSUB	LTIME89B
COPAR	LTIME89B
SSO	LTIME89B
CDSUMS	LTIME89B
EFLIP	LTIME89B
ANCESTOR	SNEL17RP
CHEFPRAD	SNEL17RP
GQUERY	SNEL17RP
MEXDIV	SNEL17RP
PLUSMUL	SNEL17RP
ROBOTDAG	SNEL17RP
BLACKCOM	SNEL17RP
STONKSA	KZEN2020
STONKSB	KZEN2020
STONKSE	KZEN2020
STONKSC	KZEN2020
STONKSD	KZEN2020
RC_Q1	RVRS2020
RC_Q2	RVRS2020
RC_Q3	RVRS2020
RC_Q4	RVRS2020
RC_Q5	RVRS2020
RC_Q6	RVRS2020
RC_Q7	RVRS2020
RC_Q8	RVRS2020
RC_Q9	RVRS2020
RC_Q10	RVRS2020
RC_Q11	RVRS2020
RC_Q12	RVRS2020
RC_Q13	RVRS2020
RC_Q14	RVRS2020
RC_Q15	RVRS2020
RC_Q16	RVRS2020
RC_Q17	RVRS2020
RC_Q18	RVRS2020
RC_Q19	RVRS2020
APOC2_01	APO12020
APOC2_02	APO12020
APOC2_03	APO12020
APOC2_04	APO12020
APOC2_05	APO12020
CGMN1	CGRL2020
CGPP2	CGRL2020
CGTR03	CGRL2020
CGPPR04	CGRL2020
CGAU05	CGRL2020
SPLITIT	COOK123B
DECREM	COOK123B
PATHSUMS	COOK123B
DIANE	COOK123B
INVERACT	COOK123B
XOXO	COOK123B
MORPH21	COOK123B
PERFSQRS	COOK123B
SPCLN	SNCKEL17
OCTAVE	CSPR2020
RRACE	CSPR2020
KCUBE	CSPR2020
SHER	CSPR2020
ICE	CSPR2020
INQU2000	INSO2020
INQU2001	INSO2020
INQU2002	INSO2020
INQU2003	INSO2020
INQU2004	INSO2020
INQU2005	INSO2020
INQU2006	INSO2020
INQU2007	INSO2020
COFOCTP1	COF2020
COFOCTP2	COF2020
CHFMNT	STR2020
PERRY	STR2020
INVASION	STR2020
FORFS	STR2020
TRP	STR2020
DOGGO	STR2020
QUEFNX	STR2020
WEIRDTOP	STR2020
MATMIN1	LOGI2020
CHEFG999	LOGI2020
FIZZA	LOGI2020
FROD	LOGI2020
SEIGE	LOGI2020
AVGMED	LOGI2020
MPOW	LOGI2020
HNH01	NEWB2020
PREGLO	NEWB2020
CNFCT	NEWB2020
BUYCD	NEWB2020
LXORR	NEWB2020
FGHTXT	NEWB2020
ACODEX2	COX22020
CCODEX2	COX22020
DCODEX2	COX22020
HCODEX2	COX22020
ICODEX2	COX22020
JCODEX2	COX22020
TAWY001	TAWY2020
TAWY002	TAWY2020
TAWY003	TAWY2020
TAWY004	TAWY2020
GURUJI	TEWE2020
BINOD	TEWE2020
THEFIN	TEWE2020
FIXTHE	TEWE2020
COVIDCR	TEWE2020
ARYANCO	TEWE2020
DBAS	TEWE2020
DC10001	DECI2020
DC10002	DECI2020
DC10003	DECI2020
DC10004	DECI2020
DC10005	DECI2020
DC10006	DECI2020
CHEFEZQ	OCT20B
CVDRUN	OCT20B
REPLESX	OCT20B
POSAND	OCT20B
VILLNET	OCT20B
RANDKNAP	OCT20B
DDIMMST	OCT20B
SEGCOMPR	OCT20B
ADDSQURE	OCT20B
INVSMOD2	OCT20B
ROOTMST	OCT20B
TSECJ105	TSCO2017
TSECJ104	TSCO2017
TSECJ101	TSCO2017
TSECJ102	TSCO2017
TSECJ106	TSCO2017
TSECJ103	TSCO2017
CAVECOIN	LOCJUL17
BOSSLOSS	LOCJUL17
AMITNITI	LOCJUL17
SCHAR	LOCJUL17
MAAFIA	LOCJUL17
SIPM	CZEN2020
ZRACE	CZEN2020
RGSPY	CZEN2020
ALCHH	CZEN2020
NHSPN	CZEN2020
AVVST	CZEN2020
CODSTAN4	CFUN2020
CODSTAN1	CFUN2020
CODSTAN2	CFUN2020
CODSTAN6	CFUN2020
CODSTAN7	CFUN2020
CCH1	GACE2020
CCH2	GACE2020
CCH3	GACE2020
CHNGFUNC	COOK84
CHNGOR	COOK84
CHNGSEQ	COOK84
CHNGSUM	COOK84
BIPARTRE	COOK84
PATROL	ISCC2017
TRAVERSE	ISCC2017
CEXE01	COME2018
CEXE02	COME2018
CEXE03	COME2018
CEXE04	COME2018
CEXE05	COME2018
CEXE06	COME2018
CEXE07	COME2018
CEXE08	COME2018
CHFCHL	KJSC2018
CALPRB	KJSC2018
CHSEC	KJSC2018
FINDFRM	KJSC2018
ZOMB	KJSC2018
APR105	COLF2018
APR102	COLF2018
APR101	COLF2018
APR103	COLF2018
APR104	COLF2018
APR106	COLF2018
NN02	NOON2018
NN03	NOON2018
NN04	NOON2018
NN005	NOON2018
NN01	NOON2018
FLC	JOBE2018
GBP	JOBE2018
RVS	JOBE2018
FRW	JOBE2018
ESS	JOBE2018
TECHNO1	COIE2018
TECHNO2	COIE2018
TECHNO4	COIE2018
TECHNO3	COIE2018
TECHNO06	COIE2018
TECHNO07	COIE2018
TECNO8	COIE2018
TECHNO08	COIE2018
EDGBASE	CODO2018
SMST	CODO2018
AXXOR	CODO2018
EVON	CODO2018
EDGEXP	CODO2018
COUT18A	CODO2018
MCOIN	CODO2018
CHEFPAR	APRIL18B
VAIMIN	APRIL18B
GOODPREF	APRIL18B
CUTPLANT	APRIL18B
HIGHWAYC	APRIL18B
WGHTNUM	APRIL18B
AVGPR	APRIL18B
CHEFWORK	APRIL18B
CHEFAT	APRIL18B
JADUGAR	APRIL18B
SSPLD	APRIL18B
JADUGAR2	APRIL18B
HISTOSIM	ISCC2017
AHHOUSE	ISCC2017
SEQUA	ISCC2017
NODDC	ISCC2017
RUINEDF	ISCC2017
MULDIG	JULY17
PSHTTR	JULY17
CHEFSIGN	JULY17
NITIKA	JULY17
EXPTREE	JULY17
CALC	JULY17
IPCTRAIN	JULY17
ENIG10	CMEL2018
YFG	CMEL2018
XDS	CMEL2018
CRISIS	CMEL2018
CNTL	CMEL2018
SEGSM	CMEL2018
LCSTSUB	CMEL2018
SINS	CMEL2018
CMPVIRS	CMEL2018
CNDLOVE	CMEL2018
GQR	LTIME58A
TRS	LTIME58A
ARRP	LTIME58A
AFK	LTIME58A
FRK	LTIME58A
ZOZ	LTIME58A
TWOCOINS	JULY17
APRPS	JULY17
SRVRS	JULY17
ANDGRAPH	SNFL17MR
MATRIXUM	SNFL17MR
MINIMAX	SNFL17MR
TIME14	FOOY2018
FOOLU18	FOOY2018
EXCL18	FOOY2018
HAND01	FOOY2018
HARD101	FOOY2018
QM9A	KQM92018
QM9B	KQM92018
MSTC01	MMFO2018
MSTC02	MMFO2018
MSTC04	MMFO2018
IT003	CEM2018
IT001	CEM2018
IT002	CEM2018
GSMAR18A	GSMAR18
GSMAR18B	GSMAR18
GSMAR18C	GSMAR18
SPSUM	INSO2018
STSWAP	INSO2018
CONSEL	INSO2018
HIGHINT	INSO2018
CBS	INSO2018
CNTNODE	INSO2018
STRAIGHT	INSO2018
GOFG	INSO2018
EZDP	INSO2018
FUNFUN	INSO2018
CO92MATR	COOK92A
CO92TREE	COOK92A
CO92REST	COOK92A
CO92SUBW	COOK92A
MXPATH	COOK92A
CO92JUDG	COOK92A
REFUELS	SNFL17MR
MINDEG	SNFL17MR
HULLSUM	SNFL17MR
WEAPONS	SNFL17MR
UNIVERSE	SNFL17MR
BCYCLES	SNFL17MR
XDXD	PRWR2018
RATM	PRWR2018
VKNCR	PRWR2018
SQCUBE	PRWR2018
KTREES	PRWR2018
AMPRO	CONI2018
SMSAN	CONI2018
FRNTR	CONI2018
CBLCRS	CONI2018
CRDGM	CONI2018
HARRYCOS	ALKH2018
HARRYDH1	ALKH2018
HARRYWND	ALKH2018
HARRYHBP	ALKH2018
HELPVOLD	ALKH2018
HEDWIG	ALKH2018
ROOMOFRM	ALKH2018
HARRYGOF	ALKH2018
HARRYPSS	ALKH2018
HARRYDH2	ALKH2018
SIMPLPRO	CODN2018
SMSQR	CODN2018
SPRTJRSY	CODN2018
EVNDIL	CODN2018
MODPR	CODN2018
FLGAME	CODN2018
GDSTRNG	CODN2018
PACMAN	CODN2018
BTLGDN	CODN2018
ZVAL	CODN2018
ADASUM	GOC2018
ANUSQU	GOC2018
KUNDIG	GOC2018
KHCARD	GOC2018
ANIRWO	GOC2018
YDIV1	COUT2018
SUP1	COUT2018
ADI	COUT2018
STRS	COUT2018
SUPRUP	COUT2018
SWASI	COUT2018
CADD1	COUT2018
CADD2	COUT2018
SAN1	CAC2018
AVSD	CAC2018
PID	CAC2018
ERD	CAC2018
QM8A	KQM82018
QM8B	KQM82018
TCQF218A	TCQ22018
TCQF218B	TCQ22018
TCQF218C	TCQ22018
TCQF218D	TCQ22018
CHEGLOVE	MARCH18A
BIGSALE	MARCH18A
MINEAT	MARCH18A
MINVOTE	MARCH18A
MIXCOLOR	MARCH18A
XXOR	MARCH18A
PSHTRG	MARCH18A
GCDCNT	MARCH18A
CUTTREE	MARCH18A
CHEFKNN	MARCH18A
EMBDTREE	MARCH18A
MAXIEDGE	SNFL17MR
TMS	MOPC2018
GNM	MOPC2018
LMAD	MOPC2018
JS2	MOPC2018
DSA	MOPC2018
ICL1803	ICL2018
ICL1801	ICL2018
ICL1802	ICL2018
ICL1805	ICL2018
ICL1804	ICL2018
NCC1801	NCC2018
NCC1802	NCC2018
NCC1803	NCC2018
NCC1804	NCC2018
NCC1805	NCC2018
NCC1806	NCC2018
NCC1807	NCC2018
TCENT	BYTC2018
SHRE	BYTC2018
ALPHAS	BYTC2018
MDIM	BYTC2018
FEEDBACK	BYTC2018
DISTRANG	BYTC2018
RECSUM	BYTC2018
HOLGAME	BYTC2018
BONGSUM	BYTC2018
HILLS	LTIME57
GAMENUMB	LTIME57
BORDER	LTIME57
COUPLES	LTIME57
GSFEB18B	GSF2018
GSFEB18C	GSF2018
GSFEB18D	GSF2018
C3PRB1	CCU2018
C3PRB2	CCU2018
C3PBR3	CCU2018
FCC01	FSCC2018
FCC02	FSCC2018
FCC03	FSCC2018
FCC04	FSCC2018
FCC05	FSCC2018
CCOOK	COOK91
CTHREE	COOK91
CSUBSEQ	COOK91
CARRAY	COOK91
CTREE	COOK91
PM2A	KPM22018
PM2B	KPM22018
PM2C	KPM22018
BIT_NJ	OVEC2018
BIT_BS	OVEC2018
BIT_NS	OVEC2018
BIT_NB	OVEC2018
BIT_T7	OVEC2018
KRYP1	CODR2018
KRYP2	CODR2018
KRYP3	CODR2018
KRYP4	CODR2018
KRYP5	CODR2018
KRYP6	CODR2018
HOF2	HACF2018
HOF3	HACF2018
STRLU	HACF2018
SS	HACF2018
PRA	HACF2018
CIR	HACF2018
COMAPR04	COM2018
COMAPR02	COM2018
COMAPR06	COM2018
COMAPR01	COM2018
COMAPR03	COM2018
COMAPR05	COM2018
COMAPR07	COM2018
BOTTLES	ENCI2018
CHEFBAM	ENCI2018
PAD19	ENCI2018
TOMJE	ENCI2018
ENCPH1	ENCI2018
BAR3	ENCI2018
QM6P5A	KQM6518
QM6P5B	KQM6518
COCO1	COCO2018
COCO2	COCO2018
COCO3	COCO2018
COCO4	COCO2018
COCO5	COCO2018
COCO6	COCO2018
DL2017A	DEAD2018
DL2017B	DEAD2018
DL2017C	DEAD2018
DL2017D	DEAD2018
DL2017E	DEAD2018
ADGRAPHS	BLUP2018
WTRDIL	BLUP2018
FIBPOWER	BLUP2018
STRFIB	BLUP2018
ADSTRING	BLUP2018
COCU2	COCU2018
COCU3	COCU2018
COCU4	COCU2018
COCU5	COCU2018
COCU1	COCU2018
TCQF181A	TCQ2018
TCQF181B	TCQ2018
TCQF181D	TCQ2018
TCQF181C	TCQ2018
AMDRUNK	AMR17ROL
AMMAGIC	AMR17ROL
AMRACES	AMR17ROL
AMBOXES	AMR17ROL
AMPUZZLE	AMR17ROL
CRYPCUR	AMR17ROL
QUADFUNC	AMR17ROL
LAUGHMEN	AMR17ROL
SIMPPOLY	AMR17ROL
CODERLIF	AMR17ROL
AMLEX	AMR17ROL
DARKO	CBEN2018
LEONARD	CBEN2018
TYLER	CBEN2018
CLANCY	CBEN2018
WILLIAM	CBEN2018
THC1	CODH2018
ATC2	CODH2018
AMC3	CODH2018
CPC4	CODH2018
SCC5	CODH2018
PAC6	CODH2018
CLANDLBL	FEB18
CHEFPTNT	FEB18
CHEFCHR	FEB18
LUCASTH	FEB18
BROCLK	FEB18
CARPTUN	FEB18
POINPOLY	FEB18
CHANOQ	FEB18
PERMPAL	FEB18
BIAS	FEB18
GRAPHLIS	TESS2018
JACKJACK	TESS2018
INDSUB	TESS2018
FOUR	TESS2018
L56AVG	LTIME56
L56KTH	LTIME56
L56GAME	LTIME56
L56LABY	LTIME56
ZUBREACH	KOL17ROL
ZUBRIDER	KOL17ROL
ZUBPASSR	KOL17ROL
ZUBGOLD	KOL17ROL
ZUBHTREE	KOL17ROL
ZUBAPCNT	KOL17ROL
ZUBSECRT	KOL17ROL
ZUBTRCNT	KOL17ROL
ZUBPALK	KOL17ROL
ZUBSPOIL	KOL17ROL
RAWPOWER	KOL17ROL
FOOLS18A	FOPR2018
FOOLS18B	FOPR2018
FOOLS18C	FOPR2018
FOOLS18D	FOPR2018
FOOLS18E	FOPR2018
FOOLS18F	FOPR2018
FOOLS18G	FOPR2018
FINDA	COOK90
MAGA	COOK90
MULTHREE	COOK90
FARGRAPH	COOK90
SURVIVE	COOK90
QM6A	KQM62018
QM6B	KQM62018
GSJANA	GSJAN18
GSJANC	GSJAN18
GSJANB	GSJAN18
VAMSI_NU	CWF2018
VAMSI_CR	CWF2018
VAMSI_ST	CWF2018
VAMSI_GR	CWF2018
VAMSI_BT	CWF2018
VAMSI_SP	CWF2018
TRICHEF	GWR17ROL
QTRAGAIN	GWR17ROL
OPTCODE	GWR17ROL
COUPSYS	GWR17ROL
KALADIN	GWR17ROL
LIGHTARE	GWR17ROL
TALESQUA	GWR17ROL
TALETRI	GWR17ROL
ZUBWALLT	GWR17ROL
ALTTRI	PLCO2018
ANGKILL	PLCO2018
KILLLAZ	PLCO2018
CHEFSPAR	PLCO2018
PRMSWP	PLCO2018
CHFSPN	PLCO2018
CHEFCHOC	PLCO2018
EZPRB	PLCO2018
CWHIZZ01	CODW2018
CWHIZZ05	CODW2018
CWHIZZ02	CODW2018
CWHIZZ04	CODW2018
CSGGV1	CODS2018
CSGGV2	CODS2018
CSGGV3	CODS2018
CSGGV4	CODS2018
CSGGV5	CODS2018
SCIENCEF	KGP17ROL
DISCAREA	KGP17ROL
STRLBP	KGP17ROL
SADQ	KGP17ROL
TAXITURN	KGP17ROL
SPAMCLAS	KGP17ROL
NONOVSEG	KGP17ROL
SPANTREE	KGP17ROL
GENPERM	KGP17ROL
NUMBGAME	KGP17ROL
XORQUERY	KGP17ROL
VAMSI_JL	CW2018
VAMSI_CY	CW2018
COW18_6	CW2018
COW18_7	CW2018
PROB_5	CW2018
PROB_4	CW2018
SHK01	CTLH2018
SHK02	CTLH2018
SHK03	CTLH2018
FBCH	CTLH2018
ELHIDARR	CHN17ROL
DEFOREST	CHN17ROL
BLREDSET	CHN17ROL
OBEXPVAL	CHN17ROL
CODIE	CHN17ROL
AREAFIGR	CHN17ROL
MRO	CHN17ROL
VRTXCOVR	CHN17ROL
GOODBAD	CHN17ROL
MANCBST	CHN17ROL
MINSTR	CHN17ROL
SQRGOOD	JAN18
KILLKTH	JAN18
MONSTER	JAN18
MAXSC	JAN18
RECTANGL	JAN18
KCON	JAN18
STRMRG	JAN18
PRTITION	JAN18
XYHUMOQ	JAN18
CHEFPALS	JAN18
PCAKE	LOCJUN17
KCHAR	LOCJUN17
PRATABHI	LOCJUN17
HHMGN	LOCJUN17
RIDDLE99	LOCJUN17
TWONMS	LTIME49
MAXSEGM	LTIME49
SHDWCMP	LTIME49
COMPCLUB	LTIME49
CENTREE	COOK83
KNICOV	COOK83
ES	JUNE17
GOODSET	JUNE17
PRMQ	JUNE17
CLONEME	JUNE17
OAK	JUNE17
SUMQ	JUNE17
XENRANK	JUNE17
UNIONSET	JUNE17
NEO01	JUNE17
SBTR	JUNE17
CAPTCITI	SNCKPB17
SNELECT	SNCKPB17
SNCOUP	SNCKPB17
SNSOCIAL	SNCKPB17
SNDISCUS	SNCKPB17
SNGRAPH	SNCKPB17
PROTEPOI	SNCKPA17
TEAMFORM	SNCKPA17
SNTEMPLE	SNCKPA17
GAMEBALL	SNCKPA17
ISSNAKE	SNCKPA17
CONSESNK	SNCKPA17
TELEPORT	LTIME48
PREFINVS	LTIME48
POSTTREE	LTIME48
SUBINVER	LTIME48
LOC172	LOCMAY17
DTREE	LOCMAY17
VTREE	LOCMAY17
ARGCD	LOCMAY17
BONDFOND	LOCMAY17
COOK82A	COOK82
COOK82B	COOK82
COOK82C	COOK82
COOK82D	COOK82
COOK82E	COOK82
SNAKPROC	SNCKQL17
SNAKEEAT	SNCKQL17
TEMPLELA	SNCKQL17
SAMESNAK	SNCKQL17
BITMASK1	BITM2017
BITMASK2	BITM2017
BITMASK3	BITM2017
BITMASK5	BITM2017
BITMASK4	BITM2017
CHEFSUBA	MAY17
CHEFROUT	MAY17
UNICOURS	MAY17
MXMEDIAN	MAY17
GPD	MAY17
CHEFCODE	MAY17
SANDWICH	MAY17
WSITES01	MAY17
KILLER	MAY17
CHEFBATL	MAY17
SUBQUERY	LTIME13
SMPAIR	LTIME13
COPRIME3	LTIME13
DYNAINV	LTIME13
CHEFZOT	JUNE14
DIGJUMP	JUNE14
FUNC	JUNE14
GUESS	JUNE14
MAXPR	JUNE14
SEAARC	JUNE14
TWOCOMP	JUNE14
FORGETPW	JUNE14
DARTS	JUNE14
LEBLOCKS	JUNE14
APPROX2	LTIME12
DIVSUBS	LTIME12
TROOT	LTIME12
BNGAME	LTIME12
QUAD	NCC2014
EXAM	NCC2014
MULDIV	NCC2014
SNOOKER	NCC2014
RECT	NCC2014
SNET	NCC2014
GMB02	CDSN2014
GMB01	CDSN2014
GMB03	CDSN2014
GMB04	CDSN2014
GMB05	CDSN2014
TANDC	LTIME11
KFORK	LTIME11
CIRCLE	LTIME11
MPROD	LTIME11
CG01	CDGR2014
CG02	CDGR2014
CG03	CDGR2014
CG04	CDGR2014
CG05	CDGR2014
CG06	CDGR2014
PROM01	PRMT2014
PROM02	PRMT2014
PROM03	PRMT2014
PROM04	PRMT2014
PROM05	PRMT2014
PROM07	PRMT2014
PROM06	PRMT2014
PROM08	PRMT2014
PROM09	PRMT2014
SSS	TUXO2014
TUX01	TUXO2014
TUX02	TUXO2014
SREENI	TUXO2014
TUX03	TUXO2014
RONR	TUXO2014
POTATOES	APRIL14
CNPIIM	APRIL14
ADIGIT	APRIL14
TANGDIV	APRIL14
LMATRIX3	APRIL14
BINTREE	APRIL14
ANUCBC	APRIL14
FBCHEF	APRIL14
SEAPERM	APRIL14
GERALD08	APRIL14
CRZ01	CDCN2014
CRZ02	CDCN2014
CRZ03	CDCN2014
CRZ04	CDCN2014
CRZ05	CDCN2014
SEQCOUNT	LTIME10
SUBSGM	LTIME10
SHGAME	LTIME10
CORRCHK	LTIME10
GOC01	GOC2014
GOC02	GOC2014
GOC03	GOC2014
GOC04	GOC2014
GOC05	GOC2014
COG14D	BTBT2014
COG14E	BTBT2014
COG14A	BTBT2014
COG14B	BTBT2014
COG14C	BTBT2014
COG14F	BTBT2014
COD01	CDR2014
COD02	CDR2014
COD03	CDR2014
COD04	CDR2014
COD05	CDR2014
COD06	CDR2014
COD07	CDR2014
COD08	CDR2014
COD09	CDR2014
JMI00	CDMR2014
JMI01	CDMR2014
JMI02	CDMR2014
JMI03	CDMR2014
JMI04	CDMR2014
ABA14A	ABCS2014
ABA14E	ABCS2014
ABA14D	ABCS2014
ABA14C	ABCS2014
ABA14F	ABCS2014
ABA14B	ABCS2014
CI4	COGZ2014
CI3	COGZ2014
CI2	COGZ2014
CI1	COGZ2014
BTCD14B	BTCD2014
BTCD14D	BTCD2014
BTCD14A	BTCD2014
BTCD14C	BTCD2014
BTCD14G	BTCD2014
BTCD14J	BTCD2014
BTCD14E	BTCD2014
BTCD14F	BTCD2014
BTCD14H	BTCD2014
BTCD14I	BTCD2014
TMSLT	MARCH14
BINTOUR	MARCH14
WALK	MARCH14
ANUGCD	MARCH14
STREETTA	MARCH14
PROSUM	MARCH14
MIKE3	MARCH14
SSTORY	MARCH14
GERALD07	MARCH14
SEASORT2	MARCH14
SNOWWAVE	DMNT2014
MULFACT	DMNT2014
ORPROFIT	DMNT2014
SNOWGAME	DMNT2014
REVADD	DMNT2014
TR002	TRNT2014
TR001	TRNT2014
TR003	TRNT2014
TR004	TRNT2014
IOPC14J	IOPC2014
IOPC14A	IOPC2014
IOPC14B	IOPC2014
IOPC14E	IOPC2014
IOPC14F	IOPC2014
IOPC14G	IOPC2014
IOPC14H	IOPC2014
IOPC14P	IOPC2014
IOPC14L	IOPC2014
IOPC14K	IOPC2014
IOPC14O	IOPC2014
IOPC14N	IOPC2014
IOPC14C	IOPC2014
IOPC14Q	IOPC2014
IOPC14D	IOPC2014
IOPC14S	IOPC2014
IOPC14R	IOPC2014
IOPC14T	IOPC2014
IOPC14M	IOPC2014
IOPC14I	IOPC2014
CDCRTS1	CDCS2014
CDCRTS2	CDCS2014
CDCRTS3	CDCS2014
CDCRTS4	CDCS2014
CDCRTS5	CDCS2014
IGNUS14B	IGNS2014
IGNUS14C	IGNS2014
IGNUS14D	IGNS2014
IGNUS14E	IGNS2014
IGNUS14A	IGNS2014
SEARRAYS	LTIME09
SEAD	LTIME09
LFEB14B	LTIME09
LFEB14A	LTIME09
ACMICL01	AICL2014
ACMICL02	AICL2014
ACMICL03	AICL2014
ACMICL04	AICL2014
QUEST	CDNCTR14
ARRAY	CDNCTR14
FEST	CDNCTR14
GOT	CDNCTR14
JADEJA	CDNCTR14
MIRRORS	CDMT2014
CINEMA	CDMT2014
CANDB	CDMT2014
TILE	CDMT2014
TILE0	CDMT2014
CDMT06	CDMT2014
MOVF	NCDFEB14
MPROJ	NCDFEB14
NFEB3	NCDFEB14
NFEB4	NCDFEB14
NFEB5	NCDFEB14
PG	CDMN2014
VOTE	CDMN2014
PAPPUG	CDMN2014
BALLOT	CDMN2014
PREDICTO	CDMN2014
CM1	CDMN2014
REMISS	COOK43
KINGSHIP	COOK43
COTA	COOK43
UNIQUE	COOK43
LPAIR	COOK43
CC2	CDCRNT14
CC1	CDCRNT14
CC3	CDCRNT14
CC4	CDCRNT14
CODQ1	CDLV2014
CODQ2	CDLV2014
CODQ3	CDLV2014
CODQ4	CDLV2014
CODQ5	CDLV2014
CODQ6	CDLV2014
CODQ7	CDLV2014
CODQ8	CDLV2014
CDZ14A	CDZL2014
CDZ14B	CDZL2014
CDZ14C	CDZL2014
CDZ14D	CDZL2014
CDZ14E	CDZL2014
CRANATOM	CRNM2014
CRANBROM	CRNM2014
CRANCBOY	CRNM2014
CRANGIRL	CRNM2014
CRANCRD	CRNM2014
CRANLOTT	CRNM2014
CRANPPOL	CRNM2014
LMATRIX	FEB14
COT5	FEB14
DAGCH	FEB14
CHSEQ22	FEB14
DRGHTS	FEB14
COLARR	FEB14
SUBMIN	FEB14
LCPESY	FEB14
TWODOGS	FEB14
LEMOVIE	FEB14
LMATRIX2	FEB14
BYTES1	TROK2014
BYTES2	TROK2014
BYTES3	TROK2014
BYTES4	TROK2014
BYTES5	TROK2014
BYTES6	TROK2014
SMHTA	SMHT2014
SMHTB	SMHT2014
SMHTC	SMHT2014
SMHTD	SMHT2014
SMHTE	SMHT2014
IITI13	DBYZ2014
IITI14	DBYZ2014
IITI15	DBYZ2014
IITI16	DBYZ2014
IITI17	DBYZ2014
ATOM	CDCRFT14
BIT	CDCRFT14
BALLS	CDCRFT14
INGREDIE	CDCRFT14
DURIND	CDCRFT14
DRUNKG	CDCRFT14
SUBBXOR	CDCRFT14
NQUEEN	CDCRFT14
MACMAY	CDCRFT14
COPRIME	CDCRFT14
GIVEAWAY	CDCRFT14
CIRCLES	CDCRFT14
CHRL1	LTIME08
CHRL3	LTIME08
CHRL2	LTIME08
CHRL4	LTIME08
REN2013A	CODX2014
REN2013B	CODX2014
REN2013C	CODX2014
REN2013D	CODX2014
REN2013E	CODX2014
REN2013F	CODX2014
REN2013G	CODX2014
REN2013I	CODX2014
REN2013J	CODX2014
REN2013K	CODX2014
CAKE1AM	COOK42
CAKE2AM	COOK42
ORDERAAM	COOK42
GAMEAAM	COOK42
GANGAAM	COOK42
APOWB	SHSTRA14
SHASSTR	SHSTRA14
SHASGAME	SHSTRA14
SHASFUN	SHSTRA14
EIGVAL	SHSTRA14
SHASGRA	SHSTRA14
AWTHR	SHSTRA14
GRETHIEF	SHSTRA14
SHAMASS	SHSTRA14
PLZLYKME	JAN14
MTRICK	JAN14
ERROR	JAN14
SEAGRP	JAN14
TAPAIR	JAN14
METEORAK	JAN14
CNTDSETS	JAN14
FGFS	JAN14
FRBSUM	JAN14
TOURBUS	JAN14
MIKE2	LTIME07
MIKE1	LTIME07
SUBARR	LTIME07
SFUNC	LTIME07
KGP13A	KGP13ACM
KGP13B	KGP13ACM
KGP13C	KGP13ACM
KGP13D	KGP13ACM
KGP13E	KGP13ACM
KGP13F	KGP13ACM
KGP13G	KGP13ACM
KGP13H	KGP13ACM
KGP13I	KGP13ACM
KGP13J	KGP13ACM
ALEXNUMB	DEC13
CHODE	DEC13
CUBE	DEC13
REALSET	DEC13
QTREE6	DEC13
DECORATE	DEC13
MARBLEGF	DEC13
REIGN	DEC13
RECTQUER	DEC13
SMPAINT	DEC13
NUMBERS	LTIME06
LMA1	LTIME06
PALINDR	LTIME06
QMARKS	LTIME06
AMIFIB	COOK40
LOWSUM	COOK40
NUMPATH	COOK40
NEXTNUM	COOK40
TRSUBTR	COOK40
LESTRING	ODCD2013
LEMARKS	ODCD2013
LEDISHES	ODCD2013
LEBALLS	ODCD2013
LETHOR	ODCD2013
LEPROM	ODCD2013
LEWEED	ODCD2013
LEWINE	ODCD2013
LEMAGIK	ODCD2013
LEFIRE	ODCD2013
GPNY	NCDRN13
UVTR	NCDRN13
UVHST	NCDRN13
TPLOT	NCDRN13
SVHR	NCDRN13
TBATTLE	CDWV2013
ACHESS	CDWV2013
TESSER	CDWV2013
IMBOX	CDWV2013
BWIDOW	CDWV2013
NFURY	CDWV2013
BUYCAR	CDCZ2013
OPDES	CDCZ2013
GOTN	CDCZ2013
GOTT	CDCZ2013
BHAV	CDCZ2013
JAGE	CDCZ2013
PRVG01	PRVG2014
PRVG02	PRVG2014
PRVG03	PRVG2014
KTHPATH	ACMKGP13
SUBSTR	ACMKGP13
JACKPOT	ACMKGP13
EDITLIST	ACMKGP13
JOHNY	NOV13
GERALD2	NOV13
SDSQUARE	NOV13
MCHAIRS	NOV13
CHEFGM	NOV13
MONOPLOY	NOV13
SPOTWO	NOV13
PRETNUM	NOV13
SEAVEC	NOV13
QPOINT	NOV13
INSCTS1	INSCRP13
INSCTS3	INSCRP13
INSCTS2	INSCRP13
INSCTS4	INSCRP13
INSCTS5	INSCRP13
CHGLSTGT	LTIME05
EXPGAME	LTIME05
CHFQUEUE	LTIME05
CNR	LTIME05
TCFST06	TCFST13
TCFST03	TCFST13
TCFST07	TCFST13
TCFST08	TCFST13
TCFST04	TCFST13
TCFST09	TCFST13
TCFST02	TCFST13
TCFST05	TCFST13
TCFST01	TCFST13
TCFST10	TCFST13
MRIU11	CDCRNC13
MRIU12	CDCRNC13
MRIU13	CDCRNC13
MRIU14	CDCRNC13
MRIU15	CDCRNC13
ALK13A	ALKH2013
ALK13B	ALKH2013
ALK13C	ALKH2013
ALK13D	ALKH2013
ALK13E	ALKH2013
ALK13F	ALKH2013
ALK13H	ALKH2013
ALK13G	ALKH2013
PPNUM	COOK39
PPTEST	COOK39
PPLUCKY	COOK39
PPXOR	COOK39
PPTREE	COOK39
STATUES	ACMKAN13
LINEPROB	ACMKAN13
STANDUP	ACMKAN13
CARDINAL	ACMKAN13
CRYPT01	CRPT2013
CRYPT04	CRPT2013
CRYPT07	CRPT2013
CRYPT06	CRPT2013
CRYPT08	CRPT2013
CRYPT02	CRPT2013
CRYPT03	CRPT2013
CRYPT05	CRPT2013
CRYPT09	CRPT2013
PREE01	DSEC2013
PREE02	DSEC2013
PREE04	DSEC2013
PREE05	DSEC2013
PREE06	DSEC2013
PREE03	DSEC2013
GOPR	UVCNCD13
GOPJ	UVCNCD13
PERHIL	UVCNCD13
CTSHT	UVCNCD13
BOTM	UVCNCD13
MAANDI	OCT13
CAOS3	OCT13
ARRGAME2	OCT13
DEG3MAXT	OCT13
FN	OCT13
LEBAMBOO	OCT13
SEATRSF	OCT13
EDSTGRID	OCT13
HELPLIRA	OCT13
KMHAMHA	OCT13
CDWRS03	CODW2013
CDWRS02	CODW2013
CDWRS04	CODW2013
CDWRS05	CODW2013
CDWRS01	CODW2013
CDWRS06	CODW2013
XAIR	CDCL2013
XLIFE	CDCL2013
MPAIR	CDCL2013
BANPS	CDCL2013
MPROB	CDCL2013
CHMAGIC	LTIME04
CHGIFT1	LTIME04
CHXORR	LTIME04
CHITHH	LTIME04
LOGIC1	LGCD2013
LOGIC2	LGCD2013
LOGIC3	LGCD2013
LOGIC4	LGCD2013
LOGIC5	LGCD2013
LOGIC6	LGCD2013
CWAR1	CDWR2013
CZIP3	CDWR2013
FACTCN	CDWR2013
GPRIME	CDWR2013
ESYPROB	CDWR2013
INS03	INSM2013
INS01	INSM2013
ELOHB	INSM2013
JETSONS	INSM2013
MONTU	INSM2013
INS02	INSM2013
INS05	INSM2013
CAOS1	SEPT13
SPOONS	SEPT13
LEEXAMS	SEPT13
TMP01	SEPT13
TWOROADS	SEPT13
MLCHEF	SEPT13
COOLGUYS	SEPT13
CAOS2	SEPT13
INTEG	SEPT13
SEASNAKE	SEPT13
CREDCJ1	CLASH13
CREDCJ2	CLASH13
CREDCJ3	CLASH13
CREDCJ4	CLASH13
CREDCS1	CLASH13
CREDCS2	CLASH13
CREDCS3	CLASH13
AND	LTIME03
MATRIX2	LTIME03
SORTING	LTIME03
ROUTES	LTIME03
MAXCOMB	BTCD2013
SCNDWAR	BTCD2013
PRSN	BTCD2013
CNG	BTCD2013
FMAP	BTCD2013
PLAYNUM	BTCD2013
SPLCND	BTCD2013
MAGSTK	BTCD2013
RANBOT	BTCD2013
DIFBMB	BTCD2013
PC01	PRCN2013
PC04	PRCN2013
PC02	PRCN2013
PC03	PRCN2013
PC05	PRCN2013
DELNMS	AUG13
SEABAL	AUG13
CNTSOLS	AUG13
LYRC	AUG13
CHMOD	AUG13
PRIMEDST	AUG13
LELEMON	AUG13
SHIRO	AUG13
SPCANDY	AUG13
HELLO	AUG13
COOKFOOD	LTIME02
TRIPCOST	LTIME02
COINCHNG	LTIME02
TANGLED	LTIME02
TASUFFIX	COOK36
TAAPLUSB	COOK36
TACHEMIS	COOK36
TACHSTCK	COOK36
TAACUTE	COOK36
RIVPILE	JULY13
NPIN	JULY13
MOU1H	JULY13
GALACTIK	JULY13
PROB	JULY13
FARASA	JULY13
CHRECT	JULY13
KPRIME	JULY13
SEASOR	JULY13
CIRKILL	JULY13
COUPON	LTIME01
NUMFACT	LTIME01
GRTRIP	LTIME01
TASTYD	LTIME01
CHAORNOT	JUNE13
DELISH	JUNE13
LEMOUSE	JUNE13
PERMUTE	JUNE13
COLLECT	JUNE13
SPMATRIX	JUNE13
WSTRING	JUNE13
PREDICT	JUNE13
TKCONVEX	JUNE13
LAPIN	JUNE13
AMROOK	COOK34
AMXOR	COOK34
AMSGAME1	COOK34
AMSGAME2	COOK34
AMSEQT	COOK34
QTREE	MAY13
WITMATH	MAY13
FTRIP	MAY13
NAME1	MAY13
NAME2	MAY13
JUNONGF	MAY13
MSTICK	MAY13
CPP	MAY13
CHALENGE	MAY13
TREE	MAY13
IIITBH10	CDNB2013
IIITBH11	CDNB2013
IIITBH13	CDNB2013
IIITBH14	CDNB2013
DISHANAM	KDAT2013
DEVILNUM	KDAT2013
CLUSTER	KDAT2013
DISTQUER	KDAT2013
RECNAME	KDAT2013
WGHTLIF	KDAT2013
CHEFREST	KDAT2013
CHEFSTR	KDAT2013
DECRYPT	KDAT2013
PT1	PROM2013
PT2	PROM2013
PT3	PROM2013
PT4	PROM2013
PT5	PROM2013
PT6	PROM2013
PT7	PROM2013
PT8	PROM2013
COADIES1	CODS2013
COADIES2	CODS2013
COADIES3	CODS2013
COADIES4	CODS2013
COADIES5	CODS2013
MAXDIFF	APRIL13
KINGCON	APRIL13
FCBARCA	APRIL13
CHEFGAME	APRIL13
LEMUSIC	APRIL13
STRQUERY	APRIL13
LEVY	APRIL13
CYLINDER	APRIL13
INVBINCF	APRIL13
FAULT	APRIL13
I13TPG	INST2013
I13EAF	INST2013
I13TS	INST2013
I13BL	INST2013
I13POF	INST2013
CDZ1301	INVS2013
CDZ1302	INVS2013
CDZ1303	INVS2013
CDZ1304	INVS2013
CDZ1305	INVS2013
CONTWORD	OVRN2013
CATCH	OVRN2013
RECRUIT	OVRN2013
MISSILE	OVRN2013
DOTA	OVRN2013
IITI11	DBYZ2013
IITI10	DBYZ2013
IITI09	DBYZ2013
IITI08	DBYZ2013
IITI07	DBYZ2013
IITI06	DBYZ2013
TNMALG01	ALGT2013
TNMALG03	ALGT2013
TNMALG04	ALGT2013
TNMALG05	ALGT2013
TNMALG07	ALGT2013
TNMALG06	ALGT2013
TNMALG02	ALGT2013
NITA02	BTFR2013
NITA05	BTFR2013
NITA06	BTFR2013
NITA04	BTFR2013
NITA07	BTFR2013
NITA09	BTFR2013
NITA10	BTFR2013
NITA11	BTFR2013
NITA13	BTFR2013
NITA12	BTFR2013
IOPC13A	IOPC2013
IOPC13B	IOPC2013
IOPC13C	IOPC2013
IOPC13D	IOPC2013
IOPC13E	IOPC2013
IOPC13F	IOPC2013
IOPC13G	IOPC2013
IOPC13H	IOPC2013
IOPC13I	IOPC2013
IOPC13J	IOPC2013
IOPC13K	IOPC2013
IOPC13L	IOPC2013
IOPC13M	IOPC2013
IOPC13N	IOPC2013
IOPC13O	IOPC2013
IOPC13P	IOPC2013
IOPC13Q	IOPC2013
IOPC13R	IOPC2013
IOPC13S	IOPC2013
P1310	CDNC2013
P1311	CDNC2013
P1312	CDNC2013
P1309	CDNC2013
P1314	CDNC2013
P1313	CDNC2013
P1315	CDNC2013
P1316	CDNC2013
FIRESC	MARCH13
LONGART	MARCH13
APPROX	MARCH13
RDF	MARCH13
SUBTREE	MARCH13
CHANGE	MARCH13
TOTR	MARCH13
MINESWPR	MARCH13
ZENCALC	MARCH13
LECOINS	MARCH13
CDOLP1	CDOL2013
CDOLP2	CDOL2013
CDOLP3	CDOL2013
CDOLP4	CDOL2013
CDOLP5	CDOL2013
DMNOS	OBFS2013
CLRT	OBFS2013
MAGFTS	OBFS2013
AWAPP	OBFS2013
LUCKPOLO	TCSG2013
HCAKE	TCSG2013
STRONG	TCSG2013
ALMOSTPR	TCSG2013
DISCOUNT	TCSG2013
EXEBIT01	EXBT2013
EXEBIT02	EXBT2013
EXEBIT03	EXBT2013
EXEBIT04	EXBT2013
EXEBIT05	EXBT2013
RBXINT1	INCD2013
RBXINT2	INCD2013
RBXINT3	INCD2013
RBXINT4	INCD2013
CRNM1301	CRNM2013
CRNM1302	CRNM2013
CRNM1303	CRNM2013
CRNM1304	CRNM2013
CRNM1305	CRNM2013
CRNM1306	CRNM2013
CRNM1307	CRNM2013
DS5	DSPF2013
DS7	DSPF2013
DS18	DSPF2013
DS15	DSPF2013
DS8	DSPF2013
DS19	DSPF2013
BYTESA	BYTS2013
BYTESB	BYTS2013
BYTESC	BYTS2013
BYTESD	BYTS2013
BYTESE	BYTS2013
BYTESF	BYTS2013
BYTESG	BYTS2013
BYTESH	BYTS2013
P1301	PRST2013
P1304	PRST2013
P1306	PRST2013
P1308	PRST2013
P1303	PRST2013
PRMARTH	TCSP2013
SMPX	TCSP2013
BGSM	TCSP2013
GSHUFF	TCSP2013
NPRM	TCSP2013
BUY1GET1	FEB13
EFFPAINT	FEB13
LECARDS	FEB13
TESTERS	FEB13
QUERY	FEB13
TRIQUERY	FEB13
MBOARD	FEB13
CLMBSTRS	FEB13
WPLAY	FEB13
ROC	FEB13
SVEARTH	OVNT2012
GNUMBER	OVNT2012
BSCOUT	OVNT2012
CHOCOAL	OVNT2012
ALIENC	OVNT2012
CIELDIST	COOK30
MANYCHEF	COOK30
DEFACING	COOK30
AVDWAST	COOK30
CIELKARA	COOK30
SALARY	JAN13
LEALCO	JAN13
CVOTE	JAN13
CHEFHACK	JAN13
DIVPRO	JAN13
KILOWHAT	JAN13
ANDOOR	JAN13
CUCUMBER	JAN13
THREEDIF	JAN13
HOB	JAN13
GRIDGAME	COOK29
EXGCD	COOK29
TREEROOT	COOK29
MUFFINS3	COOK29
DIRECTI	COOK29
GRANAMA	DEC12
SEREJA	DEC12
ARIGEOM	DEC12
QPOLYSUM	DEC12
WORDNINJ	DEC12
DIFTRIP	DEC12
MGCRNK	DEC12
BEX	DEC12
CNTWAYS	DEC12
LEDIV	COOK28
LEMAGIC	COOK28
LEPAPER	COOK28
LELUCKYN	COOK28
LEPERMUT	COOK28
TF01	ZERO1
TF02	ZERO1
TF03	ZERO1
TF04	ZERO1
TF05	ZERO1
TF06	ZERO1
NI01	ACMKGP12
NI02	ACMKGP12
NI03	ACMKGP12
NI04	ACMKGP12
NI05	ACMKGP12
GESCAPE	CDWV2012
TENNCLUM	CDWV2012
TOYSGAME	CDWV2012
BERRY	CDWV2012
DISHMIX	CDWV2012
CANDYPK	CDWV2012
EGYPTFRA	ACMKAN12
PARKWOE	ACMKAN12
CYCLIST	ACMKAN12
PRESTI	ACMKAN12
CONFLIP	NOV12
MANYLEFT	NOV12
DDISH	NOV12
CBARS	NOV12
TOURMAP	NOV12
CANDYGAM	NOV12
JABO	NOV12
MARTARTS	NOV12
COUNTARI	NOV12
LUCKY9	NOV12
BPHC01	CODW2012
BPHC02	CODW2012
BPHC03	CODW2012
BPHC04	CODW2012
BUYING2	COOK27
EQUALIZ	COOK27
REARRAN	COOK27
TOURNAM	COOK27
TREEFUN	COOK27
DRGNBOOL	OCT12
NEWSCH	OCT12
MAXCOMP	OCT12
DIAMOND	OCT12
MAXRECT	OCT12
BMASTER	OCT12
LUCKY10	OCT12
TEAMSIZE	OCT12
CIELHACK	OCT12
MAXCIR	OCT12
IGNITE	ALKH2012
NMAGIC	ALKH2012
DIFFV	ALKH2012
STRRMQ	ALKH2012
CRAZYBOB	ALKH2012
ALK01	ALKH2012
DEADSHOT	ALKH2012
ICEFIRE	ALKH2012
EQCANDY	ALKH2012
MPREF	ALKH2012
TSX01	TCSN2012
TSX02	TCSN2012
TSX03	TCSN2012
TSX04	TCSN2012
TSX05	TCSN2012
\.


--
-- Name: contest contest_pkey; Type: CONSTRAINT; Schema: public; Owner: nandeesh
--

ALTER TABLE ONLY public.contest
    ADD CONSTRAINT contest_pkey PRIMARY KEY (code);


--
-- Name: problem problem_pkey; Type: CONSTRAINT; Schema: public; Owner: nandeesh
--

ALTER TABLE ONLY public.problem
    ADD CONSTRAINT problem_pkey PRIMARY KEY (code);


--
-- PostgreSQL database dump complete
--

